name,bytes,creation_utc,stage
class.txt,169,2026-08-22 04:51:48.747000,metadata
data_test/data_test/VIS/1009.png,4063681,2026-08-22 04:52:04.429000,test
data_test/data_test/VIS/1019.png,3477928,2026-08-22 04:52:04.431000,test
data_test/data_test/VIS/1026.png,3856240,2026-08-22 04:52:04.515000,test
data_test/data_test/VIS/1027.png,3943107,2026-08-22 04:52:04.541000,test
data_test/data_test/VIS/103.png,3880225,2026-08-22 04:52:04.614000,test
data_test/data_test/VIS/1033.png,2814823,2026-08-22 04:52:04.584000,test
data_test/data_test/VIS/1040.png,3951574,2026-08-22 04:52:04.648000,test
data_test/data_test/VIS/1046.png,3738329,2026-08-22 04:52:04.648000,test
data_test/data_test/VIS/1048.png,3846539,2026-08-22 04:52:04.698000,test
data_test/data_test/VIS/105.png,3592352,2026-08-22 04:52:04.724000,test
data_test/data_test/VIS/1050.png,3943423,2026-08-22 04:52:04.755000,test
data_test/data_test/VIS/1056.png,4144737,2026-08-22 04:52:04.818000,test
data_test/data_test/VIS/1059.png,3903671,2026-08-22 04:52:04.849000,test
data_test/data_test/VIS/1078.png,3864440,2026-08-22 04:52:04.894000,test
data_test/data_test/VIS/1081.png,3279606,2026-08-22 04:52:04.945000,test
data_test/data_test/VIS/1083.png,4087881,2026-08-22 04:52:04.995000,test
data_test/data_test/VIS/1085.png,4063506,2026-08-22 04:52:05.111000,test
data_test/data_test/VIS/1086.png,3670002,2026-08-22 04:52:05.048000,test
data_test/data_test/VIS/1087.png,3904013,2026-08-22 04:52:05.095000,test
data_test/data_test/VIS/109.png,3759119,2026-08-22 04:52:05.099000,test
data_test/data_test/VIS/1095.png,3856708,2026-08-22 04:52:05.175000,test
data_test/data_test/VIS/1098.png,4039540,2026-08-22 04:52:05.204000,test
data_test/data_test/VIS/1100.png,3875177,2026-08-22 04:52:05.242000,test
data_test/data_test/VIS/1103.png,4046774,2026-08-22 04:52:05.304000,test
data_test/data_test/VIS/1113.png,3943107,2026-08-22 04:52:05.357000,test
data_test/data_test/VIS/1117.png,3872412,2026-08-22 04:52:05.383000,test
data_test/data_test/VIS/1127.png,4104221,2026-08-22 04:52:05.448000,test
data_test/data_test/VIS/1133.png,4128274,2026-08-22 04:52:05.502000,test
data_test/data_test/VIS/1139.png,4153010,2026-08-22 04:52:05.545000,test
data_test/data_test/VIS/114.png,4103712,2026-08-22 04:52:05.581000,test
data_test/data_test/VIS/1144.png,4062682,2026-08-22 04:52:05.614000,test
data_test/data_test/VIS/1148.png,3919705,2026-08-22 04:52:05.683000,test
data_test/data_test/VIS/1150.png,3837655,2026-08-22 04:52:05.703000,test
data_test/data_test/VIS/1151.png,3872124,2026-08-22 04:52:05.732000,test
data_test/data_test/VIS/1153.png,4103712,2026-08-22 04:52:05.786000,test
data_test/data_test/VIS/1156.png,4104276,2026-08-22 04:52:05.835000,test
data_test/data_test/VIS/1178.png,3745925,2026-08-22 04:52:05.863000,test
data_test/data_test/VIS/1179.png,3926420,2026-08-22 04:52:05.926000,test
data_test/data_test/VIS/1180.png,3770548,2026-08-22 04:52:06.010000,test
data_test/data_test/VIS/1186.png,3872412,2026-08-22 04:52:06.009000,test
data_test/data_test/VIS/1189.png,4007461,2026-08-22 04:52:06.050000,test
data_test/data_test/VIS/1191.png,4103712,2026-08-22 04:52:06.113000,test
data_test/data_test/VIS/120.png,3616438,2026-08-22 04:52:06.165000,test
data_test/data_test/VIS/1201.png,3880021,2026-08-22 04:52:06.195000,test
data_test/data_test/VIS/1207.png,4063461,2026-08-22 04:52:06.246000,test
data_test/data_test/VIS/1211.png,4161145,2026-08-22 04:52:06.301000,test
data_test/data_test/VIS/1214.png,3716422,2026-08-22 04:52:06.375000,test
data_test/data_test/VIS/1216.png,4047616,2026-08-22 04:52:06.401000,test
data_test/data_test/VIS/1218.png,3587912,2026-08-22 04:52:06.439000,test
data_test/data_test/VIS/1225.png,3754558,2026-08-22 04:52:06.483000,test
data_test/data_test/VIS/1226.png,3706085,2026-08-22 04:52:06.520000,test
data_test/data_test/VIS/1233.png,4039540,2026-08-22 04:52:06.592000,test
data_test/data_test/VIS/124.png,3935406,2026-08-22 04:52:06.609000,test
data_test/data_test/VIS/1241.png,4039590,2026-08-22 04:52:06.654000,test
data_test/data_test/VIS/1248.png,4202180,2026-08-22 04:52:06.714000,test
data_test/data_test/VIS/1250.png,3927329,2026-08-22 04:52:06.779000,test
data_test/data_test/VIS/1254.png,4055556,2026-08-22 04:52:06.789000,test
data_test/data_test/VIS/1255.png,4047644,2026-08-22 04:52:06.844000,test
data_test/data_test/VIS/1256.png,3856524,2026-08-22 04:52:06.886000,test
data_test/data_test/VIS/1269.png,3840804,2026-08-22 04:52:06.928000,test
data_test/data_test/VIS/1278.png,4087996,2026-08-22 04:52:07.002000,test
data_test/data_test/VIS/1280.png,3568983,2026-08-22 04:52:07.013000,test
data_test/data_test/VIS/1281.png,4038602,2026-08-22 04:52:07.080000,test
data_test/data_test/VIS/1284.png,3919631,2026-08-22 04:52:07.145000,test
data_test/data_test/VIS/1285.png,3959531,2026-08-22 04:52:07.142000,test
data_test/data_test/VIS/129.png,4087864,2026-08-22 04:52:07.249000,test
data_test/data_test/VIS/1290.png,3959527,2026-08-22 04:52:07.271000,test
data_test/data_test/VIS/1293.png,3927611,2026-08-22 04:52:07.332000,test
data_test/data_test/VIS/1296.png,4054478,2026-08-22 04:52:07.359000,test
data_test/data_test/VIS/1301.png,3692765,2026-08-22 04:52:07.405000,test
data_test/data_test/VIS/1302.png,3864440,2026-08-22 04:52:07.480000,test
data_test/data_test/VIS/1303.png,4023181,2026-08-22 04:52:07.483000,test
data_test/data_test/VIS/1307.png,4013706,2026-08-22 04:52:07.531000,test
data_test/data_test/VIS/1312.png,3942628,2026-08-22 04:52:07.544000,test
data_test/data_test/VIS/1315.png,4161145,2026-08-22 04:52:07.634000,test
data_test/data_test/VIS/1317.png,3856524,2026-08-22 04:52:07.693000,test
data_test/data_test/VIS/1318.png,4062682,2026-08-22 04:52:07.764000,test
data_test/data_test/VIS/1319.png,3988806,2026-08-22 04:52:07.790000,test
data_test/data_test/VIS/1322.png,3872236,2026-08-22 04:52:07.823000,test
data_test/data_test/VIS/1323.png,3856568,2026-08-22 04:52:07.848000,test
data_test/data_test/VIS/1326.png,4023508,2026-08-22 04:52:07.919000,test
data_test/data_test/VIS/1327.png,3854608,2026-08-22 04:52:07.954000,test
data_test/data_test/VIS/1328.png,4055618,2026-08-22 04:52:08.046000,test
data_test/data_test/VIS/1333.png,3983471,2026-08-22 04:52:08.107000,test
data_test/data_test/VIS/1342.png,3998852,2026-08-22 04:52:08.127000,test
data_test/data_test/VIS/1346.png,4054478,2026-08-22 04:52:08.159000,test
data_test/data_test/VIS/1350.png,4023508,2026-08-22 04:52:08.225000,test
data_test/data_test/VIS/1359.png,2939164,2026-08-22 04:52:08.228000,test
data_test/data_test/VIS/136.png,4095503,2026-08-22 04:52:08.284000,test
data_test/data_test/VIS/1364.png,4023557,2026-08-22 04:52:08.333000,test
data_test/data_test/VIS/1365.png,3967059,2026-08-22 04:52:08.382000,test
data_test/data_test/VIS/137.png,4161145,2026-08-22 04:52:08.485000,test
data_test/data_test/VIS/1375.png,3593362,2026-08-22 04:52:08.462000,test
data_test/data_test/VIS/1380.png,3760038,2026-08-22 04:52:08.513000,test
data_test/data_test/VIS/1382.png,4103712,2026-08-22 04:52:08.580000,test
data_test/data_test/VIS/1387.png,3998970,2026-08-22 04:52:08.589000,test
data_test/data_test/VIS/1393.png,3959195,2026-08-22 04:52:08.623000,test
data_test/data_test/VIS/1397.png,3677185,2026-08-22 04:52:08.645000,test
data_test/data_test/VIS/1399.png,4023111,2026-08-22 04:52:08.719000,test
data_test/data_test/VIS/14.png,3991364,2026-08-22 04:52:08.753000,test
data_test/data_test/VIS/1404.png,3782199,2026-08-22 04:52:08.788000,test
data_test/data_test/VIS/1407.png,3832716,2026-08-22 04:52:08.828000,test
data_test/data_test/VIS/1409.png,3927014,2026-08-22 04:52:08.862000,test
data_test/data_test/VIS/1418.png,4079875,2026-08-22 04:52:08.916000,test
data_test/data_test/VIS/1426.png,4088005,2026-08-22 04:52:09.009000,test
data_test/data_test/VIS/1428.png,3983292,2026-08-22 04:52:08.967000,test
data_test/data_test/VIS/1429.png,4161145,2026-08-22 04:52:09.058000,test
data_test/data_test/VIS/1453.png,4031520,2026-08-22 04:52:09.057000,test
data_test/data_test/VIS/1454.png,4063461,2026-08-22 04:52:09.124000,test
data_test/data_test/VIS/1456.png,3899673,2026-08-22 04:52:09.149000,test
data_test/data_test/VIS/1457.png,3959447,2026-08-22 04:52:09.207000,test
data_test/data_test/VIS/1458.png,3848761,2026-08-22 04:52:09.195000,test
data_test/data_test/VIS/1463.png,4104208,2026-08-22 04:52:09.257000,test
data_test/data_test/VIS/1466.png,3440896,2026-08-22 04:52:09.288000,test
data_test/data_test/VIS/1473.png,3829579,2026-08-22 04:52:09.315000,test
data_test/data_test/VIS/1474.png,4103712,2026-08-22 04:52:09.414000,test
data_test/data_test/VIS/1480.png,3691776,2026-08-22 04:52:09.368000,test
data_test/data_test/VIS/1481.png,4023508,2026-08-22 04:52:09.461000,test
data_test/data_test/VIS/1498.png,3613948,2026-08-22 04:52:09.488000,test
data_test/data_test/VIS/1499.png,3779826,2026-08-22 04:52:09.512000,test
data_test/data_test/VIS/1510.png,3943067,2026-08-22 04:52:09.517000,test
data_test/data_test/VIS/1516.png,3950885,2026-08-22 04:52:09.592000,test
data_test/data_test/VIS/1520.png,4095503,2026-08-22 04:52:09.602000,test
data_test/data_test/VIS/1524.png,2932464,2026-08-22 04:52:09.643000,test
data_test/data_test/VIS/153.png,3927646,2026-08-22 04:52:09.703000,test
data_test/data_test/VIS/1540.png,3951291,2026-08-22 04:52:09.719000,test
data_test/data_test/VIS/1549.png,3785690,2026-08-22 04:52:09.809000,test
data_test/data_test/VIS/1552.png,3716452,2026-08-22 04:52:09.799000,test
data_test/data_test/VIS/1561.png,3927611,2026-08-22 04:52:09.840000,test
data_test/data_test/VIS/1571.png,3896062,2026-08-22 04:52:09.871000,test
data_test/data_test/VIS/1574.png,3848268,2026-08-22 04:52:09.918000,test
data_test/data_test/VIS/1576.png,4031289,2026-08-22 04:52:09.951000,test
data_test/data_test/VIS/1584.png,4103712,2026-08-22 04:52:09.968000,test
data_test/data_test/VIS/1587.png,3856024,2026-08-22 04:52:10.021000,test
data_test/data_test/VIS/1593.png,4103712,2026-08-22 04:52:10.054000,test
data_test/data_test/VIS/1594.png,3982782,2026-08-22 04:52:10.094000,test
data_test/data_test/VIS/1600.png,4144737,2026-08-22 04:52:10.151000,test
data_test/data_test/VIS/1603.png,4103712,2026-08-22 04:52:10.194000,test
data_test/data_test/VIS/1615.png,4079095,2026-08-22 04:52:10.203000,test
data_test/data_test/VIS/1616.png,3847264,2026-08-22 04:52:10.235000,test
data_test/data_test/VIS/1620.png,3856524,2026-08-22 04:52:10.287000,test
data_test/data_test/VIS/1624.png,4039386,2026-08-22 04:52:10.320000,test
data_test/data_test/VIS/1632.png,3991319,2026-08-22 04:52:10.366000,test
data_test/data_test/VIS/1638.png,3820927,2026-08-22 04:52:10.400000,test
data_test/data_test/VIS/1643.png,3855528,2026-08-22 04:52:10.426000,test
data_test/data_test/VIS/1645.png,3911834,2026-08-22 04:52:10.466000,test
data_test/data_test/VIS/1651.png,3848228,2026-08-22 04:52:10.516000,test
data_test/data_test/VIS/1656.png,3151651,2026-08-22 04:52:10.518000,test
data_test/data_test/VIS/1658.png,3675313,2026-08-22 04:52:10.573000,test
data_test/data_test/VIS/1659.png,4038070,2026-08-22 04:52:10.617000,test
data_test/data_test/VIS/1662.png,3967511,2026-08-22 04:52:10.657000,test
data_test/data_test/VIS/1666.png,3853812,2026-08-22 04:52:10.685000,test
data_test/data_test/VIS/1673.png,4153006,2026-08-22 04:52:10.774000,test
data_test/data_test/VIS/1678.png,3815223,2026-08-22 04:52:10.774000,test
data_test/data_test/VIS/1684.png,3888181,2026-08-22 04:52:10.806000,test
data_test/data_test/VIS/1686.png,3934258,2026-08-22 04:52:10.815000,test
data_test/data_test/VIS/169.png,4088005,2026-08-22 04:52:10.888000,test
data_test/data_test/VIS/1690.png,4079925,2026-08-22 04:52:10.936000,test
data_test/data_test/VIS/1692.png,4047644,2026-08-22 04:52:10.949000,test
data_test/data_test/VIS/1693.png,3878745,2026-08-22 04:52:10.992000,test
data_test/data_test/VIS/1702.png,3951151,2026-08-22 04:52:11.024000,test
data_test/data_test/VIS/1706.png,4079462,2026-08-22 04:52:11.088000,test
data_test/data_test/VIS/1718.png,4079947,2026-08-22 04:52:11.107000,test
data_test/data_test/VIS/1719.png,3951574,2026-08-22 04:52:11.170000,test
data_test/data_test/VIS/1726.png,3636295,2026-08-22 04:52:11.192000,test
data_test/data_test/VIS/1730.png,4023512,2026-08-22 04:52:11.239000,test
data_test/data_test/VIS/1732.png,4039540,2026-08-22 04:52:11.284000,test
data_test/data_test/VIS/1737.png,4136533,2026-08-22 04:52:11.331000,test
data_test/data_test/VIS/174.png,3856494,2026-08-22 04:52:11.367000,test
data_test/data_test/VIS/1740.png,3974441,2026-08-22 04:52:11.419000,test
data_test/data_test/VIS/1743.png,3999467,2026-08-22 04:52:11.472000,test
data_test/data_test/VIS/175.png,4046274,2026-08-22 04:52:11.505000,test
data_test/data_test/VIS/1751.png,3616020,2026-08-22 04:52:11.521000,test
data_test/data_test/VIS/1752.png,4007411,2026-08-22 04:52:11.548000,test
data_test/data_test/VIS/1764.png,3887741,2026-08-22 04:52:11.584000,test
data_test/data_test/VIS/1769.png,3758067,2026-08-22 04:52:11.662000,test
data_test/data_test/VIS/1775.png,3831847,2026-08-22 04:52:11.646000,test
data_test/data_test/VIS/1779.png,4054478,2026-08-22 04:52:11.690000,test
data_test/data_test/VIS/1780.png,3882701,2026-08-22 04:52:11.758000,test
data_test/data_test/VIS/1783.png,3997040,2026-08-22 04:52:11.765000,test
data_test/data_test/VIS/1791.png,3880077,2026-08-22 04:52:11.807000,test
data_test/data_test/VIS/1796.png,3840047,2026-08-22 04:52:11.858000,test
data_test/data_test/VIS/18.png,3778398,2026-08-22 04:52:11.870000,test
data_test/data_test/VIS/180.png,4103712,2026-08-22 04:52:11.965000,test
data_test/data_test/VIS/1802.png,4103712,2026-08-22 04:52:11.944000,test
data_test/data_test/VIS/1809.png,4015491,2026-08-22 04:52:12.008000,test
data_test/data_test/VIS/1810.png,4112356,2026-08-22 04:52:12.052000,test
data_test/data_test/VIS/1811.png,3904013,2026-08-22 04:52:12.066000,test
data_test/data_test/VIS/1812.png,3919705,2026-08-22 04:52:12.117000,test
data_test/data_test/VIS/1816.png,3919477,2026-08-22 04:52:12.164000,test
data_test/data_test/VIS/1817.png,3999020,2026-08-22 04:52:12.176000,test
data_test/data_test/VIS/1826.png,3943626,2026-08-22 04:52:12.234000,test
data_test/data_test/VIS/1827.png,3846564,2026-08-22 04:52:12.259000,test
data_test/data_test/VIS/1828.png,4104216,2026-08-22 04:52:12.327000,test
data_test/data_test/VIS/1838.png,3895701,2026-08-22 04:52:12.348000,test
data_test/data_test/VIS/1849.png,3959390,2026-08-22 04:52:12.391000,test
data_test/data_test/VIS/1850.png,3975431,2026-08-22 04:52:12.452000,test
data_test/data_test/VIS/1851.png,4103712,2026-08-22 04:52:12.474000,test
data_test/data_test/VIS/1854.png,4039402,2026-08-22 04:52:12.506000,test
data_test/data_test/VIS/1864.png,4103712,2026-08-22 04:52:12.565000,test
data_test/data_test/VIS/1867.png,3213900,2026-08-22 04:52:12.582000,test
data_test/data_test/VIS/188.png,3958815,2026-08-22 04:52:12.651000,test
data_test/data_test/VIS/1881.png,3833117,2026-08-22 04:52:12.675000,test
data_test/data_test/VIS/1887.png,3872356,2026-08-22 04:52:12.719000,test
data_test/data_test/VIS/190.png,3714312,2026-08-22 04:52:12.754000,test
data_test/data_test/VIS/1906.png,3911934,2026-08-22 04:52:12.788000,test
data_test/data_test/VIS/1912.png,4054946,2026-08-22 04:52:12.858000,test
data_test/data_test/VIS/1917.png,3684201,2026-08-22 04:52:12.871000,test
data_test/data_test/VIS/1919.png,3658495,2026-08-22 04:52:12.882000,test
data_test/data_test/VIS/1921.png,3872356,2026-08-22 04:52:13.010000,test
data_test/data_test/VIS/1922.png,3887041,2026-08-22 04:52:12.991000,test
data_test/data_test/VIS/1924.png,3864440,2026-08-22 04:52:13.045000,test
data_test/data_test/VIS/1925.png,4161145,2026-08-22 04:52:13.064000,test
data_test/data_test/VIS/1926.png,4088005,2026-08-22 04:52:13.103000,test
data_test/data_test/VIS/1928.png,3870976,2026-08-22 04:52:13.172000,test
data_test/data_test/VIS/1931.png,3999476,2026-08-22 04:52:13.175000,test
data_test/data_test/VIS/1933.png,3975431,2026-08-22 04:52:13.248000,test
data_test/data_test/VIS/1936.png,4071335,2026-08-22 04:52:13.256000,test
data_test/data_test/VIS/194.png,3903056,2026-08-22 04:52:13.312000,test
data_test/data_test/VIS/1952.png,3888181,2026-08-22 04:52:13.351000,test
data_test/data_test/VIS/1957.png,3935682,2026-08-22 04:52:13.386000,test
data_test/data_test/VIS/1961.png,4096077,2026-08-22 04:52:13.454000,test
data_test/data_test/VIS/1964.png,3911646,2026-08-22 04:52:13.473000,test
data_test/data_test/VIS/1967.png,3943558,2026-08-22 04:52:13.525000,test
data_test/data_test/VIS/1973.png,3997040,2026-08-22 04:52:13.531000,test
data_test/data_test/VIS/1982.png,3983292,2026-08-22 04:52:13.583000,test
data_test/data_test/VIS/1985.png,3935406,2026-08-22 04:52:13.580000,test
data_test/data_test/VIS/1987.png,4128274,2026-08-22 04:52:13.667000,test
data_test/data_test/VIS/1993.png,3951474,2026-08-22 04:52:13.684000,test
data_test/data_test/VIS/1994.png,4128324,2026-08-22 04:52:13.743000,test
data_test/data_test/VIS/1996.png,4144737,2026-08-22 04:52:13.769000,test
data_test/data_test/VIS/2001.png,4031244,2026-08-22 04:52:13.840000,test
data_test/data_test/VIS/2011.png,4161145,2026-08-22 04:52:13.849000,test
data_test/data_test/VIS/2014.png,4104161,2026-08-22 04:52:13.923000,test
data_test/data_test/VIS/2024.png,3903353,2026-08-22 04:52:13.923000,test
data_test/data_test/VIS/2025.png,4128494,2026-08-22 04:52:13.961000,test
data_test/data_test/VIS/2029.png,3927646,2026-08-22 04:52:14.014000,test
data_test/data_test/VIS/2030.png,3943603,2026-08-22 04:52:14.042000,test
data_test/data_test/VIS/2036.png,3585296,2026-08-22 04:52:14.092000,test
data_test/data_test/VIS/2037.png,3801734,2026-08-22 04:52:14.144000,test
data_test/data_test/VIS/2042.png,3662091,2026-08-22 04:52:14.213000,test
data_test/data_test/VIS/2043.png,3872412,2026-08-22 04:52:14.207000,test
data_test/data_test/VIS/2049.png,3411239,2026-08-22 04:52:14.242000,test
data_test/data_test/VIS/2050.png,4047544,2026-08-22 04:52:14.272000,test
data_test/data_test/VIS/2056.png,3942056,2026-08-22 04:52:14.337000,test
data_test/data_test/VIS/2062.png,4088051,2026-08-22 04:52:14.364000,test
data_test/data_test/VIS/2066.png,3828559,2026-08-22 04:52:14.408000,test
data_test/data_test/VIS/2069.png,3959195,2026-08-22 04:52:14.446000,test
data_test/data_test/VIS/2073.png,4046274,2026-08-22 04:52:14.510000,test
data_test/data_test/VIS/208.png,3983188,2026-08-22 04:52:14.507000,test
data_test/data_test/VIS/2085.png,3476944,2026-08-22 04:52:14.536000,test
data_test/data_test/VIS/2088.png,4007461,2026-08-22 04:52:14.580000,test
data_test/data_test/VIS/2090.png,3999467,2026-08-22 04:52:14.654000,test
data_test/data_test/VIS/2093.png,3935473,2026-08-22 04:52:14.654000,test
data_test/data_test/VIS/2095.png,3991460,2026-08-22 04:52:14.742000,test
data_test/data_test/VIS/21.png,3983443,2026-08-22 04:52:14.755000,test
data_test/data_test/VIS/2102.png,3887881,2026-08-22 04:52:14.820000,test
data_test/data_test/VIS/2106.png,3918970,2026-08-22 04:52:14.868000,test
data_test/data_test/VIS/2108.png,4047181,2026-08-22 04:52:14.890000,test
data_test/data_test/VIS/2119.png,3848788,2026-08-22 04:52:14.927000,test
data_test/data_test/VIS/2122.png,4161145,2026-08-22 04:52:15.019000,test
data_test/data_test/VIS/2136.png,3824995,2026-08-22 04:52:15.055000,test
data_test/data_test/VIS/2137.png,3999512,2026-08-22 04:52:15.078000,test
data_test/data_test/VIS/2141.png,3831883,2026-08-22 04:52:15.119000,test
data_test/data_test/VIS/215.png,3872236,2026-08-22 04:52:15.170000,test
data_test/data_test/VIS/2151.png,4128600,2026-08-22 04:52:15.208000,test
data_test/data_test/VIS/2169.png,3864440,2026-08-22 04:52:15.237000,test
data_test/data_test/VIS/2171.png,4039357,2026-08-22 04:52:15.285000,test
data_test/data_test/VIS/2172.png,4103712,2026-08-22 04:52:15.320000,test
data_test/data_test/VIS/2176.png,3551497,2026-08-22 04:52:15.356000,test
data_test/data_test/VIS/218.png,4103712,2026-08-22 04:52:15.435000,test
data_test/data_test/VIS/2183.png,4095503,2026-08-22 04:52:15.456000,test
data_test/data_test/VIS/2186.png,3935028,2026-08-22 04:52:15.467000,test
data_test/data_test/VIS/2188.png,3608056,2026-08-22 04:52:15.515000,test
data_test/data_test/VIS/2189.png,3911625,2026-08-22 04:52:15.551000,test
data_test/data_test/VIS/219.png,3959407,2026-08-22 04:52:15.588000,test
data_test/data_test/VIS/2191.png,3654518,2026-08-22 04:52:15.627000,test
data_test/data_test/VIS/2193.png,3903973,2026-08-22 04:52:15.670000,test
data_test/data_test/VIS/2195.png,4104221,2026-08-22 04:52:15.721000,test
data_test/data_test/VIS/2197.png,3967239,2026-08-22 04:52:15.768000,test
data_test/data_test/VIS/2202.png,3903101,2026-08-22 04:52:15.774000,test
data_test/data_test/VIS/2203.png,4039357,2026-08-22 04:52:15.825000,test
data_test/data_test/VIS/2204.png,3894172,2026-08-22 04:52:15.857000,test
data_test/data_test/VIS/2206.png,3872356,2026-08-22 04:52:15.905000,test
data_test/data_test/VIS/2216.png,4128494,2026-08-22 04:52:15.951000,test
data_test/data_test/VIS/2241.png,4031109,2026-08-22 04:52:15.987000,test
data_test/data_test/VIS/2242.png,4031464,2026-08-22 04:52:16.040000,test
data_test/data_test/VIS/2243.png,3705198,2026-08-22 04:52:16.051000,test
data_test/data_test/VIS/2245.png,4055573,2026-08-22 04:52:16.123000,test
data_test/data_test/VIS/2249.png,3943626,2026-08-22 04:52:16.138000,test
data_test/data_test/VIS/2254.png,3817225,2026-08-22 04:52:16.186000,test
data_test/data_test/VIS/226.png,3880225,2026-08-22 04:52:16.202000,test
data_test/data_test/VIS/2261.png,3943626,2026-08-22 04:52:16.280000,test
data_test/data_test/VIS/2267.png,4079507,2026-08-22 04:52:16.305000,test
data_test/data_test/VIS/2270.png,3593824,2026-08-22 04:52:16.346000,test
data_test/data_test/VIS/2278.png,3864393,2026-08-22 04:52:16.378000,test
data_test/data_test/VIS/228.png,3943067,2026-08-22 04:52:16.433000,test
data_test/data_test/VIS/2282.png,4039540,2026-08-22 04:52:16.459000,test
data_test/data_test/VIS/2283.png,3880225,2026-08-22 04:52:16.491000,test
data_test/data_test/VIS/2290.png,4088005,2026-08-22 04:52:16.517000,test
data_test/data_test/VIS/2291.png,4144737,2026-08-22 04:52:16.561000,test
data_test/data_test/VIS/2295.png,3747195,2026-08-22 04:52:16.589000,test
data_test/data_test/VIS/2299.png,3967551,2026-08-22 04:52:16.623000,test
data_test/data_test/VIS/2300.png,3793882,2026-08-22 04:52:16.654000,test
data_test/data_test/VIS/2301.png,3967419,2026-08-22 04:52:16.687000,test
data_test/data_test/VIS/2303.png,4054478,2026-08-22 04:52:16.755000,test
data_test/data_test/VIS/2313.png,4071776,2026-08-22 04:52:16.785000,test
data_test/data_test/VIS/2314.png,4128586,2026-08-22 04:52:16.810000,test
data_test/data_test/VIS/2318.png,3848228,2026-08-22 04:52:16.835000,test
data_test/data_test/VIS/2319.png,3229402,2026-08-22 04:52:16.852000,test
data_test/data_test/VIS/2321.png,4038602,2026-08-22 04:52:16.928000,test
data_test/data_test/VIS/2328.png,3684201,2026-08-22 04:52:16.952000,test
data_test/data_test/VIS/2333.png,4095503,2026-08-22 04:52:17,test
data_test/data_test/VIS/2336.png,3864440,2026-08-22 04:52:17.037000,test
data_test/data_test/VIS/234.png,3951116,2026-08-22 04:52:17.095000,test
data_test/data_test/VIS/2341.png,3967239,2026-08-22 04:52:17.154000,test
data_test/data_test/VIS/2347.png,3864440,2026-08-22 04:52:17.163000,test
data_test/data_test/VIS/2354.png,4039062,2026-08-22 04:52:17.189000,test
data_test/data_test/VIS/2358.png,3998812,2026-08-22 04:52:17.248000,test
data_test/data_test/VIS/237.png,3725891,2026-08-22 04:52:17.223000,test
data_test/data_test/VIS/2371.png,3872356,2026-08-22 04:52:17.255000,test
data_test/data_test/VIS/238.png,4054903,2026-08-22 04:52:17.294000,test
data_test/data_test/VIS/2388.png,3864440,2026-08-22 04:52:17.339000,test
data_test/data_test/VIS/2389.png,3864440,2026-08-22 04:52:17.372000,test
data_test/data_test/VIS/239.png,3888146,2026-08-22 04:52:17.421000,test
data_test/data_test/VIS/2395.png,3707424,2026-08-22 04:52:17.463000,test
data_test/data_test/VIS/2399.png,3786188,2026-08-22 04:52:17.483000,test
data_test/data_test/VIS/2400.png,3806319,2026-08-22 04:52:17.514000,test
data_test/data_test/VIS/2401.png,3739288,2026-08-22 04:52:17.573000,test
data_test/data_test/VIS/2403.png,4103712,2026-08-22 04:52:17.609000,test
data_test/data_test/VIS/2410.png,4047544,2026-08-22 04:52:17.631000,test
data_test/data_test/VIS/242.png,3600048,2026-08-22 04:52:17.647000,test
data_test/data_test/VIS/2423.png,3997040,2026-08-22 04:52:17.664000,test
data_test/data_test/VIS/2426.png,4047366,2026-08-22 04:52:17.718000,test
data_test/data_test/VIS/2427.png,3887741,2026-08-22 04:52:17.774000,test
data_test/data_test/VIS/2433.png,3855528,2026-08-22 04:52:17.794000,test
data_test/data_test/VIS/244.png,4144737,2026-08-22 04:52:17.894000,test
data_test/data_test/VIS/2443.png,3628972,2026-08-22 04:52:17.898000,test
data_test/data_test/VIS/2447.png,3817204,2026-08-22 04:52:17.895000,test
data_test/data_test/VIS/2460.png,3624437,2026-08-22 04:52:17.932000,test
data_test/data_test/VIS/2477.png,3927014,2026-08-22 04:52:17.960000,test
data_test/data_test/VIS/2478.png,3776018,2026-08-22 04:52:18,test
data_test/data_test/VIS/2484.png,3973956,2026-08-22 04:52:18.039000,test
data_test/data_test/VIS/2491.png,3911646,2026-08-22 04:52:18.062000,test
data_test/data_test/VIS/2493.png,4103712,2026-08-22 04:52:18.124000,test
data_test/data_test/VIS/2498.png,3999431,2026-08-22 04:52:18.140000,test
data_test/data_test/VIS/2505.png,4015513,2026-08-22 04:52:18.204000,test
data_test/data_test/VIS/2507.png,3855528,2026-08-22 04:52:18.255000,test
data_test/data_test/VIS/2508.png,3935181,2026-08-22 04:52:18.260000,test
data_test/data_test/VIS/2516.png,3967419,2026-08-22 04:52:18.337000,test
data_test/data_test/VIS/252.png,3855483,2026-08-22 04:52:18.341000,test
data_test/data_test/VIS/2546.png,3755572,2026-08-22 04:52:18.391000,test
data_test/data_test/VIS/2547.png,3950169,2026-08-22 04:52:18.431000,test
data_test/data_test/VIS/2549.png,4169354,2026-08-22 04:52:18.478000,test
data_test/data_test/VIS/2552.png,3743095,2026-08-22 04:52:18.515000,test
data_test/data_test/VIS/2557.png,3903937,2026-08-22 04:52:18.568000,test
data_test/data_test/VIS/2558.png,3919347,2026-08-22 04:52:18.558000,test
data_test/data_test/VIS/2559.png,4088005,2026-08-22 04:52:18.631000,test
data_test/data_test/VIS/2571.png,4062682,2026-08-22 04:52:18.679000,test
data_test/data_test/VIS/2574.png,3939607,2026-08-22 04:52:18.720000,test
data_test/data_test/VIS/2577.png,3991084,2026-08-22 04:52:18.751000,test
data_test/data_test/VIS/258.png,4071776,2026-08-22 04:52:18.788000,test
data_test/data_test/VIS/2584.png,4055573,2026-08-22 04:52:18.839000,test
data_test/data_test/VIS/2588.png,4128274,2026-08-22 04:52:18.883000,test
data_test/data_test/VIS/2590.png,4047616,2026-08-22 04:52:19.063000,test
data_test/data_test/VIS/2593.png,4103712,2026-08-22 04:52:18.955000,test
data_test/data_test/VIS/2594.png,4023388,2026-08-22 04:52:19.009000,test
data_test/data_test/VIS/2608.png,3942091,2026-08-22 04:52:19.070000,test
data_test/data_test/VIS/2609.png,4039590,2026-08-22 04:52:19.079000,test
data_test/data_test/VIS/2614.png,4055606,2026-08-22 04:52:19.164000,test
data_test/data_test/VIS/2615.png,3967351,2026-08-22 04:52:19.142000,test
data_test/data_test/VIS/2621.png,3927770,2026-08-22 04:52:19.274000,test
data_test/data_test/VIS/2624.png,3896062,2026-08-22 04:52:19.230000,test
data_test/data_test/VIS/2625.png,4120441,2026-08-22 04:52:19.265000,test
data_test/data_test/VIS/2628.png,3935473,2026-08-22 04:52:19.335000,test
data_test/data_test/VIS/2630.png,3596485,2026-08-22 04:52:19.345000,test
data_test/data_test/VIS/2636.png,3762909,2026-08-22 04:52:19.341000,test
data_test/data_test/VIS/2639.png,3999467,2026-08-22 04:52:19.406000,test
data_test/data_test/VIS/2648.png,4007215,2026-08-22 04:52:19.453000,test
data_test/data_test/VIS/2652.png,4007424,2026-08-22 04:52:19.500000,test
data_test/data_test/VIS/2657.png,4103712,2026-08-22 04:52:19.565000,test
data_test/data_test/VIS/2659.png,3927594,2026-08-22 04:52:19.584000,test
data_test/data_test/VIS/2660.png,3983516,2026-08-22 04:52:19.646000,test
data_test/data_test/VIS/2662.png,4104216,2026-08-22 04:52:19.665000,test
data_test/data_test/VIS/2668.png,4104161,2026-08-22 04:52:19.717000,test
data_test/data_test/VIS/267.png,3871904,2026-08-22 04:52:19.767000,test
data_test/data_test/VIS/268.png,3808522,2026-08-22 04:52:19.802000,test
data_test/data_test/VIS/2682.png,4103712,2026-08-22 04:52:19.847000,test
data_test/data_test/VIS/2685.png,3840764,2026-08-22 04:52:19.911000,test
data_test/data_test/VIS/2688.png,3864440,2026-08-22 04:52:19.969000,test
data_test/data_test/VIS/269.png,4055697,2026-08-22 04:52:20.002000,test
data_test/data_test/VIS/2698.png,3817953,2026-08-22 04:52:20.122000,test
data_test/data_test/VIS/2701.png,3959567,2026-08-22 04:52:20.125000,test
data_test/data_test/VIS/2702.png,4079095,2026-08-22 04:52:20.258000,test
data_test/data_test/VIS/2703.png,3943067,2026-08-22 04:52:20.298000,test
data_test/data_test/VIS/2705.png,4161145,2026-08-22 04:52:20.345000,test
data_test/data_test/VIS/2711.png,4054478,2026-08-22 04:52:20.494000,test
data_test/data_test/VIS/2729.png,4007484,2026-08-22 04:52:20.560000,test
data_test/data_test/VIS/273.png,4096127,2026-08-22 04:52:20.744000,test
data_test/data_test/VIS/2734.png,3959390,2026-08-22 04:52:20.747000,test
data_test/data_test/VIS/2746.png,3817443,2026-08-22 04:52:20.775000,test
data_test/data_test/VIS/2751.png,4103712,2026-08-22 04:52:20.815000,test
data_test/data_test/VIS/2752.png,3943626,2026-08-22 04:52:20.919000,test
data_test/data_test/VIS/2756.png,3999467,2026-08-22 04:52:21.001000,test
data_test/data_test/VIS/276.png,3864440,2026-08-22 04:52:21.026000,test
data_test/data_test/VIS/2762.png,4071789,2026-08-22 04:52:21.058000,test
data_test/data_test/VIS/2763.png,3631472,2026-08-22 04:52:21.145000,test
data_test/data_test/VIS/2788.png,4007424,2026-08-22 04:52:21.189000,test
data_test/data_test/VIS/2791.png,4103712,2026-08-22 04:52:21.239000,test
data_test/data_test/VIS/2800.png,3919382,2026-08-22 04:52:21.286000,test
data_test/data_test/VIS/2824.png,3839863,2026-08-22 04:52:21.313000,test
data_test/data_test/VIS/2825.png,3762884,2026-08-22 04:52:21.385000,test
data_test/data_test/VIS/2830.png,4015491,2026-08-22 04:52:21.464000,test
data_test/data_test/VIS/2833.png,4031556,2026-08-22 04:52:21.481000,test
data_test/data_test/VIS/2844.png,3997040,2026-08-22 04:52:21.640000,test
data_test/data_test/VIS/2848.png,3723918,2026-08-22 04:52:21.684000,test
data_test/data_test/VIS/2850.png,3778424,2026-08-22 04:52:21.749000,test
data_test/data_test/VIS/2851.png,3848608,2026-08-22 04:52:21.835000,test
data_test/data_test/VIS/2852.png,4047616,2026-08-22 04:52:21.903000,test
data_test/data_test/VIS/2856.png,3967515,2026-08-22 04:52:21.887000,test
data_test/data_test/VIS/2857.png,4031509,2026-08-22 04:52:21.939000,test
data_test/data_test/VIS/2859.png,3817204,2026-08-22 04:52:22.004000,test
data_test/data_test/VIS/2860.png,3777963,2026-08-22 04:52:22.063000,test
data_test/data_test/VIS/2864.png,4006489,2026-08-22 04:52:22.077000,test
data_test/data_test/VIS/2865.png,3919705,2026-08-22 04:52:22.200000,test
data_test/data_test/VIS/2866.png,3746903,2026-08-22 04:52:22.236000,test
data_test/data_test/VIS/2871.png,4015541,2026-08-22 04:52:22.327000,test
data_test/data_test/VIS/2877.png,3839227,2026-08-22 04:52:22.334000,test
data_test/data_test/VIS/2889.png,4103712,2026-08-22 04:52:22.452000,test
data_test/data_test/VIS/2891.png,4038030,2026-08-22 04:52:22.549000,test
data_test/data_test/VIS/2893.png,3864529,2026-08-22 04:52:22.550000,test
data_test/data_test/VIS/2894.png,3967470,2026-08-22 04:52:22.705000,test
data_test/data_test/VIS/2904.png,4038602,2026-08-22 04:52:22.814000,test
data_test/data_test/VIS/2905.png,3815883,2026-08-22 04:52:22.826000,test
data_test/data_test/VIS/2907.png,3887711,2026-08-22 04:52:22.887000,test
data_test/data_test/VIS/2908.png,3806319,2026-08-22 04:52:22.964000,test
data_test/data_test/VIS/2911.png,3935682,2026-08-22 04:52:23.015000,test
data_test/data_test/VIS/2914.png,4007411,2026-08-22 04:52:23.080000,test
data_test/data_test/VIS/2915.png,3880217,2026-08-22 04:52:23.098000,test
data_test/data_test/VIS/2920.png,3975536,2026-08-22 04:52:23.190000,test
data_test/data_test/VIS/2922.png,3904013,2026-08-22 04:52:23.203000,test
data_test/data_test/VIS/293.png,3563425,2026-08-22 04:52:23.234000,test
data_test/data_test/VIS/2935.png,3886996,2026-08-22 04:52:23.349000,test
data_test/data_test/VIS/2946.png,4054946,2026-08-22 04:52:23.427000,test
data_test/data_test/VIS/2955.png,3983471,2026-08-22 04:52:23.517000,test
data_test/data_test/VIS/2956.png,3841004,2026-08-22 04:52:23.592000,test
data_test/data_test/VIS/296.png,3832976,2026-08-22 04:52:23.694000,test
data_test/data_test/VIS/2969.png,3856240,2026-08-22 04:52:23.814000,test
data_test/data_test/VIS/2983.png,3777998,2026-08-22 04:52:23.859000,test
data_test/data_test/VIS/2985.png,3935518,2026-08-22 04:52:23.939000,test
data_test/data_test/VIS/2986.png,4030941,2026-08-22 04:52:23.933000,test
data_test/data_test/VIS/2990.png,4153010,2026-08-22 04:52:23.979000,test
data_test/data_test/VIS/2997.png,3546842,2026-08-22 04:52:24.035000,test
data_test/data_test/VIS/2999.png,3997040,2026-08-22 04:52:24.146000,test
data_test/data_test/VIS/3001.png,4096071,2026-08-22 04:52:24.159000,test
data_test/data_test/VIS/3013.png,4022253,2026-08-22 04:52:24.221000,test
data_test/data_test/VIS/3016.png,3719059,2026-08-22 04:52:24.339000,test
data_test/data_test/VIS/3022.png,4031509,2026-08-22 04:52:24.394000,test
data_test/data_test/VIS/3025.png,3989600,2026-08-22 04:52:24.469000,test
data_test/data_test/VIS/3028.png,3927646,2026-08-22 04:52:24.515000,test
data_test/data_test/VIS/3031.png,4047544,2026-08-22 04:52:24.549000,test
data_test/data_test/VIS/3038.png,3864440,2026-08-22 04:52:24.592000,test
data_test/data_test/VIS/3041.png,3999312,2026-08-22 04:52:24.762000,test
data_test/data_test/VIS/3046.png,4047465,2026-08-22 04:52:24.826000,test
data_test/data_test/VIS/3049.png,3910926,2026-08-22 04:52:24.902000,test
data_test/data_test/VIS/305.png,4063681,2026-08-22 04:52:24.938000,test
data_test/data_test/VIS/3053.png,3767941,2026-08-22 04:52:25.016000,test
data_test/data_test/VIS/3058.png,3825323,2026-08-22 04:52:25.067000,test
data_test/data_test/VIS/3063.png,4120322,2026-08-22 04:52:25.172000,test
data_test/data_test/VIS/3068.png,4015073,2026-08-22 04:52:25.211000,test
data_test/data_test/VIS/3070.png,4071776,2026-08-22 04:52:25.268000,test
data_test/data_test/VIS/3071.png,4046774,2026-08-22 04:52:25.333000,test
data_test/data_test/VIS/3086.png,3864410,2026-08-22 04:52:25.374000,test
data_test/data_test/VIS/3087.png,4144737,2026-08-22 04:52:25.409000,test
data_test/data_test/VIS/3089.png,3894108,2026-08-22 04:52:25.502000,test
data_test/data_test/VIS/3092.png,4103712,2026-08-22 04:52:25.560000,test
data_test/data_test/VIS/3099.png,4103712,2026-08-22 04:52:25.617000,test
data_test/data_test/VIS/3104.png,3864564,2026-08-22 04:52:25.737000,test
data_test/data_test/VIS/3106.png,3754153,2026-08-22 04:52:25.704000,test
data_test/data_test/VIS/3107.png,3903056,2026-08-22 04:52:25.788000,test
data_test/data_test/VIS/3114.png,4103712,2026-08-22 04:52:25.833000,test
data_test/data_test/VIS/3117.png,3833108,2026-08-22 04:52:25.867000,test
data_test/data_test/VIS/3125.png,3855528,2026-08-22 04:52:26.010000,test
data_test/data_test/VIS/3129.png,3871904,2026-08-22 04:52:26.021000,test
data_test/data_test/VIS/3134.png,3560782,2026-08-22 04:52:26.066000,test
data_test/data_test/VIS/3143.png,2957925,2026-08-22 04:52:26.207000,test
data_test/data_test/VIS/3145.png,3919666,2026-08-22 04:52:26.252000,test
data_test/data_test/VIS/3146.png,4103712,2026-08-22 04:52:26.359000,test
data_test/data_test/VIS/3147.png,3880285,2026-08-22 04:52:26.450000,test
data_test/data_test/VIS/3152.png,3848552,2026-08-22 04:52:26.510000,test
data_test/data_test/VIS/3155.png,4161145,2026-08-22 04:52:26.591000,test
data_test/data_test/VIS/3156.png,4047644,2026-08-22 04:52:26.614000,test
data_test/data_test/VIS/3173.png,3983443,2026-08-22 04:52:26.671000,test
data_test/data_test/VIS/3177.png,4055366,2026-08-22 04:52:26.774000,test
data_test/data_test/VIS/3182.png,3872314,2026-08-22 04:52:26.854000,test
data_test/data_test/VIS/3183.png,3799874,2026-08-22 04:52:26.887000,test
data_test/data_test/VIS/3184.png,4063726,2026-08-22 04:52:26.936000,test
data_test/data_test/VIS/3185.png,4144737,2026-08-22 04:52:27.025000,test
data_test/data_test/VIS/3193.png,3956907,2026-08-22 04:52:27.099000,test
data_test/data_test/VIS/3195.png,4088051,2026-08-22 04:52:27.114000,test
data_test/data_test/VIS/3196.png,3983416,2026-08-22 04:52:27.175000,test
data_test/data_test/VIS/3205.png,3927634,2026-08-22 04:52:27.240000,test
data_test/data_test/VIS/3206.png,3825188,2026-08-22 04:52:27.347000,test
data_test/data_test/VIS/3208.png,3990744,2026-08-22 04:52:27.354000,test
data_test/data_test/VIS/3213.png,3951474,2026-08-22 04:52:27.425000,test
data_test/data_test/VIS/3217.png,3888209,2026-08-22 04:52:27.559000,test
data_test/data_test/VIS/3225.png,3974898,2026-08-22 04:52:27.551000,test
data_test/data_test/VIS/3226.png,3692313,2026-08-22 04:52:27.606000,test
data_test/data_test/VIS/3232.png,3778424,2026-08-22 04:52:27.659000,test
data_test/data_test/VIS/3248.png,3967459,2026-08-22 04:52:27.695000,test
data_test/data_test/VIS/3249.png,3942091,2026-08-22 04:52:27.928000,test
data_test/data_test/VIS/3256.png,3652035,2026-08-22 04:52:27.929000,test
data_test/data_test/VIS/3258.png,3879692,2026-08-22 04:52:28.005000,test
data_test/data_test/VIS/3261.png,3683508,2026-08-22 04:52:28.107000,test
data_test/data_test/VIS/3268.png,3744938,2026-08-22 04:52:28.129000,test
data_test/data_test/VIS/3270.png,3872356,2026-08-22 04:52:28.219000,test
data_test/data_test/VIS/3288.png,4047510,2026-08-22 04:52:28.315000,test
data_test/data_test/VIS/3289.png,4120120,2026-08-22 04:52:28.395000,test
data_test/data_test/VIS/3293.png,4031520,2026-08-22 04:52:28.432000,test
data_test/data_test/VIS/33.png,4071849,2026-08-22 04:52:28.593000,test
data_test/data_test/VIS/3312.png,3631521,2026-08-22 04:52:28.681000,test
data_test/data_test/VIS/3319.png,4055738,2026-08-22 04:52:28.742000,test
data_test/data_test/VIS/3325.png,3914965,2026-08-22 04:52:28.859000,test
data_test/data_test/VIS/3338.png,4096127,2026-08-22 04:52:28.917000,test
data_test/data_test/VIS/3339.png,3770266,2026-08-22 04:52:28.992000,test
data_test/data_test/VIS/3340.png,3855528,2026-08-22 04:52:29.042000,test
data_test/data_test/VIS/3342.png,4023388,2026-08-22 04:52:29.124000,test
data_test/data_test/VIS/3344.png,3848268,2026-08-22 04:52:29.215000,test
data_test/data_test/VIS/3350.png,4007236,2026-08-22 04:52:29.278000,test
data_test/data_test/VIS/3357.png,4079925,2026-08-22 04:52:29.361000,test
data_test/data_test/VIS/336.png,3554919,2026-08-22 04:52:29.346000,test
data_test/data_test/VIS/3364.png,4015491,2026-08-22 04:52:29.424000,test
data_test/data_test/VIS/3367.png,3999467,2026-08-22 04:52:29.484000,test
data_test/data_test/VIS/3369.png,4071849,2026-08-22 04:52:29.531000,test
data_test/data_test/VIS/3370.png,3999020,2026-08-22 04:52:29.575000,test
data_test/data_test/VIS/3373.png,3676799,2026-08-22 04:52:29.626000,test
data_test/data_test/VIS/3387.png,4120120,2026-08-22 04:52:29.661000,test
data_test/data_test/VIS/3394.png,3557615,2026-08-22 04:52:29.702000,test
data_test/data_test/VIS/34.png,4055573,2026-08-22 04:52:29.899000,test
data_test/data_test/VIS/3418.png,4007484,2026-08-22 04:52:29.951000,test
data_test/data_test/VIS/342.png,3614160,2026-08-22 04:52:30.032000,test
data_test/data_test/VIS/3423.png,2790124,2026-08-22 04:52:30.115000,test
data_test/data_test/VIS/3426.png,3872356,2026-08-22 04:52:30.206000,test
data_test/data_test/VIS/3428.png,3925776,2026-08-22 04:52:30.211000,test
data_test/data_test/VIS/3433.png,3714993,2026-08-22 04:52:30.251000,test
data_test/data_test/VIS/3439.png,3990744,2026-08-22 04:52:30.301000,test
data_test/data_test/VIS/344.png,4023388,2026-08-22 04:52:30.338000,test
data_test/data_test/VIS/3440.png,3892431,2026-08-22 04:52:30.448000,test
data_test/data_test/VIS/3441.png,4055618,2026-08-22 04:52:30.426000,test
data_test/data_test/VIS/3445.png,3706008,2026-08-22 04:52:30.519000,test
data_test/data_test/VIS/3446.png,3711047,2026-08-22 04:52:30.606000,test
data_test/data_test/VIS/3455.png,4031565,2026-08-22 04:52:30.715000,test
data_test/data_test/VIS/3464.png,3339512,2026-08-22 04:52:30.722000,test
data_test/data_test/VIS/347.png,3598520,2026-08-22 04:52:30.857000,test
data_test/data_test/VIS/3471.png,3974441,2026-08-22 04:52:30.913000,test
data_test/data_test/VIS/3476.png,3959195,2026-08-22 04:52:30.943000,test
data_test/data_test/VIS/3480.png,4047644,2026-08-22 04:52:31.033000,test
data_test/data_test/VIS/3484.png,4071849,2026-08-22 04:52:31.232000,test
data_test/data_test/VIS/3486.png,4079925,2026-08-22 04:52:31.140000,test
data_test/data_test/VIS/3489.png,4161145,2026-08-22 04:52:31.185000,test
data_test/data_test/VIS/3493.png,3714001,2026-08-22 04:52:31.213000,test
data_test/data_test/VIS/3496.png,4079897,2026-08-22 04:52:31.285000,test
data_test/data_test/VIS/350.png,3847239,2026-08-22 04:52:31.394000,test
data_test/data_test/VIS/3500.png,4104153,2026-08-22 04:52:31.452000,test
data_test/data_test/VIS/3508.png,4039540,2026-08-22 04:52:31.497000,test
data_test/data_test/VIS/3510.png,3959531,2026-08-22 04:52:31.623000,test
data_test/data_test/VIS/3513.png,3761497,2026-08-22 04:52:31.641000,test
data_test/data_test/VIS/3515.png,4095671,2026-08-22 04:52:31.677000,test
data_test/data_test/VIS/3517.png,4144682,2026-08-22 04:52:31.872000,test
data_test/data_test/VIS/3518.png,4161145,2026-08-22 04:52:31.889000,test
data_test/data_test/VIS/352.png,3951241,2026-08-22 04:52:31.959000,test
data_test/data_test/VIS/3527.png,3231598,2026-08-22 04:52:31.997000,test
data_test/data_test/VIS/353.png,4079647,2026-08-22 04:52:32.085000,test
data_test/data_test/VIS/3532.png,4006481,2026-08-22 04:52:32.102000,test
data_test/data_test/VIS/3545.png,4202180,2026-08-22 04:52:32.170000,test
data_test/data_test/VIS/3549.png,4071849,2026-08-22 04:52:32.252000,test
data_test/data_test/VIS/3554.png,4062642,2026-08-22 04:52:32.283000,test
data_test/data_test/VIS/3558.png,3911894,2026-08-22 04:52:32.331000,test
data_test/data_test/VIS/356.png,4104161,2026-08-22 04:52:32.363000,test
data_test/data_test/VIS/3565.png,3880325,2026-08-22 04:52:32.439000,test
data_test/data_test/VIS/3566.png,3919822,2026-08-22 04:52:32.499000,test
data_test/data_test/VIS/3571.png,3816423,2026-08-22 04:52:32.526000,test
data_test/data_test/VIS/3573.png,3463172,2026-08-22 04:52:32.550000,test
data_test/data_test/VIS/3583.png,4039590,2026-08-22 04:52:32.689000,test
data_test/data_test/VIS/3588.png,4144737,2026-08-22 04:52:32.755000,test
data_test/data_test/VIS/3594.png,3832993,2026-08-22 04:52:32.822000,test
data_test/data_test/VIS/3595.png,4087881,2026-08-22 04:52:32.877000,test
data_test/data_test/VIS/3596.png,4103712,2026-08-22 04:52:32.925000,test
data_test/data_test/VIS/3599.png,3769921,2026-08-22 04:52:32.962000,test
data_test/data_test/VIS/3604.png,3801828,2026-08-22 04:52:32.990000,test
data_test/data_test/VIS/3605.png,4007469,2026-08-22 04:52:33.112000,test
data_test/data_test/VIS/3607.png,3959527,2026-08-22 04:52:33.217000,test
data_test/data_test/VIS/3614.png,4128324,2026-08-22 04:52:33.275000,test
data_test/data_test/VIS/3616.png,3723594,2026-08-22 04:52:33.431000,test
data_test/data_test/VIS/3625.png,3817225,2026-08-22 04:52:33.474000,test
data_test/data_test/VIS/3626.png,4161182,2026-08-22 04:52:33.590000,test
data_test/data_test/VIS/3634.png,4096021,2026-08-22 04:52:33.637000,test
data_test/data_test/VIS/3639.png,3975536,2026-08-22 04:52:33.730000,test
data_test/data_test/VIS/3644.png,4039540,2026-08-22 04:52:33.736000,test
data_test/data_test/VIS/3651.png,3903671,2026-08-22 04:52:33.767000,test
data_test/data_test/VIS/3653.png,4161145,2026-08-22 04:52:33.856000,test
data_test/data_test/VIS/3666.png,4031244,2026-08-22 04:52:33.958000,test
data_test/data_test/VIS/3675.png,3832993,2026-08-22 04:52:34.086000,test
data_test/data_test/VIS/368.png,3803501,2026-08-22 04:52:34.106000,test
data_test/data_test/VIS/3683.png,3833117,2026-08-22 04:52:34.045000,test
data_test/data_test/VIS/3692.png,3801687,2026-08-22 04:52:34.077000,test
data_test/data_test/VIS/3695.png,4023508,2026-08-22 04:52:34.132000,test
data_test/data_test/VIS/37.png,3578681,2026-08-22 04:52:34.160000,test
data_test/data_test/VIS/3702.png,3935181,2026-08-22 04:52:34.204000,test
data_test/data_test/VIS/3706.png,3991496,2026-08-22 04:52:34.262000,test
data_test/data_test/VIS/3707.png,3856380,2026-08-22 04:52:34.286000,test
data_test/data_test/VIS/371.png,4120441,2026-08-22 04:52:34.350000,test
data_test/data_test/VIS/3710.png,3888025,2026-08-22 04:52:34.407000,test
data_test/data_test/VIS/3712.png,3684201,2026-08-22 04:52:34.399000,test
data_test/data_test/VIS/3715.png,3911301,2026-08-22 04:52:34.449000,test
data_test/data_test/VIS/3718.png,3791978,2026-08-22 04:52:34.522000,test
data_test/data_test/VIS/3719.png,3951474,2026-08-22 04:52:34.572000,test
data_test/data_test/VIS/3727.png,3738385,2026-08-22 04:52:34.558000,test
data_test/data_test/VIS/3732.png,4007236,2026-08-22 04:52:34.686000,test
data_test/data_test/VIS/3734.png,3911335,2026-08-22 04:52:34.640000,test
data_test/data_test/VIS/3737.png,3999380,2026-08-22 04:52:34.679000,test
data_test/data_test/VIS/3740.png,4120322,2026-08-22 04:52:34.735000,test
data_test/data_test/VIS/3744.png,4136533,2026-08-22 04:52:34.763000,test
data_test/data_test/VIS/3746.png,3809653,2026-08-22 04:52:34.796000,test
data_test/data_test/VIS/3747.png,3974496,2026-08-22 04:52:34.854000,test
data_test/data_test/VIS/3754.png,4047311,2026-08-22 04:52:34.914000,test
data_test/data_test/VIS/3756.png,3684201,2026-08-22 04:52:34.920000,test
data_test/data_test/VIS/3759.png,3832976,2026-08-22 04:52:34.966000,test
data_test/data_test/VIS/3762.png,3706085,2026-08-22 04:52:34.985000,test
data_test/data_test/VIS/3768.png,3911826,2026-08-22 04:52:35.036000,test
data_test/data_test/VIS/3773.png,4095963,2026-08-22 04:52:35.062000,test
data_test/data_test/VIS/3775.png,3895701,2026-08-22 04:52:35.112000,test
data_test/data_test/VIS/3777.png,3880285,2026-08-22 04:52:35.149000,test
data_test/data_test/VIS/3778.png,4079507,2026-08-22 04:52:35.185000,test
data_test/data_test/VIS/3781.png,3837070,2026-08-22 04:52:35.249000,test
data_test/data_test/VIS/3785.png,4104161,2026-08-22 04:52:35.312000,test
data_test/data_test/VIS/379.png,3903671,2026-08-22 04:52:35.368000,test
data_test/data_test/VIS/3804.png,3927766,2026-08-22 04:52:35.343000,test
data_test/data_test/VIS/3813.png,3824955,2026-08-22 04:52:35.399000,test
data_test/data_test/VIS/3818.png,3959447,2026-08-22 04:52:35.424000,test
data_test/data_test/VIS/3827.png,3911826,2026-08-22 04:52:35.471000,test
data_test/data_test/VIS/3829.png,3832993,2026-08-22 04:52:35.497000,test
data_test/data_test/VIS/3834.png,4136533,2026-08-22 04:52:35.534000,test
data_test/data_test/VIS/3840.png,3999160,2026-08-22 04:52:35.592000,test
data_test/data_test/VIS/3843.png,4088055,2026-08-22 04:52:35.605000,test
data_test/data_test/VIS/3844.png,3775998,2026-08-22 04:52:35.683000,test
data_test/data_test/VIS/3847.png,4046274,2026-08-22 04:52:35.711000,test
data_test/data_test/VIS/3866.png,3761769,2026-08-22 04:52:35.723000,test
data_test/data_test/VIS/3870.png,3991364,2026-08-22 04:52:35.767000,test
data_test/data_test/VIS/3876.png,4103712,2026-08-22 04:52:35.842000,test
data_test/data_test/VIS/3880.png,3768718,2026-08-22 04:52:35.881000,test
data_test/data_test/VIS/3883.png,4038030,2026-08-22 04:52:35.904000,test
data_test/data_test/VIS/3884.png,3471124,2026-08-22 04:52:35.925000,test
data_test/data_test/VIS/3891.png,3847224,2026-08-22 04:52:35.964000,test
data_test/data_test/VIS/3893.png,3855528,2026-08-22 04:52:35.984000,test
data_test/data_test/VIS/3898.png,4087881,2026-08-22 04:52:36.020000,test
data_test/data_test/VIS/3901.png,3739635,2026-08-22 04:52:36.064000,test
data_test/data_test/VIS/3902.png,4006925,2026-08-22 04:52:36.132000,test
data_test/data_test/VIS/3904.png,3775143,2026-08-22 04:52:36.184000,test
data_test/data_test/VIS/3906.png,3495293,2026-08-22 04:52:36.233000,test
data_test/data_test/VIS/3907.png,3720590,2026-08-22 04:52:36.214000,test
data_test/data_test/VIS/3914.png,3927014,2026-08-22 04:52:36.273000,test
data_test/data_test/VIS/3923.png,3855786,2026-08-22 04:52:36.313000,test
data_test/data_test/VIS/3924.png,3662577,2026-08-22 04:52:36.313000,test
data_test/data_test/VIS/3936.png,3919166,2026-08-22 04:52:36.368000,test
data_test/data_test/VIS/3943.png,4202180,2026-08-22 04:52:36.422000,test
data_test/data_test/VIS/3947.png,4007281,2026-08-22 04:52:36.456000,test
data_test/data_test/VIS/3956.png,4103712,2026-08-22 04:52:36.503000,test
data_test/data_test/VIS/3959.png,4103978,2026-08-22 04:52:36.552000,test
data_test/data_test/VIS/3960.png,3832993,2026-08-22 04:52:36.600000,test
data_test/data_test/VIS/3962.png,3983138,2026-08-22 04:52:36.600000,test
data_test/data_test/VIS/3963.png,3723648,2026-08-22 04:52:36.633000,test
data_test/data_test/VIS/3965.png,4144737,2026-08-22 04:52:36.762000,test
data_test/data_test/VIS/3973.png,3685169,2026-08-22 04:52:36.727000,test
data_test/data_test/VIS/3975.png,3848268,2026-08-22 04:52:36.751000,test
data_test/data_test/VIS/3991.png,3864440,2026-08-22 04:52:36.787000,test
data_test/data_test/VIS/3995.png,3919666,2026-08-22 04:52:36.825000,test
data_test/data_test/VIS/40.png,4120305,2026-08-22 04:52:36.859000,test
data_test/data_test/VIS/4000.png,3867454,2026-08-22 04:52:36.890000,test
data_test/data_test/VIS/4006.png,3777354,2026-08-22 04:52:36.940000,test
data_test/data_test/VIS/4007.png,3903973,2026-08-22 04:52:36.992000,test
data_test/data_test/VIS/4014.png,3919782,2026-08-22 04:52:37.043000,test
data_test/data_test/VIS/4021.png,4079925,2026-08-22 04:52:37.057000,test
data_test/data_test/VIS/4023.png,3974948,2026-08-22 04:52:37.077000,test
data_test/data_test/VIS/4028.png,4120120,2026-08-22 04:52:37.184000,test
data_test/data_test/VIS/4030.png,4023388,2026-08-22 04:52:37.185000,test
data_test/data_test/VIS/4032.png,3848268,2026-08-22 04:52:37.247000,test
data_test/data_test/VIS/4046.png,3648306,2026-08-22 04:52:37.248000,test
data_test/data_test/VIS/405.png,4136522,2026-08-22 04:52:37.293000,test
data_test/data_test/VIS/4051.png,4015163,2026-08-22 04:52:37.338000,test
data_test/data_test/VIS/4053.png,4103712,2026-08-22 04:52:37.524000,test
data_test/data_test/VIS/4055.png,4087931,2026-08-22 04:52:37.938000,test
data_test/data_test/VIS/4056.png,3943067,2026-08-22 04:52:38.184000,test
data_test/data_test/VIS/4058.png,3730501,2026-08-22 04:52:38.452000,test
data_test/data_test/VIS/406.png,4007461,2026-08-22 04:52:38.788000,test
data_test/data_test/VIS/4060.png,4007461,2026-08-22 04:52:38.944000,test
data_test/data_test/VIS/4063.png,3959160,2026-08-22 04:52:39.174000,test
data_test/data_test/VIS/4066.png,3974441,2026-08-22 04:52:39.391000,test
data_test/data_test/VIS/4069.png,3799874,2026-08-22 04:52:39.609000,test
data_test/data_test/VIS/4070.png,4007424,2026-08-22 04:52:39.807000,test
data_test/data_test/VIS/4073.png,3927594,2026-08-22 04:52:40.031000,test
data_test/data_test/VIS/4077.png,4128494,2026-08-22 04:52:40.220000,test
data_test/data_test/VIS/4081.png,3997040,2026-08-22 04:52:40.356000,test
data_test/data_test/VIS/409.png,3991460,2026-08-22 04:52:40.622000,test
data_test/data_test/VIS/4092.png,3942628,2026-08-22 04:52:40.802000,test
data_test/data_test/VIS/4093.png,3773032,2026-08-22 04:52:41.014000,test
data_test/data_test/VIS/4096.png,3958815,2026-08-22 04:52:41.256000,test
data_test/data_test/VIS/4104.png,4015312,2026-08-22 04:52:41.433000,test
data_test/data_test/VIS/411.png,3958815,2026-08-22 04:52:41.648000,test
data_test/data_test/VIS/4112.png,3856680,2026-08-22 04:52:41.862000,test
data_test/data_test/VIS/4113.png,4202180,2026-08-22 04:52:42.011000,test
data_test/data_test/VIS/4116.png,4103712,2026-08-22 04:52:42.168000,test
data_test/data_test/VIS/412.png,3865741,2026-08-22 04:52:42.326000,test
data_test/data_test/VIS/4121.png,4055573,2026-08-22 04:52:42.467000,test
data_test/data_test/VIS/4122.png,3959195,2026-08-22 04:52:42.645000,test
data_test/data_test/VIS/413.png,4161145,2026-08-22 04:52:42.775000,test
data_test/data_test/VIS/4141.png,4031289,2026-08-22 04:52:42.811000,test
data_test/data_test/VIS/4142.png,3716258,2026-08-22 04:52:42.834000,test
data_test/data_test/VIS/4146.png,3935473,2026-08-22 04:52:42.842000,test
data_test/data_test/VIS/4160.png,3973256,2026-08-22 04:52:42.797000,test
data_test/data_test/VIS/4163.png,3975491,2026-08-22 04:52:42.797000,test
data_test/data_test/VIS/4172.png,3840804,2026-08-22 04:52:43.313000,test
data_test/data_test/VIS/4175.png,3630435,2026-08-22 04:52:43.154000,test
data_test/data_test/VIS/4178.png,3999512,2026-08-22 04:52:42.999000,test
data_test/data_test/VIS/4183.png,3879692,2026-08-22 04:52:43.186000,test
data_test/data_test/VIS/4185.png,3557580,2026-08-22 04:52:43.429000,test
data_test/data_test/VIS/4186.png,3840877,2026-08-22 04:52:43.459000,test
data_test/data_test/VIS/4202.png,3864440,2026-08-22 04:52:43.154000,test
data_test/data_test/VIS/4204.png,3840314,2026-08-22 04:52:42.972000,test
data_test/data_test/VIS/4207.png,4120322,2026-08-22 04:52:43.023000,test
data_test/data_test/VIS/4212.png,3393254,2026-08-22 04:52:43.154000,test
data_test/data_test/VIS/422.png,3927726,2026-08-22 04:52:43.121000,test
data_test/data_test/VIS/4220.png,4039540,2026-08-22 04:52:42.972000,test
data_test/data_test/VIS/4222.png,4015073,2026-08-22 04:52:43.074000,test
data_test/data_test/VIS/4226.png,4046955,2026-08-22 04:52:43.115000,test
data_test/data_test/VIS/4227.png,4104221,2026-08-22 04:52:43.179000,test
data_test/data_test/VIS/4236.png,3786175,2026-08-22 04:52:42.985000,test
data_test/data_test/VIS/4239.png,4144682,2026-08-22 04:52:43.292000,test
data_test/data_test/VIS/424.png,3895938,2026-08-22 04:52:43.238000,test
data_test/data_test/VIS/4244.png,3724114,2026-08-22 04:52:43.140000,test
data_test/data_test/VIS/4245.png,3919782,2026-08-22 04:52:43.391000,test
data_test/data_test/VIS/4247.png,3887995,2026-08-22 04:52:43.162000,test
data_test/data_test/VIS/4255.png,4144737,2026-08-22 04:52:43.202000,test
data_test/data_test/VIS/4257.png,3872314,2026-08-22 04:52:43.422000,test
data_test/data_test/VIS/4258.png,4161145,2026-08-22 04:52:43.227000,test
data_test/data_test/VIS/4260.png,3817225,2026-08-22 04:52:43.434000,test
data_test/data_test/VIS/4261.png,3887741,2026-08-22 04:52:43.202000,test
data_test/data_test/VIS/4265.png,3869496,2026-08-22 04:52:43.434000,test
data_test/data_test/VIS/4273.png,3785655,2026-08-22 04:52:43.669000,test
data_test/data_test/VIS/4275.png,3855528,2026-08-22 04:52:43.534000,test
data_test/data_test/VIS/4277.png,3637908,2026-08-22 04:52:43.391000,test
data_test/data_test/VIS/4284.png,4007411,2026-08-22 04:52:43.486000,test
data_test/data_test/VIS/4288.png,3991460,2026-08-22 04:52:43.397000,test
data_test/data_test/VIS/429.png,4006434,2026-08-22 04:52:43.739000,test
data_test/data_test/VIS/4304.png,3732652,2026-08-22 04:52:43.524000,test
data_test/data_test/VIS/4316.png,3828441,2026-08-22 04:52:43.766000,test
data_test/data_test/VIS/432.png,3927770,2026-08-22 04:52:43.371000,test
data_test/data_test/VIS/4322.png,4046774,2026-08-22 04:52:43.557000,test
data_test/data_test/VIS/4325.png,4023557,2026-08-22 04:52:43.475000,test
data_test/data_test/VIS/4334.png,4103712,2026-08-22 04:52:43.492000,test
data_test/data_test/VIS/4337.png,3943626,2026-08-22 04:52:43.534000,test
data_test/data_test/VIS/4341.png,4136726,2026-08-22 04:52:43.557000,test
data_test/data_test/VIS/4347.png,4103712,2026-08-22 04:52:43.636000,test
data_test/data_test/VIS/4358.png,4103712,2026-08-22 04:52:43.648000,test
data_test/data_test/VIS/4361.png,3405314,2026-08-22 04:52:43.693000,test
data_test/data_test/VIS/4363.png,3770573,2026-08-22 04:52:43.706000,test
data_test/data_test/VIS/4367.png,3904013,2026-08-22 04:52:43.582000,test
data_test/data_test/VIS/4377.png,3911934,2026-08-22 04:52:43.669000,test
data_test/data_test/VIS/4383.png,4103712,2026-08-22 04:52:43.593000,test
data_test/data_test/VIS/4384.png,3741979,2026-08-22 04:52:43.604000,test
data_test/data_test/VIS/4389.png,4103952,2026-08-22 04:52:43.692000,test
data_test/data_test/VIS/4393.png,4144737,2026-08-22 04:52:43.682000,test
data_test/data_test/VIS/4406.png,4128494,2026-08-22 04:52:43.772000,test
data_test/data_test/VIS/4408.png,3864529,2026-08-22 04:52:43.783000,test
data_test/data_test/VIS/441.png,3911934,2026-08-22 04:52:43.765000,test
data_test/data_test/VIS/4411.png,3872124,2026-08-22 04:52:43.792000,test
data_test/data_test/VIS/4412.png,4161145,2026-08-22 04:52:43.800000,test
data_test/data_test/VIS/4414.png,3959435,2026-08-22 04:52:43.766000,test
data_test/data_test/VIS/4422.png,3927634,2026-08-22 04:52:43.842000,test
data_test/data_test/VIS/4424.png,4039582,2026-08-22 04:52:43.806000,test
data_test/data_test/VIS/4435.png,3949531,2026-08-22 04:52:43.856000,test
data_test/data_test/VIS/4441.png,3164498,2026-08-22 04:52:43.974000,test
data_test/data_test/VIS/4443.png,3793738,2026-08-22 04:52:43.996000,test
data_test/data_test/VIS/4452.png,3864440,2026-08-22 04:52:43.832000,test
data_test/data_test/VIS/4461.png,3975222,2026-08-22 04:52:43.812000,test
data_test/data_test/VIS/4462.png,4071899,2026-08-22 04:52:43.890000,test
data_test/data_test/VIS/4467.png,4103712,2026-08-22 04:52:43.905000,test
data_test/data_test/VIS/4479.png,3958815,2026-08-22 04:52:43.850000,test
data_test/data_test/VIS/4480.png,3515997,2026-08-22 04:52:43.812000,test
data_test/data_test/VIS/4482.png,4063782,2026-08-22 04:52:43.823000,test
data_test/data_test/VIS/4486.png,3716288,2026-08-22 04:52:43.913000,test
data_test/data_test/VIS/4495.png,3853792,2026-08-22 04:52:44.024000,test
data_test/data_test/VIS/4499.png,3816470,2026-08-22 04:52:43.984000,test
data_test/data_test/VIS/4500.png,3950199,2026-08-22 04:52:44.010000,test
data_test/data_test/VIS/4504.png,3919810,2026-08-22 04:52:44.024000,test
data_test/data_test/VIS/4519.png,4039357,2026-08-22 04:52:44.010000,test
data_test/data_test/VIS/4525.png,3880285,2026-08-22 04:52:44.016000,test
data_test/data_test/VIS/4532.png,4079875,2026-08-22 04:52:44.016000,test
data_test/data_test/VIS/4533.png,3721884,2026-08-22 04:52:44.063000,test
data_test/data_test/VIS/454.png,4046274,2026-08-22 04:52:44.125000,test
data_test/data_test/VIS/4547.png,3646579,2026-08-22 04:52:44.161000,test
data_test/data_test/VIS/4549.png,4103712,2026-08-22 04:52:44.174000,test
data_test/data_test/VIS/4551.png,3943423,2026-08-22 04:52:44.161000,test
data_test/data_test/VIS/456.png,3943603,2026-08-22 04:52:44.106000,test
data_test/data_test/VIS/4561.png,3918970,2026-08-22 04:52:44.125000,test
data_test/data_test/VIS/4562.png,4079050,2026-08-22 04:52:44.217000,test
data_test/data_test/VIS/4575.png,4055697,2026-08-22 04:52:44.167000,test
data_test/data_test/VIS/4576.png,3639529,2026-08-22 04:52:44.335000,test
data_test/data_test/VIS/458.png,3951241,2026-08-22 04:52:44.106000,test
data_test/data_test/VIS/46.png,3911834,2026-08-22 04:52:44.125000,test
data_test/data_test/VIS/4601.png,3951435,2026-08-22 04:52:44.619000,test
data_test/data_test/VIS/4602.png,3703035,2026-08-22 04:52:44.314000,test
data_test/data_test/VIS/4609.png,4161145,2026-08-22 04:52:44.118000,test
data_test/data_test/VIS/4615.png,3879240,2026-08-22 04:52:44.236000,test
data_test/data_test/VIS/4625.png,3918682,2026-08-22 04:52:44.141000,test
data_test/data_test/VIS/4627.png,4046814,2026-08-22 04:52:44.250000,test
data_test/data_test/VIS/4631.png,3192776,2026-08-22 04:52:44.314000,test
data_test/data_test/VIS/4642.png,3880225,2026-08-22 04:52:44.217000,test
data_test/data_test/VIS/4650.png,4103712,2026-08-22 04:52:44.250000,test
data_test/data_test/VIS/4654.png,3833117,2026-08-22 04:52:44.395000,test
data_test/data_test/VIS/4659.png,4079462,2026-08-22 04:52:44.595000,test
data_test/data_test/VIS/4666.png,3832391,2026-08-22 04:52:44.401000,test
data_test/data_test/VIS/4674.png,3576318,2026-08-22 04:52:44.546000,test
data_test/data_test/VIS/4675.png,3622321,2026-08-22 04:52:44.564000,test
data_test/data_test/VIS/4677.png,3848816,2026-08-22 04:52:44.538000,test
data_test/data_test/VIS/4678.png,3864440,2026-08-22 04:52:44.506000,test
data_test/data_test/VIS/4679.png,3903973,2026-08-22 04:52:44.475000,test
data_test/data_test/VIS/468.png,4007424,2026-08-22 04:52:44.581000,test
data_test/data_test/VIS/4680.png,4006925,2026-08-22 04:52:44.451000,test
data_test/data_test/VIS/4687.png,4087679,2026-08-22 04:52:44.451000,test
data_test/data_test/VIS/4692.png,3998970,2026-08-22 04:52:44.603000,test
data_test/data_test/VIS/4697.png,3855528,2026-08-22 04:52:44.575000,test
data_test/data_test/VIS/47.png,3919750,2026-08-22 04:52:44.436000,test
data_test/data_test/VIS/4706.png,4063461,2026-08-22 04:52:44.626000,test
data_test/data_test/VIS/4711.png,3449652,2026-08-22 04:52:44.619000,test
data_test/data_test/VIS/4717.png,4006886,2026-08-22 04:52:44.609000,test
data_test/data_test/VIS/4719.png,3911670,2026-08-22 04:52:44.528000,test
data_test/data_test/VIS/4724.png,3872314,2026-08-22 04:52:44.546000,test
data_test/data_test/VIS/4727.png,4103712,2026-08-22 04:52:44.511000,test
data_test/data_test/VIS/4738.png,3871275,2026-08-22 04:52:44.589000,test
data_test/data_test/VIS/4750.png,4054478,2026-08-22 04:52:44.614000,test
data_test/data_test/VIS/4756.png,4015468,2026-08-22 04:52:44.686000,test
data_test/data_test/VIS/4762.png,3950935,2026-08-22 04:52:44.714000,test
data_test/data_test/VIS/4767.png,3872314,2026-08-22 04:52:44.733000,test
data_test/data_test/VIS/4768.png,3856568,2026-08-22 04:52:44.783000,test
data_test/data_test/VIS/477.png,3594029,2026-08-22 04:52:44.808000,test
data_test/data_test/VIS/4774.png,3692765,2026-08-22 04:52:44.827000,test
data_test/data_test/VIS/4784.png,4047465,2026-08-22 04:52:44.926000,test
data_test/data_test/VIS/479.png,3983292,2026-08-22 04:52:44.950000,test
data_test/data_test/VIS/4790.png,3895721,2026-08-22 04:52:44.983000,test
data_test/data_test/VIS/4791.png,3983516,2026-08-22 04:52:45.019000,test
data_test/data_test/VIS/4792.png,3927726,2026-08-22 04:52:45.054000,test
data_test/data_test/VIS/481.png,3894752,2026-08-22 04:52:45.054000,test
data_test/data_test/VIS/4810.png,3752886,2026-08-22 04:52:45.108000,test
data_test/data_test/VIS/4812.png,4038642,2026-08-22 04:52:45.137000,test
data_test/data_test/VIS/4820.png,3981681,2026-08-22 04:52:45.177000,test
data_test/data_test/VIS/4822.png,3778368,2026-08-22 04:52:45.240000,test
data_test/data_test/VIS/4824.png,3817225,2026-08-22 04:52:45.240000,test
data_test/data_test/VIS/4835.png,4039357,2026-08-22 04:52:45.277000,test
data_test/data_test/VIS/4837.png,3770573,2026-08-22 04:52:45.355000,test
data_test/data_test/VIS/4839.png,3737720,2026-08-22 04:52:45.327000,test
data_test/data_test/VIS/4842.png,3785238,2026-08-22 04:52:45.355000,test
data_test/data_test/VIS/4847.png,3933978,2026-08-22 04:52:45.401000,test
data_test/data_test/VIS/4848.png,4023553,2026-08-22 04:52:45.437000,test
data_test/data_test/VIS/4854.png,4103712,2026-08-22 04:52:45.470000,test
data_test/data_test/VIS/4861.png,4062682,2026-08-22 04:52:45.531000,test
data_test/data_test/VIS/4862.png,4103712,2026-08-22 04:52:45.566000,test
data_test/data_test/VIS/4865.png,3832993,2026-08-22 04:52:45.585000,test
data_test/data_test/VIS/4867.png,3975536,2026-08-22 04:52:45.658000,test
data_test/data_test/VIS/4871.png,3972428,2026-08-22 04:52:45.658000,test
data_test/data_test/VIS/4883.png,3864116,2026-08-22 04:52:45.740000,test
data_test/data_test/VIS/4888.png,3777963,2026-08-22 04:52:45.740000,test
data_test/data_test/VIS/4899.png,3872372,2026-08-22 04:52:45.769000,test
data_test/data_test/VIS/4904.png,3774155,2026-08-22 04:52:45.818000,test
data_test/data_test/VIS/4908.png,3046039,2026-08-22 04:52:45.829000,test
data_test/data_test/VIS/4911.png,3864393,2026-08-22 04:52:45.863000,test
data_test/data_test/VIS/4918.png,3886789,2026-08-22 04:52:45.880000,test
data_test/data_test/VIS/4936.png,3484321,2026-08-22 04:52:45.925000,test
data_test/data_test/VIS/4939.png,3872448,2026-08-22 04:52:45.967000,test
data_test/data_test/VIS/4950.png,4055573,2026-08-22 04:52:46.034000,test
data_test/data_test/VIS/4953.png,3855528,2026-08-22 04:52:46.095000,test
data_test/data_test/VIS/4956.png,3856524,2026-08-22 04:52:46.095000,test
data_test/data_test/VIS/4963.png,3999420,2026-08-22 04:52:46.133000,test
data_test/data_test/VIS/4964.png,3887711,2026-08-22 04:52:46.179000,test
data_test/data_test/VIS/4966.png,4095503,2026-08-22 04:52:46.218000,test
data_test/data_test/VIS/4967.png,3566044,2026-08-22 04:52:46.240000,test
data_test/data_test/VIS/497.png,3904013,2026-08-22 04:52:46.280000,test
data_test/data_test/VIS/4972.png,3560782,2026-08-22 04:52:46.321000,test
data_test/data_test/VIS/4974.png,3872356,2026-08-22 04:52:46.374000,test
data_test/data_test/VIS/4987.png,4039540,2026-08-22 04:52:46.439000,test
data_test/data_test/VIS/4992.png,4103712,2026-08-22 04:52:46.463000,test
data_test/data_test/VIS/505.png,3856650,2026-08-22 04:52:46.535000,test
data_test/data_test/VIS/509.png,3927014,2026-08-22 04:52:46.544000,test
data_test/data_test/VIS/511.png,3822791,2026-08-22 04:52:46.653000,test
data_test/data_test/VIS/512.png,3931791,2026-08-22 04:52:46.632000,test
data_test/data_test/VIS/513.png,4079875,2026-08-22 04:52:46.665000,test
data_test/data_test/VIS/517.png,4095503,2026-08-22 04:52:46.712000,test
data_test/data_test/VIS/525.png,4202180,2026-08-22 04:52:46.763000,test
data_test/data_test/VIS/537.png,3935226,2026-08-22 04:52:46.885000,test
data_test/data_test/VIS/538.png,3872236,2026-08-22 04:52:46.836000,test
data_test/data_test/VIS/540.png,4039357,2026-08-22 04:52:47.014000,test
data_test/data_test/VIS/547.png,4054478,2026-08-22 04:52:47.063000,test
data_test/data_test/VIS/55.png,4014857,2026-08-22 04:52:47.063000,test
data_test/data_test/VIS/551.png,4079462,2026-08-22 04:52:47.097000,test
data_test/data_test/VIS/555.png,4063461,2026-08-22 04:52:47.120000,test
data_test/data_test/VIS/557.png,4079897,2026-08-22 04:52:47.171000,test
data_test/data_test/VIS/562.png,3999160,2026-08-22 04:52:47.223000,test
data_test/data_test/VIS/563.png,3571032,2026-08-22 04:52:47.237000,test
data_test/data_test/VIS/566.png,4023508,2026-08-22 04:52:47.251000,test
data_test/data_test/VIS/57.png,4054478,2026-08-22 04:52:47.296000,test
data_test/data_test/VIS/576.png,3872356,2026-08-22 04:52:47.347000,test
data_test/data_test/VIS/577.png,4007236,2026-08-22 04:52:47.498000,test
data_test/data_test/VIS/581.png,3791978,2026-08-22 04:52:47.445000,test
data_test/data_test/VIS/584.png,4088005,2026-08-22 04:52:47.467000,test
data_test/data_test/VIS/594.png,4103712,2026-08-22 04:52:47.510000,test
data_test/data_test/VIS/602.png,4007215,2026-08-22 04:52:47.571000,test
data_test/data_test/VIS/608.png,4128274,2026-08-22 04:52:47.595000,test
data_test/data_test/VIS/611.png,3839487,2026-08-22 04:52:47.614000,test
data_test/data_test/VIS/615.png,4087996,2026-08-22 04:52:47.663000,test
data_test/data_test/VIS/62.png,3793936,2026-08-22 04:52:47.696000,test
data_test/data_test/VIS/621.png,3872356,2026-08-22 04:52:47.761000,test
data_test/data_test/VIS/622.png,3709007,2026-08-22 04:52:47.769000,test
data_test/data_test/VIS/626.png,4071849,2026-08-22 04:52:47.850000,test
data_test/data_test/VIS/630.png,4039357,2026-08-22 04:52:47.859000,test
data_test/data_test/VIS/636.png,4161145,2026-08-22 04:52:47.922000,test
data_test/data_test/VIS/637.png,3943603,2026-08-22 04:52:47.911000,test
data_test/data_test/VIS/639.png,4136533,2026-08-22 04:52:47.991000,test
data_test/data_test/VIS/64.png,3864440,2026-08-22 04:52:47.991000,test
data_test/data_test/VIS/652.png,3729381,2026-08-22 04:52:48.004000,test
data_test/data_test/VIS/656.png,3919750,2026-08-22 04:52:48.067000,test
data_test/data_test/VIS/66.png,3894833,2026-08-22 04:52:48.115000,test
data_test/data_test/VIS/661.png,4103712,2026-08-22 04:52:48.115000,test
data_test/data_test/VIS/668.png,3793703,2026-08-22 04:52:48.164000,test
data_test/data_test/VIS/673.png,3975491,2026-08-22 04:52:48.204000,test
data_test/data_test/VIS/676.png,3988806,2026-08-22 04:52:48.250000,test
data_test/data_test/VIS/679.png,3809483,2026-08-22 04:52:48.287000,test
data_test/data_test/VIS/680.png,3918637,2026-08-22 04:52:48.328000,test
data_test/data_test/VIS/690.png,4128494,2026-08-22 04:52:48.375000,test
data_test/data_test/VIS/700.png,3840662,2026-08-22 04:52:48.413000,test
data_test/data_test/VIS/706.png,3991319,2026-08-22 04:52:48.455000,test
data_test/data_test/VIS/716.png,3872356,2026-08-22 04:52:48.482000,test
data_test/data_test/VIS/717.png,3951395,2026-08-22 04:52:48.531000,test
data_test/data_test/VIS/718.png,4104161,2026-08-22 04:52:48.585000,test
data_test/data_test/VIS/719.png,3999431,2026-08-22 04:52:48.614000,test
data_test/data_test/VIS/720.png,4046774,2026-08-22 04:52:48.658000,test
data_test/data_test/VIS/73.png,3046360,2026-08-22 04:52:48.711000,test
data_test/data_test/VIS/731.png,4030901,2026-08-22 04:52:48.718000,test
data_test/data_test/VIS/744.png,3902877,2026-08-22 04:52:48.766000,test
data_test/data_test/VIS/745.png,3863766,2026-08-22 04:52:48.786000,test
data_test/data_test/VIS/746.png,3911625,2026-08-22 04:52:48.864000,test
data_test/data_test/VIS/748.png,3927726,2026-08-22 04:52:48.921000,test
data_test/data_test/VIS/761.png,3778255,2026-08-22 04:52:48.902000,test
data_test/data_test/VIS/770.png,3951619,2026-08-22 04:52:48.940000,test
data_test/data_test/VIS/773.png,4030941,2026-08-22 04:52:48.994000,test
data_test/data_test/VIS/782.png,4062682,2026-08-22 04:52:49.045000,test
data_test/data_test/VIS/783.png,3911646,2026-08-22 04:52:49.084000,test
data_test/data_test/VIS/792.png,4103712,2026-08-22 04:52:49.144000,test
data_test/data_test/VIS/80.png,3729833,2026-08-22 04:52:49.177000,test
data_test/data_test/VIS/803.png,4096071,2026-08-22 04:52:49.214000,test
data_test/data_test/VIS/806.png,3612185,2026-08-22 04:52:49.235000,test
data_test/data_test/VIS/808.png,3644599,2026-08-22 04:52:49.279000,test
data_test/data_test/VIS/817.png,3808223,2026-08-22 04:52:49.336000,test
data_test/data_test/VIS/822.png,3896058,2026-08-22 04:52:49.397000,test
data_test/data_test/VIS/829.png,4128324,2026-08-22 04:52:49.422000,test
data_test/data_test/VIS/830.png,3950199,2026-08-22 04:52:49.434000,test
data_test/data_test/VIS/839.png,3911934,2026-08-22 04:52:49.481000,test
data_test/data_test/VIS/847.png,3911646,2026-08-22 04:52:49.530000,test
data_test/data_test/VIS/852.png,3999512,2026-08-22 04:52:49.550000,test
data_test/data_test/VIS/854.png,4120437,2026-08-22 04:52:49.605000,test
data_test/data_test/VIS/855.png,4103712,2026-08-22 04:52:49.656000,test
data_test/data_test/VIS/858.png,3903353,2026-08-22 04:52:49.656000,test
data_test/data_test/VIS/863.png,3974496,2026-08-22 04:52:49.710000,test
data_test/data_test/VIS/864.png,3856494,2026-08-22 04:52:49.759000,test
data_test/data_test/VIS/87.png,3927594,2026-08-22 04:52:49.780000,test
data_test/data_test/VIS/871.png,3950199,2026-08-22 04:52:49.804000,test
data_test/data_test/VIS/875.png,4103712,2026-08-22 04:52:49.838000,test
data_test/data_test/VIS/88.png,3724152,2026-08-22 04:52:49.867000,test
data_test/data_test/VIS/890.png,3911934,2026-08-22 04:52:49.888000,test
data_test/data_test/VIS/893.png,3927329,2026-08-22 04:52:49.922000,test
data_test/data_test/VIS/896.png,4144737,2026-08-22 04:52:49.990000,test
data_test/data_test/VIS/903.png,3927726,2026-08-22 04:52:50.021000,test
data_test/data_test/VIS/914.png,3833143,2026-08-22 04:52:50.063000,test
data_test/data_test/VIS/919.png,3770531,2026-08-22 04:52:50.101000,test
data_test/data_test/VIS/922.png,4079820,2026-08-22 04:52:50.136000,test
data_test/data_test/VIS/926.png,4103712,2026-08-22 04:52:50.201000,test
data_test/data_test/VIS/931.png,3911625,2026-08-22 04:52:50.215000,test
data_test/data_test/VIS/938.png,3959435,2026-08-22 04:52:50.240000,test
data_test/data_test/VIS/940.png,4079975,2026-08-22 04:52:50.319000,test
data_test/data_test/VIS/95.png,3991336,2026-08-22 04:52:50.349000,test
data_test/data_test/VIS/951.png,3999020,2026-08-22 04:52:50.375000,test
data_test/data_test/VIS/960.png,4103712,2026-08-22 04:52:50.423000,test
data_test/data_test/VIS/965.png,3672147,2026-08-22 04:52:50.461000,test
data_test/data_test/VIS/967.png,4006925,2026-08-22 04:52:50.510000,test
data_test/data_test/VIS/976.png,4103712,2026-08-22 04:52:50.538000,test
data_test/data_test/VIS/977.png,3991451,2026-08-22 04:52:50.591000,test
data_test/data_test/VIS/978.png,4095503,2026-08-22 04:52:50.659000,test
data_test/data_test/VIS/980.png,3714748,2026-08-22 04:52:50.667000,test
data_test/data_test/VIS/983.png,3872356,2026-08-22 04:52:50.701000,test
data_test/data_test/VIS/991.png,4104276,2026-08-22 04:52:50.771000,test
data_test/data_test/VIS/994.png,4079741,2026-08-22 04:52:50.799000,test
data_train/data_train/Annotations/VIS/10.xml,614,2026-08-22 04:52:37.454000,train
data_train/data_train/Annotations/VIS/1000.xml,1078,2026-08-22 04:52:37.513000,train
data_train/data_train/Annotations/VIS/1001.xml,1084,2026-08-22 04:52:37.500000,train
data_train/data_train/Annotations/VIS/1002.xml,1314,2026-08-22 04:52:37.500000,train
data_train/data_train/Annotations/VIS/1003.xml,619,2026-08-22 04:52:37.508000,train
data_train/data_train/Annotations/VIS/1004.xml,1308,2026-08-22 04:52:37.523000,train
data_train/data_train/Annotations/VIS/1008.xml,1077,2026-08-22 04:52:37.511000,train
data_train/data_train/Annotations/VIS/101.xml,1526,2026-08-22 04:52:37.519000,train
data_train/data_train/Annotations/VIS/1010.xml,1083,2026-08-22 04:52:37.510000,train
data_train/data_train/Annotations/VIS/1012.xml,2460,2026-08-22 04:52:37.515000,train
data_train/data_train/Annotations/VIS/1013.xml,1304,2026-08-22 04:52:37.513000,train
data_train/data_train/Annotations/VIS/1015.xml,1084,2026-08-22 04:52:37.522000,train
data_train/data_train/Annotations/VIS/1017.xml,1304,2026-08-22 04:52:37.520000,train
data_train/data_train/Annotations/VIS/102.xml,616,2026-08-22 04:52:37.522000,train
data_train/data_train/Annotations/VIS/1021.xml,625,2026-08-22 04:52:37.526000,train
data_train/data_train/Annotations/VIS/1022.xml,618,2026-08-22 04:52:37.559000,train
data_train/data_train/Annotations/VIS/1023.xml,1072,2026-08-22 04:52:37.553000,train
data_train/data_train/Annotations/VIS/1024.xml,1537,2026-08-22 04:52:37.555000,train
data_train/data_train/Annotations/VIS/1025.xml,842,2026-08-22 04:52:37.562000,train
data_train/data_train/Annotations/VIS/1029.xml,1084,2026-08-22 04:52:37.555000,train
data_train/data_train/Annotations/VIS/1031.xml,1090,2026-08-22 04:52:37.579000,train
data_train/data_train/Annotations/VIS/1035.xml,1523,2026-08-22 04:52:37.576000,train
data_train/data_train/Annotations/VIS/1036.xml,1091,2026-08-22 04:52:37.582000,train
data_train/data_train/Annotations/VIS/1037.xml,1075,2026-08-22 04:52:37.584000,train
data_train/data_train/Annotations/VIS/104.xml,616,2026-08-22 04:52:37.587000,train
data_train/data_train/Annotations/VIS/1041.xml,853,2026-08-22 04:52:37.577000,train
data_train/data_train/Annotations/VIS/1043.xml,1308,2026-08-22 04:52:37.584000,train
data_train/data_train/Annotations/VIS/1045.xml,855,2026-08-22 04:52:37.640000,train
data_train/data_train/Annotations/VIS/1047.xml,1309,2026-08-22 04:52:37.593000,train
data_train/data_train/Annotations/VIS/1051.xml,623,2026-08-22 04:52:37.591000,train
data_train/data_train/Annotations/VIS/1052.xml,620,2026-08-22 04:52:37.592000,train
data_train/data_train/Annotations/VIS/1053.xml,1542,2026-08-22 04:52:37.600000,train
data_train/data_train/Annotations/VIS/1057.xml,1766,2026-08-22 04:52:37.620000,train
data_train/data_train/Annotations/VIS/1058.xml,847,2026-08-22 04:52:37.622000,train
data_train/data_train/Annotations/VIS/1060.xml,1069,2026-08-22 04:52:37.590000,train
data_train/data_train/Annotations/VIS/1061.xml,1316,2026-08-22 04:52:37.611000,train
data_train/data_train/Annotations/VIS/1062.xml,1967,2026-08-22 04:52:37.627000,train
data_train/data_train/Annotations/VIS/1063.xml,1079,2026-08-22 04:52:37.595000,train
data_train/data_train/Annotations/VIS/1064.xml,618,2026-08-22 04:52:37.625000,train
data_train/data_train/Annotations/VIS/1066.xml,1089,2026-08-22 04:52:37.630000,train
data_train/data_train/Annotations/VIS/1068.xml,1525,2026-08-22 04:52:37.638000,train
data_train/data_train/Annotations/VIS/1070.xml,1312,2026-08-22 04:52:37.621000,train
data_train/data_train/Annotations/VIS/1072.xml,1532,2026-08-22 04:52:37.640000,train
data_train/data_train/Annotations/VIS/1074.xml,1069,2026-08-22 04:52:37.653000,train
data_train/data_train/Annotations/VIS/1075.xml,620,2026-08-22 04:52:37.645000,train
data_train/data_train/Annotations/VIS/1076.xml,622,2026-08-22 04:52:37.655000,train
data_train/data_train/Annotations/VIS/1077.xml,860,2026-08-22 04:52:37.643000,train
data_train/data_train/Annotations/VIS/108.xml,1776,2026-08-22 04:52:37.645000,train
data_train/data_train/Annotations/VIS/1080.xml,627,2026-08-22 04:52:37.648000,train
data_train/data_train/Annotations/VIS/1082.xml,854,2026-08-22 04:52:37.654000,train
data_train/data_train/Annotations/VIS/1084.xml,1311,2026-08-22 04:52:37.651000,train
data_train/data_train/Annotations/VIS/1088.xml,1763,2026-08-22 04:52:37.662000,train
data_train/data_train/Annotations/VIS/1089.xml,854,2026-08-22 04:52:37.656000,train
data_train/data_train/Annotations/VIS/1090.xml,1310,2026-08-22 04:52:37.651000,train
data_train/data_train/Annotations/VIS/1091.xml,1538,2026-08-22 04:52:37.667000,train
data_train/data_train/Annotations/VIS/1092.xml,621,2026-08-22 04:52:37.674000,train
data_train/data_train/Annotations/VIS/1094.xml,622,2026-08-22 04:52:37.663000,train
data_train/data_train/Annotations/VIS/1097.xml,1302,2026-08-22 04:52:37.672000,train
data_train/data_train/Annotations/VIS/1099.xml,1069,2026-08-22 04:52:37.722000,train
data_train/data_train/Annotations/VIS/11.xml,841,2026-08-22 04:52:37.695000,train
data_train/data_train/Annotations/VIS/110.xml,2451,2026-08-22 04:52:37.729000,train
data_train/data_train/Annotations/VIS/1101.xml,1315,2026-08-22 04:52:37.690000,train
data_train/data_train/Annotations/VIS/1102.xml,1308,2026-08-22 04:52:37.712000,train
data_train/data_train/Annotations/VIS/1104.xml,1308,2026-08-22 04:52:37.756000,train
data_train/data_train/Annotations/VIS/1105.xml,1067,2026-08-22 04:52:37.762000,train
data_train/data_train/Annotations/VIS/1107.xml,1310,2026-08-22 04:52:37.760000,train
data_train/data_train/Annotations/VIS/1108.xml,1072,2026-08-22 04:52:37.757000,train
data_train/data_train/Annotations/VIS/1109.xml,1089,2026-08-22 04:52:37.759000,train
data_train/data_train/Annotations/VIS/111.xml,1078,2026-08-22 04:52:37.793000,train
data_train/data_train/Annotations/VIS/1111.xml,1062,2026-08-22 04:52:37.758000,train
data_train/data_train/Annotations/VIS/1112.xml,621,2026-08-22 04:52:37.771000,train
data_train/data_train/Annotations/VIS/1114.xml,1071,2026-08-22 04:52:37.778000,train
data_train/data_train/Annotations/VIS/1115.xml,1308,2026-08-22 04:52:37.772000,train
data_train/data_train/Annotations/VIS/1116.xml,1312,2026-08-22 04:52:37.766000,train
data_train/data_train/Annotations/VIS/1118.xml,1302,2026-08-22 04:52:37.773000,train
data_train/data_train/Annotations/VIS/1119.xml,2708,2026-08-22 04:52:37.774000,train
data_train/data_train/Annotations/VIS/1120.xml,846,2026-08-22 04:52:37.822000,train
data_train/data_train/Annotations/VIS/1121.xml,1086,2026-08-22 04:52:37.773000,train
data_train/data_train/Annotations/VIS/1125.xml,620,2026-08-22 04:52:37.787000,train
data_train/data_train/Annotations/VIS/1126.xml,851,2026-08-22 04:52:37.810000,train
data_train/data_train/Annotations/VIS/1128.xml,856,2026-08-22 04:52:37.780000,train
data_train/data_train/Annotations/VIS/1129.xml,1078,2026-08-22 04:52:37.781000,train
data_train/data_train/Annotations/VIS/113.xml,623,2026-08-22 04:52:37.782000,train
data_train/data_train/Annotations/VIS/1130.xml,848,2026-08-22 04:52:37.789000,train
data_train/data_train/Annotations/VIS/1131.xml,1309,2026-08-22 04:52:37.823000,train
data_train/data_train/Annotations/VIS/1132.xml,1078,2026-08-22 04:52:37.805000,train
data_train/data_train/Annotations/VIS/1136.xml,623,2026-08-22 04:52:37.815000,train
data_train/data_train/Annotations/VIS/1137.xml,1073,2026-08-22 04:52:37.784000,train
data_train/data_train/Annotations/VIS/1140.xml,625,2026-08-22 04:52:37.818000,train
data_train/data_train/Annotations/VIS/1141.xml,1081,2026-08-22 04:52:37.781000,train
data_train/data_train/Annotations/VIS/1142.xml,625,2026-08-22 04:52:37.816000,train
data_train/data_train/Annotations/VIS/1143.xml,4524,2026-08-22 04:52:37.790000,train
data_train/data_train/Annotations/VIS/1145.xml,1308,2026-08-22 04:52:37.847000,train
data_train/data_train/Annotations/VIS/1146.xml,1768,2026-08-22 04:52:37.822000,train
data_train/data_train/Annotations/VIS/1147.xml,620,2026-08-22 04:52:37.838000,train
data_train/data_train/Annotations/VIS/1149.xml,622,2026-08-22 04:52:37.833000,train
data_train/data_train/Annotations/VIS/115.xml,623,2026-08-22 04:52:37.806000,train
data_train/data_train/Annotations/VIS/1154.xml,1307,2026-08-22 04:52:37.880000,train
data_train/data_train/Annotations/VIS/1158.xml,1079,2026-08-22 04:52:37.821000,train
data_train/data_train/Annotations/VIS/1159.xml,844,2026-08-22 04:52:37.838000,train
data_train/data_train/Annotations/VIS/1160.xml,857,2026-08-22 04:52:37.824000,train
data_train/data_train/Annotations/VIS/1162.xml,2444,2026-08-22 04:52:37.836000,train
data_train/data_train/Annotations/VIS/1164.xml,1077,2026-08-22 04:52:37.920000,train
data_train/data_train/Annotations/VIS/1165.xml,2432,2026-08-22 04:52:37.855000,train
data_train/data_train/Annotations/VIS/1166.xml,1316,2026-08-22 04:52:37.839000,train
data_train/data_train/Annotations/VIS/1167.xml,1310,2026-08-22 04:52:37.841000,train
data_train/data_train/Annotations/VIS/1168.xml,622,2026-08-22 04:52:37.833000,train
data_train/data_train/Annotations/VIS/1169.xml,2459,2026-08-22 04:52:37.893000,train
data_train/data_train/Annotations/VIS/1170.xml,1528,2026-08-22 04:52:37.851000,train
data_train/data_train/Annotations/VIS/1173.xml,2442,2026-08-22 04:52:37.853000,train
data_train/data_train/Annotations/VIS/1176.xml,1772,2026-08-22 04:52:37.853000,train
data_train/data_train/Annotations/VIS/1181.xml,1778,2026-08-22 04:52:37.854000,train
data_train/data_train/Annotations/VIS/1183.xml,621,2026-08-22 04:52:37.879000,train
data_train/data_train/Annotations/VIS/1185.xml,2449,2026-08-22 04:52:37.840000,train
data_train/data_train/Annotations/VIS/1187.xml,1310,2026-08-22 04:52:37.853000,train
data_train/data_train/Annotations/VIS/1188.xml,1771,2026-08-22 04:52:37.869000,train
data_train/data_train/Annotations/VIS/119.xml,2830,2026-08-22 04:52:37.848000,train
data_train/data_train/Annotations/VIS/1190.xml,618,2026-08-22 04:52:37.871000,train
data_train/data_train/Annotations/VIS/1192.xml,850,2026-08-22 04:52:37.870000,train
data_train/data_train/Annotations/VIS/1194.xml,1071,2026-08-22 04:52:37.867000,train
data_train/data_train/Annotations/VIS/1195.xml,2888,2026-08-22 04:52:37.870000,train
data_train/data_train/Annotations/VIS/1196.xml,1552,2026-08-22 04:52:37.893000,train
data_train/data_train/Annotations/VIS/1197.xml,1313,2026-08-22 04:52:37.897000,train
data_train/data_train/Annotations/VIS/1198.xml,1316,2026-08-22 04:52:37.944000,train
data_train/data_train/Annotations/VIS/1199.xml,844,2026-08-22 04:52:37.922000,train
data_train/data_train/Annotations/VIS/12.xml,623,2026-08-22 04:52:37.929000,train
data_train/data_train/Annotations/VIS/1202.xml,620,2026-08-22 04:52:37.923000,train
data_train/data_train/Annotations/VIS/1204.xml,1066,2026-08-22 04:52:37.943000,train
data_train/data_train/Annotations/VIS/1205.xml,847,2026-08-22 04:52:37.930000,train
data_train/data_train/Annotations/VIS/1206.xml,620,2026-08-22 04:52:37.932000,train
data_train/data_train/Annotations/VIS/1208.xml,1084,2026-08-22 04:52:37.937000,train
data_train/data_train/Annotations/VIS/1209.xml,1292,2026-08-22 04:52:37.948000,train
data_train/data_train/Annotations/VIS/121.xml,1081,2026-08-22 04:52:37.970000,train
data_train/data_train/Annotations/VIS/1210.xml,621,2026-08-22 04:52:37.951000,train
data_train/data_train/Annotations/VIS/1213.xml,1081,2026-08-22 04:52:37.933000,train
data_train/data_train/Annotations/VIS/1215.xml,618,2026-08-22 04:52:37.977000,train
data_train/data_train/Annotations/VIS/1217.xml,1073,2026-08-22 04:52:37.945000,train
data_train/data_train/Annotations/VIS/1219.xml,848,2026-08-22 04:52:37.957000,train
data_train/data_train/Annotations/VIS/1220.xml,623,2026-08-22 04:52:37.948000,train
data_train/data_train/Annotations/VIS/1221.xml,1077,2026-08-22 04:52:37.949000,train
data_train/data_train/Annotations/VIS/1222.xml,1066,2026-08-22 04:52:37.952000,train
data_train/data_train/Annotations/VIS/1227.xml,1059,2026-08-22 04:52:37.946000,train
data_train/data_train/Annotations/VIS/1228.xml,618,2026-08-22 04:52:37.970000,train
data_train/data_train/Annotations/VIS/1229.xml,618,2026-08-22 04:52:37.953000,train
data_train/data_train/Annotations/VIS/123.xml,2460,2026-08-22 04:52:37.967000,train
data_train/data_train/Annotations/VIS/1231.xml,1069,2026-08-22 04:52:37.956000,train
data_train/data_train/Annotations/VIS/1232.xml,1307,2026-08-22 04:52:37.973000,train
data_train/data_train/Annotations/VIS/1235.xml,624,2026-08-22 04:52:37.979000,train
data_train/data_train/Annotations/VIS/1236.xml,1081,2026-08-22 04:52:38.005000,train
data_train/data_train/Annotations/VIS/1238.xml,2460,2026-08-22 04:52:37.977000,train
data_train/data_train/Annotations/VIS/1239.xml,620,2026-08-22 04:52:38.007000,train
data_train/data_train/Annotations/VIS/1240.xml,1078,2026-08-22 04:52:38.020000,train
data_train/data_train/Annotations/VIS/1242.xml,618,2026-08-22 04:52:37.970000,train
data_train/data_train/Annotations/VIS/1243.xml,2448,2026-08-22 04:52:37.981000,train
data_train/data_train/Annotations/VIS/1244.xml,2207,2026-08-22 04:52:38.001000,train
data_train/data_train/Annotations/VIS/1246.xml,853,2026-08-22 04:52:37.976000,train
data_train/data_train/Annotations/VIS/1247.xml,620,2026-08-22 04:52:37.970000,train
data_train/data_train/Annotations/VIS/1249.xml,1773,2026-08-22 04:52:38.008000,train
data_train/data_train/Annotations/VIS/125.xml,1744,2026-08-22 04:52:37.994000,train
data_train/data_train/Annotations/VIS/1251.xml,846,2026-08-22 04:52:37.984000,train
data_train/data_train/Annotations/VIS/1252.xml,1079,2026-08-22 04:52:37.984000,train
data_train/data_train/Annotations/VIS/1257.xml,619,2026-08-22 04:52:37.988000,train
data_train/data_train/Annotations/VIS/1259.xml,1083,2026-08-22 04:52:37.988000,train
data_train/data_train/Annotations/VIS/126.xml,620,2026-08-22 04:52:37.987000,train
data_train/data_train/Annotations/VIS/1260.xml,622,2026-08-22 04:52:37.998000,train
data_train/data_train/Annotations/VIS/1261.xml,1082,2026-08-22 04:52:38,train
data_train/data_train/Annotations/VIS/1262.xml,2450,2026-08-22 04:52:37.984000,train
data_train/data_train/Annotations/VIS/1263.xml,848,2026-08-22 04:52:38.002000,train
data_train/data_train/Annotations/VIS/1264.xml,622,2026-08-22 04:52:37.995000,train
data_train/data_train/Annotations/VIS/1265.xml,1075,2026-08-22 04:52:38.092000,train
data_train/data_train/Annotations/VIS/1266.xml,847,2026-08-22 04:52:38.010000,train
data_train/data_train/Annotations/VIS/1268.xml,856,2026-08-22 04:52:38.008000,train
data_train/data_train/Annotations/VIS/127.xml,1549,2026-08-22 04:52:38.008000,train
data_train/data_train/Annotations/VIS/1270.xml,1316,2026-08-22 04:52:38.014000,train
data_train/data_train/Annotations/VIS/1271.xml,1546,2026-08-22 04:52:38.031000,train
data_train/data_train/Annotations/VIS/1272.xml,619,2026-08-22 04:52:38.052000,train
data_train/data_train/Annotations/VIS/1274.xml,1079,2026-08-22 04:52:38.011000,train
data_train/data_train/Annotations/VIS/1276.xml,621,2026-08-22 04:52:38.009000,train
data_train/data_train/Annotations/VIS/1277.xml,1309,2026-08-22 04:52:38.020000,train
data_train/data_train/Annotations/VIS/1279.xml,1093,2026-08-22 04:52:38.044000,train
data_train/data_train/Annotations/VIS/1282.xml,1308,2026-08-22 04:52:38.016000,train
data_train/data_train/Annotations/VIS/1283.xml,1084,2026-08-22 04:52:38.036000,train
data_train/data_train/Annotations/VIS/1286.xml,618,2026-08-22 04:52:38.187000,train
data_train/data_train/Annotations/VIS/1287.xml,1300,2026-08-22 04:52:38.052000,train
data_train/data_train/Annotations/VIS/1292.xml,1084,2026-08-22 04:52:38.049000,train
data_train/data_train/Annotations/VIS/1294.xml,1306,2026-08-22 04:52:38.065000,train
data_train/data_train/Annotations/VIS/1295.xml,1082,2026-08-22 04:52:38.077000,train
data_train/data_train/Annotations/VIS/1297.xml,856,2026-08-22 04:52:38.058000,train
data_train/data_train/Annotations/VIS/1298.xml,1316,2026-08-22 04:52:38.066000,train
data_train/data_train/Annotations/VIS/1299.xml,624,2026-08-22 04:52:38.079000,train
data_train/data_train/Annotations/VIS/13.xml,616,2026-08-22 04:52:38.094000,train
data_train/data_train/Annotations/VIS/1305.xml,1776,2026-08-22 04:52:38.074000,train
data_train/data_train/Annotations/VIS/1306.xml,1078,2026-08-22 04:52:38.064000,train
data_train/data_train/Annotations/VIS/1308.xml,1082,2026-08-22 04:52:38.072000,train
data_train/data_train/Annotations/VIS/131.xml,618,2026-08-22 04:52:38.105000,train
data_train/data_train/Annotations/VIS/1311.xml,1551,2026-08-22 04:52:38.073000,train
data_train/data_train/Annotations/VIS/1313.xml,1084,2026-08-22 04:52:38.076000,train
data_train/data_train/Annotations/VIS/1314.xml,1308,2026-08-22 04:52:38.072000,train
data_train/data_train/Annotations/VIS/1316.xml,627,2026-08-22 04:52:38.078000,train
data_train/data_train/Annotations/VIS/1320.xml,620,2026-08-22 04:52:38.086000,train
data_train/data_train/Annotations/VIS/1321.xml,1083,2026-08-22 04:52:38.089000,train
data_train/data_train/Annotations/VIS/1324.xml,1310,2026-08-22 04:52:38.087000,train
data_train/data_train/Annotations/VIS/1325.xml,1298,2026-08-22 04:52:38.129000,train
data_train/data_train/Annotations/VIS/1329.xml,625,2026-08-22 04:52:38.104000,train
data_train/data_train/Annotations/VIS/133.xml,620,2026-08-22 04:52:38.097000,train
data_train/data_train/Annotations/VIS/1330.xml,624,2026-08-22 04:52:38.087000,train
data_train/data_train/Annotations/VIS/1331.xml,1529,2026-08-22 04:52:38.096000,train
data_train/data_train/Annotations/VIS/1334.xml,1775,2026-08-22 04:52:38.107000,train
data_train/data_train/Annotations/VIS/1335.xml,1069,2026-08-22 04:52:38.096000,train
data_train/data_train/Annotations/VIS/1337.xml,1068,2026-08-22 04:52:38.109000,train
data_train/data_train/Annotations/VIS/1338.xml,1546,2026-08-22 04:52:38.224000,train
data_train/data_train/Annotations/VIS/134.xml,2695,2026-08-22 04:52:38.099000,train
data_train/data_train/Annotations/VIS/1340.xml,841,2026-08-22 04:52:38.092000,train
data_train/data_train/Annotations/VIS/1341.xml,1084,2026-08-22 04:52:38.109000,train
data_train/data_train/Annotations/VIS/1344.xml,2459,2026-08-22 04:52:38.232000,train
data_train/data_train/Annotations/VIS/1345.xml,1084,2026-08-22 04:52:38.121000,train
data_train/data_train/Annotations/VIS/1347.xml,1081,2026-08-22 04:52:38.115000,train
data_train/data_train/Annotations/VIS/1348.xml,1306,2026-08-22 04:52:38.111000,train
data_train/data_train/Annotations/VIS/135.xml,846,2026-08-22 04:52:38.110000,train
data_train/data_train/Annotations/VIS/1351.xml,619,2026-08-22 04:52:38.113000,train
data_train/data_train/Annotations/VIS/1353.xml,1550,2026-08-22 04:52:38.145000,train
data_train/data_train/Annotations/VIS/1354.xml,1312,2026-08-22 04:52:38.120000,train
data_train/data_train/Annotations/VIS/1355.xml,1079,2026-08-22 04:52:38.137000,train
data_train/data_train/Annotations/VIS/1356.xml,621,2026-08-22 04:52:38.121000,train
data_train/data_train/Annotations/VIS/1357.xml,1083,2026-08-22 04:52:38.130000,train
data_train/data_train/Annotations/VIS/1358.xml,1084,2026-08-22 04:52:38.119000,train
data_train/data_train/Annotations/VIS/1360.xml,620,2026-08-22 04:52:38.113000,train
data_train/data_train/Annotations/VIS/1362.xml,1079,2026-08-22 04:52:38.117000,train
data_train/data_train/Annotations/VIS/1363.xml,1084,2026-08-22 04:52:38.126000,train
data_train/data_train/Annotations/VIS/1368.xml,1084,2026-08-22 04:52:38.185000,train
data_train/data_train/Annotations/VIS/1369.xml,857,2026-08-22 04:52:38.116000,train
data_train/data_train/Annotations/VIS/1370.xml,1066,2026-08-22 04:52:38.139000,train
data_train/data_train/Annotations/VIS/1371.xml,1084,2026-08-22 04:52:38.132000,train
data_train/data_train/Annotations/VIS/1372.xml,1076,2026-08-22 04:52:38.145000,train
data_train/data_train/Annotations/VIS/1374.xml,1295,2026-08-22 04:52:38.188000,train
data_train/data_train/Annotations/VIS/1376.xml,1084,2026-08-22 04:52:38.146000,train
data_train/data_train/Annotations/VIS/1378.xml,852,2026-08-22 04:52:38.145000,train
data_train/data_train/Annotations/VIS/1379.xml,1313,2026-08-22 04:52:38.156000,train
data_train/data_train/Annotations/VIS/1381.xml,1534,2026-08-22 04:52:38.162000,train
data_train/data_train/Annotations/VIS/1383.xml,844,2026-08-22 04:52:38.202000,train
data_train/data_train/Annotations/VIS/1385.xml,626,2026-08-22 04:52:38.206000,train
data_train/data_train/Annotations/VIS/1386.xml,622,2026-08-22 04:52:38.170000,train
data_train/data_train/Annotations/VIS/139.xml,1307,2026-08-22 04:52:38.178000,train
data_train/data_train/Annotations/VIS/1390.xml,1307,2026-08-22 04:52:38.175000,train
data_train/data_train/Annotations/VIS/1391.xml,1084,2026-08-22 04:52:38.207000,train
data_train/data_train/Annotations/VIS/1394.xml,1315,2026-08-22 04:52:38.174000,train
data_train/data_train/Annotations/VIS/1396.xml,1068,2026-08-22 04:52:38.188000,train
data_train/data_train/Annotations/VIS/1398.xml,1075,2026-08-22 04:52:38.220000,train
data_train/data_train/Annotations/VIS/1403.xml,626,2026-08-22 04:52:38.285000,train
data_train/data_train/Annotations/VIS/1405.xml,621,2026-08-22 04:52:38.209000,train
data_train/data_train/Annotations/VIS/1406.xml,855,2026-08-22 04:52:38.268000,train
data_train/data_train/Annotations/VIS/1408.xml,1967,2026-08-22 04:52:38.190000,train
data_train/data_train/Annotations/VIS/141.xml,1313,2026-08-22 04:52:38.199000,train
data_train/data_train/Annotations/VIS/1413.xml,621,2026-08-22 04:52:38.231000,train
data_train/data_train/Annotations/VIS/1414.xml,841,2026-08-22 04:52:38.211000,train
data_train/data_train/Annotations/VIS/1415.xml,847,2026-08-22 04:52:38.217000,train
data_train/data_train/Annotations/VIS/1417.xml,2450,2026-08-22 04:52:38.249000,train
data_train/data_train/Annotations/VIS/1419.xml,1311,2026-08-22 04:52:38.249000,train
data_train/data_train/Annotations/VIS/142.xml,1085,2026-08-22 04:52:38.240000,train
data_train/data_train/Annotations/VIS/1420.xml,844,2026-08-22 04:52:38.214000,train
data_train/data_train/Annotations/VIS/1421.xml,1971,2026-08-22 04:52:38.214000,train
data_train/data_train/Annotations/VIS/1422.xml,1307,2026-08-22 04:52:38.199000,train
data_train/data_train/Annotations/VIS/1425.xml,1776,2026-08-22 04:52:38.209000,train
data_train/data_train/Annotations/VIS/1427.xml,1304,2026-08-22 04:52:38.216000,train
data_train/data_train/Annotations/VIS/143.xml,851,2026-08-22 04:52:38.230000,train
data_train/data_train/Annotations/VIS/1430.xml,620,2026-08-22 04:52:38.268000,train
data_train/data_train/Annotations/VIS/1432.xml,1081,2026-08-22 04:52:38.215000,train
data_train/data_train/Annotations/VIS/1434.xml,1513,2026-08-22 04:52:38.253000,train
data_train/data_train/Annotations/VIS/1435.xml,846,2026-08-22 04:52:38.240000,train
data_train/data_train/Annotations/VIS/1436.xml,1077,2026-08-22 04:52:38.210000,train
data_train/data_train/Annotations/VIS/1437.xml,622,2026-08-22 04:52:38.215000,train
data_train/data_train/Annotations/VIS/1439.xml,627,2026-08-22 04:52:38.250000,train
data_train/data_train/Annotations/VIS/144.xml,847,2026-08-22 04:52:38.216000,train
data_train/data_train/Annotations/VIS/1440.xml,1084,2026-08-22 04:52:38.230000,train
data_train/data_train/Annotations/VIS/1442.xml,1084,2026-08-22 04:52:38.237000,train
data_train/data_train/Annotations/VIS/1443.xml,856,2026-08-22 04:52:38.219000,train
data_train/data_train/Annotations/VIS/1444.xml,1316,2026-08-22 04:52:38.228000,train
data_train/data_train/Annotations/VIS/1445.xml,1082,2026-08-22 04:52:38.222000,train
data_train/data_train/Annotations/VIS/1446.xml,1312,2026-08-22 04:52:38.318000,train
data_train/data_train/Annotations/VIS/1447.xml,621,2026-08-22 04:52:38.230000,train
data_train/data_train/Annotations/VIS/1448.xml,845,2026-08-22 04:52:38.222000,train
data_train/data_train/Annotations/VIS/1450.xml,622,2026-08-22 04:52:38.241000,train
data_train/data_train/Annotations/VIS/1451.xml,1765,2026-08-22 04:52:38.258000,train
data_train/data_train/Annotations/VIS/1452.xml,860,2026-08-22 04:52:38.253000,train
data_train/data_train/Annotations/VIS/1455.xml,1088,2026-08-22 04:52:38.268000,train
data_train/data_train/Annotations/VIS/1459.xml,2429,2026-08-22 04:52:38.293000,train
data_train/data_train/Annotations/VIS/146.xml,1527,2026-08-22 04:52:38.245000,train
data_train/data_train/Annotations/VIS/1460.xml,621,2026-08-22 04:52:38.281000,train
data_train/data_train/Annotations/VIS/1461.xml,1078,2026-08-22 04:52:38.268000,train
data_train/data_train/Annotations/VIS/1462.xml,856,2026-08-22 04:52:38.268000,train
data_train/data_train/Annotations/VIS/1464.xml,1074,2026-08-22 04:52:38.253000,train
data_train/data_train/Annotations/VIS/1465.xml,620,2026-08-22 04:52:38.268000,train
data_train/data_train/Annotations/VIS/1467.xml,1080,2026-08-22 04:52:38.268000,train
data_train/data_train/Annotations/VIS/1468.xml,1304,2026-08-22 04:52:38.410000,train
data_train/data_train/Annotations/VIS/147.xml,1312,2026-08-22 04:52:38.335000,train
data_train/data_train/Annotations/VIS/1472.xml,1547,2026-08-22 04:52:38.279000,train
data_train/data_train/Annotations/VIS/1475.xml,1084,2026-08-22 04:52:38.282000,train
data_train/data_train/Annotations/VIS/1476.xml,1772,2026-08-22 04:52:38.289000,train
data_train/data_train/Annotations/VIS/1477.xml,617,2026-08-22 04:52:38.283000,train
data_train/data_train/Annotations/VIS/1478.xml,1510,2026-08-22 04:52:38.280000,train
data_train/data_train/Annotations/VIS/148.xml,1521,2026-08-22 04:52:38.297000,train
data_train/data_train/Annotations/VIS/1482.xml,848,2026-08-22 04:52:38.294000,train
data_train/data_train/Annotations/VIS/1483.xml,1063,2026-08-22 04:52:38.293000,train
data_train/data_train/Annotations/VIS/1484.xml,1073,2026-08-22 04:52:38.299000,train
data_train/data_train/Annotations/VIS/1486.xml,1316,2026-08-22 04:52:38.308000,train
data_train/data_train/Annotations/VIS/1487.xml,621,2026-08-22 04:52:38.303000,train
data_train/data_train/Annotations/VIS/1488.xml,622,2026-08-22 04:52:38.297000,train
data_train/data_train/Annotations/VIS/1489.xml,1073,2026-08-22 04:52:38.336000,train
data_train/data_train/Annotations/VIS/1490.xml,1300,2026-08-22 04:52:38.306000,train
data_train/data_train/Annotations/VIS/1492.xml,620,2026-08-22 04:52:38.351000,train
data_train/data_train/Annotations/VIS/1494.xml,1530,2026-08-22 04:52:38.309000,train
data_train/data_train/Annotations/VIS/1496.xml,626,2026-08-22 04:52:38.320000,train
data_train/data_train/Annotations/VIS/1497.xml,620,2026-08-22 04:52:38.320000,train
data_train/data_train/Annotations/VIS/15.xml,842,2026-08-22 04:52:38.333000,train
data_train/data_train/Annotations/VIS/150.xml,2450,2026-08-22 04:52:38.312000,train
data_train/data_train/Annotations/VIS/1501.xml,854,2026-08-22 04:52:38.306000,train
data_train/data_train/Annotations/VIS/1503.xml,618,2026-08-22 04:52:38.356000,train
data_train/data_train/Annotations/VIS/1504.xml,844,2026-08-22 04:52:38.312000,train
data_train/data_train/Annotations/VIS/1506.xml,845,2026-08-22 04:52:38.315000,train
data_train/data_train/Annotations/VIS/1507.xml,1078,2026-08-22 04:52:38.334000,train
data_train/data_train/Annotations/VIS/1508.xml,1552,2026-08-22 04:52:38.379000,train
data_train/data_train/Annotations/VIS/151.xml,1088,2026-08-22 04:52:38.488000,train
data_train/data_train/Annotations/VIS/1511.xml,622,2026-08-22 04:52:38.329000,train
data_train/data_train/Annotations/VIS/1512.xml,1081,2026-08-22 04:52:38.331000,train
data_train/data_train/Annotations/VIS/1513.xml,618,2026-08-22 04:52:38.404000,train
data_train/data_train/Annotations/VIS/1514.xml,1072,2026-08-22 04:52:38.336000,train
data_train/data_train/Annotations/VIS/1515.xml,621,2026-08-22 04:52:38.321000,train
data_train/data_train/Annotations/VIS/1517.xml,1290,2026-08-22 04:52:38.327000,train
data_train/data_train/Annotations/VIS/1519.xml,1076,2026-08-22 04:52:38.358000,train
data_train/data_train/Annotations/VIS/1522.xml,1289,2026-08-22 04:52:38.349000,train
data_train/data_train/Annotations/VIS/1523.xml,618,2026-08-22 04:52:38.330000,train
data_train/data_train/Annotations/VIS/1525.xml,1076,2026-08-22 04:52:38.328000,train
data_train/data_train/Annotations/VIS/1526.xml,1528,2026-08-22 04:52:38.339000,train
data_train/data_train/Annotations/VIS/1527.xml,1534,2026-08-22 04:52:38.357000,train
data_train/data_train/Annotations/VIS/1529.xml,1072,2026-08-22 04:52:38.370000,train
data_train/data_train/Annotations/VIS/1530.xml,850,2026-08-22 04:52:38.329000,train
data_train/data_train/Annotations/VIS/1531.xml,621,2026-08-22 04:52:38.349000,train
data_train/data_train/Annotations/VIS/1532.xml,624,2026-08-22 04:52:38.372000,train
data_train/data_train/Annotations/VIS/1534.xml,1072,2026-08-22 04:52:38.342000,train
data_train/data_train/Annotations/VIS/1535.xml,1089,2026-08-22 04:52:38.343000,train
data_train/data_train/Annotations/VIS/1536.xml,621,2026-08-22 04:52:38.350000,train
data_train/data_train/Annotations/VIS/1537.xml,1970,2026-08-22 04:52:38.351000,train
data_train/data_train/Annotations/VIS/1538.xml,3115,2026-08-22 04:52:38.348000,train
data_train/data_train/Annotations/VIS/1539.xml,857,2026-08-22 04:52:38.363000,train
data_train/data_train/Annotations/VIS/154.xml,843,2026-08-22 04:52:38.359000,train
data_train/data_train/Annotations/VIS/1541.xml,1308,2026-08-22 04:52:38.347000,train
data_train/data_train/Annotations/VIS/1542.xml,1075,2026-08-22 04:52:38.458000,train
data_train/data_train/Annotations/VIS/1545.xml,3754,2026-08-22 04:52:38.372000,train
data_train/data_train/Annotations/VIS/1546.xml,622,2026-08-22 04:52:38.387000,train
data_train/data_train/Annotations/VIS/1547.xml,854,2026-08-22 04:52:38.363000,train
data_train/data_train/Annotations/VIS/1548.xml,2462,2026-08-22 04:52:38.378000,train
data_train/data_train/Annotations/VIS/155.xml,857,2026-08-22 04:52:38.368000,train
data_train/data_train/Annotations/VIS/1550.xml,615,2026-08-22 04:52:38.377000,train
data_train/data_train/Annotations/VIS/1555.xml,845,2026-08-22 04:52:38.368000,train
data_train/data_train/Annotations/VIS/1556.xml,1767,2026-08-22 04:52:38.380000,train
data_train/data_train/Annotations/VIS/1557.xml,1084,2026-08-22 04:52:38.372000,train
data_train/data_train/Annotations/VIS/1559.xml,1301,2026-08-22 04:52:38.370000,train
data_train/data_train/Annotations/VIS/156.xml,847,2026-08-22 04:52:38.385000,train
data_train/data_train/Annotations/VIS/1560.xml,1316,2026-08-22 04:52:38.458000,train
data_train/data_train/Annotations/VIS/1562.xml,1076,2026-08-22 04:52:38.385000,train
data_train/data_train/Annotations/VIS/1563.xml,626,2026-08-22 04:52:38.385000,train
data_train/data_train/Annotations/VIS/1564.xml,1077,2026-08-22 04:52:38.402000,train
data_train/data_train/Annotations/VIS/1565.xml,620,2026-08-22 04:52:38.385000,train
data_train/data_train/Annotations/VIS/1568.xml,3594,2026-08-22 04:52:38.386000,train
data_train/data_train/Annotations/VIS/157.xml,1314,2026-08-22 04:52:38.420000,train
data_train/data_train/Annotations/VIS/1570.xml,858,2026-08-22 04:52:38.395000,train
data_train/data_train/Annotations/VIS/1577.xml,847,2026-08-22 04:52:38.529000,train
data_train/data_train/Annotations/VIS/1578.xml,1543,2026-08-22 04:52:38.409000,train
data_train/data_train/Annotations/VIS/1579.xml,1770,2026-08-22 04:52:38.403000,train
data_train/data_train/Annotations/VIS/158.xml,852,2026-08-22 04:52:38.403000,train
data_train/data_train/Annotations/VIS/1580.xml,854,2026-08-22 04:52:38.404000,train
data_train/data_train/Annotations/VIS/1581.xml,1315,2026-08-22 04:52:38.404000,train
data_train/data_train/Annotations/VIS/1582.xml,619,2026-08-22 04:52:38.410000,train
data_train/data_train/Annotations/VIS/1583.xml,622,2026-08-22 04:52:38.423000,train
data_train/data_train/Annotations/VIS/1585.xml,848,2026-08-22 04:52:38.413000,train
data_train/data_train/Annotations/VIS/1586.xml,627,2026-08-22 04:52:38.412000,train
data_train/data_train/Annotations/VIS/1588.xml,1513,2026-08-22 04:52:38.425000,train
data_train/data_train/Annotations/VIS/159.xml,1306,2026-08-22 04:52:38.429000,train
data_train/data_train/Annotations/VIS/1590.xml,845,2026-08-22 04:52:38.416000,train
data_train/data_train/Annotations/VIS/1591.xml,620,2026-08-22 04:52:38.427000,train
data_train/data_train/Annotations/VIS/1592.xml,620,2026-08-22 04:52:38.422000,train
data_train/data_train/Annotations/VIS/1595.xml,857,2026-08-22 04:52:38.439000,train
data_train/data_train/Annotations/VIS/1596.xml,1089,2026-08-22 04:52:38.425000,train
data_train/data_train/Annotations/VIS/1597.xml,1084,2026-08-22 04:52:38.417000,train
data_train/data_train/Annotations/VIS/1599.xml,1778,2026-08-22 04:52:38.446000,train
data_train/data_train/Annotations/VIS/160.xml,1081,2026-08-22 04:52:38.430000,train
data_train/data_train/Annotations/VIS/1601.xml,1066,2026-08-22 04:52:38.439000,train
data_train/data_train/Annotations/VIS/1604.xml,1079,2026-08-22 04:52:38.488000,train
data_train/data_train/Annotations/VIS/1605.xml,620,2026-08-22 04:52:38.436000,train
data_train/data_train/Annotations/VIS/1606.xml,1550,2026-08-22 04:52:38.431000,train
data_train/data_train/Annotations/VIS/1607.xml,1077,2026-08-22 04:52:38.434000,train
data_train/data_train/Annotations/VIS/1608.xml,1078,2026-08-22 04:52:38.448000,train
data_train/data_train/Annotations/VIS/1609.xml,622,2026-08-22 04:52:38.446000,train
data_train/data_train/Annotations/VIS/1613.xml,621,2026-08-22 04:52:38.486000,train
data_train/data_train/Annotations/VIS/1614.xml,1773,2026-08-22 04:52:38.440000,train
data_train/data_train/Annotations/VIS/1617.xml,2673,2026-08-22 04:52:38.458000,train
data_train/data_train/Annotations/VIS/1619.xml,843,2026-08-22 04:52:38.447000,train
data_train/data_train/Annotations/VIS/162.xml,1297,2026-08-22 04:52:38.451000,train
data_train/data_train/Annotations/VIS/1621.xml,1314,2026-08-22 04:52:38.449000,train
data_train/data_train/Annotations/VIS/1623.xml,622,2026-08-22 04:52:38.453000,train
data_train/data_train/Annotations/VIS/1625.xml,1084,2026-08-22 04:52:38.450000,train
data_train/data_train/Annotations/VIS/1626.xml,1526,2026-08-22 04:52:38.459000,train
data_train/data_train/Annotations/VIS/1628.xml,1774,2026-08-22 04:52:38.468000,train
data_train/data_train/Annotations/VIS/1629.xml,1311,2026-08-22 04:52:38.496000,train
data_train/data_train/Annotations/VIS/163.xml,840,2026-08-22 04:52:38.521000,train
data_train/data_train/Annotations/VIS/1630.xml,1308,2026-08-22 04:52:38.458000,train
data_train/data_train/Annotations/VIS/1631.xml,1075,2026-08-22 04:52:38.458000,train
data_train/data_train/Annotations/VIS/1634.xml,1084,2026-08-22 04:52:38.463000,train
data_train/data_train/Annotations/VIS/1635.xml,625,2026-08-22 04:52:38.456000,train
data_train/data_train/Annotations/VIS/1636.xml,856,2026-08-22 04:52:38.458000,train
data_train/data_train/Annotations/VIS/1639.xml,618,2026-08-22 04:52:38.474000,train
data_train/data_train/Annotations/VIS/164.xml,1550,2026-08-22 04:52:38.510000,train
data_train/data_train/Annotations/VIS/1641.xml,1531,2026-08-22 04:52:38.467000,train
data_train/data_train/Annotations/VIS/1642.xml,852,2026-08-22 04:52:38.480000,train
data_train/data_train/Annotations/VIS/1644.xml,1082,2026-08-22 04:52:38.478000,train
data_train/data_train/Annotations/VIS/1646.xml,2448,2026-08-22 04:52:38.587000,train
data_train/data_train/Annotations/VIS/1648.xml,1081,2026-08-22 04:52:38.478000,train
data_train/data_train/Annotations/VIS/1649.xml,1533,2026-08-22 04:52:38.486000,train
data_train/data_train/Annotations/VIS/165.xml,618,2026-08-22 04:52:38.508000,train
data_train/data_train/Annotations/VIS/1652.xml,1077,2026-08-22 04:52:38.490000,train
data_train/data_train/Annotations/VIS/1653.xml,1773,2026-08-22 04:52:38.471000,train
data_train/data_train/Annotations/VIS/1657.xml,626,2026-08-22 04:52:38.514000,train
data_train/data_train/Annotations/VIS/166.xml,850,2026-08-22 04:52:38.510000,train
data_train/data_train/Annotations/VIS/1660.xml,846,2026-08-22 04:52:38.505000,train
data_train/data_train/Annotations/VIS/1661.xml,1764,2026-08-22 04:52:38.503000,train
data_train/data_train/Annotations/VIS/1663.xml,1307,2026-08-22 04:52:38.551000,train
data_train/data_train/Annotations/VIS/1664.xml,1732,2026-08-22 04:52:38.503000,train
data_train/data_train/Annotations/VIS/1665.xml,1307,2026-08-22 04:52:38.504000,train
data_train/data_train/Annotations/VIS/1668.xml,1969,2026-08-22 04:52:38.498000,train
data_train/data_train/Annotations/VIS/1670.xml,620,2026-08-22 04:52:38.506000,train
data_train/data_train/Annotations/VIS/1671.xml,617,2026-08-22 04:52:38.576000,train
data_train/data_train/Annotations/VIS/1672.xml,618,2026-08-22 04:52:38.515000,train
data_train/data_train/Annotations/VIS/1674.xml,1538,2026-08-22 04:52:38.634000,train
data_train/data_train/Annotations/VIS/1675.xml,2224,2026-08-22 04:52:38.546000,train
data_train/data_train/Annotations/VIS/1679.xml,1072,2026-08-22 04:52:38.520000,train
data_train/data_train/Annotations/VIS/168.xml,1067,2026-08-22 04:52:38.518000,train
data_train/data_train/Annotations/VIS/1680.xml,1544,2026-08-22 04:52:38.515000,train
data_train/data_train/Annotations/VIS/1681.xml,854,2026-08-22 04:52:38.513000,train
data_train/data_train/Annotations/VIS/1682.xml,1312,2026-08-22 04:52:38.521000,train
data_train/data_train/Annotations/VIS/1685.xml,1295,2026-08-22 04:52:38.541000,train
data_train/data_train/Annotations/VIS/1687.xml,1074,2026-08-22 04:52:38.535000,train
data_train/data_train/Annotations/VIS/1689.xml,845,2026-08-22 04:52:38.509000,train
data_train/data_train/Annotations/VIS/1691.xml,1302,2026-08-22 04:52:38.523000,train
data_train/data_train/Annotations/VIS/1694.xml,1530,2026-08-22 04:52:38.520000,train
data_train/data_train/Annotations/VIS/1695.xml,1075,2026-08-22 04:52:38.540000,train
data_train/data_train/Annotations/VIS/1696.xml,853,2026-08-22 04:52:38.531000,train
data_train/data_train/Annotations/VIS/1697.xml,1077,2026-08-22 04:52:38.520000,train
data_train/data_train/Annotations/VIS/1698.xml,621,2026-08-22 04:52:38.529000,train
data_train/data_train/Annotations/VIS/1699.xml,2436,2026-08-22 04:52:38.592000,train
data_train/data_train/Annotations/VIS/17.xml,1080,2026-08-22 04:52:38.534000,train
data_train/data_train/Annotations/VIS/170.xml,858,2026-08-22 04:52:38.533000,train
data_train/data_train/Annotations/VIS/1700.xml,1074,2026-08-22 04:52:38.577000,train
data_train/data_train/Annotations/VIS/1703.xml,1079,2026-08-22 04:52:38.545000,train
data_train/data_train/Annotations/VIS/1704.xml,854,2026-08-22 04:52:38.584000,train
data_train/data_train/Annotations/VIS/1705.xml,1316,2026-08-22 04:52:38.672000,train
data_train/data_train/Annotations/VIS/1707.xml,1082,2026-08-22 04:52:38.533000,train
data_train/data_train/Annotations/VIS/1708.xml,1084,2026-08-22 04:52:38.645000,train
data_train/data_train/Annotations/VIS/171.xml,1076,2026-08-22 04:52:38.560000,train
data_train/data_train/Annotations/VIS/1711.xml,621,2026-08-22 04:52:38.818000,train
data_train/data_train/Annotations/VIS/1712.xml,1529,2026-08-22 04:52:38.552000,train
data_train/data_train/Annotations/VIS/1714.xml,1084,2026-08-22 04:52:38.550000,train
data_train/data_train/Annotations/VIS/1717.xml,1083,2026-08-22 04:52:38.544000,train
data_train/data_train/Annotations/VIS/172.xml,1532,2026-08-22 04:52:38.551000,train
data_train/data_train/Annotations/VIS/1720.xml,1061,2026-08-22 04:52:38.545000,train
data_train/data_train/Annotations/VIS/1725.xml,628,2026-08-22 04:52:38.573000,train
data_train/data_train/Annotations/VIS/1728.xml,857,2026-08-22 04:52:38.560000,train
data_train/data_train/Annotations/VIS/173.xml,848,2026-08-22 04:52:38.583000,train
data_train/data_train/Annotations/VIS/1731.xml,1311,2026-08-22 04:52:38.586000,train
data_train/data_train/Annotations/VIS/1733.xml,1768,2026-08-22 04:52:38.566000,train
data_train/data_train/Annotations/VIS/1738.xml,615,2026-08-22 04:52:38.612000,train
data_train/data_train/Annotations/VIS/1739.xml,1302,2026-08-22 04:52:38.629000,train
data_train/data_train/Annotations/VIS/1741.xml,1082,2026-08-22 04:52:38.569000,train
data_train/data_train/Annotations/VIS/1742.xml,1075,2026-08-22 04:52:38.566000,train
data_train/data_train/Annotations/VIS/1744.xml,627,2026-08-22 04:52:38.584000,train
data_train/data_train/Annotations/VIS/1745.xml,840,2026-08-22 04:52:38.586000,train
data_train/data_train/Annotations/VIS/1747.xml,619,2026-08-22 04:52:38.582000,train
data_train/data_train/Annotations/VIS/1748.xml,622,2026-08-22 04:52:38.581000,train
data_train/data_train/Annotations/VIS/1749.xml,1313,2026-08-22 04:52:38.588000,train
data_train/data_train/Annotations/VIS/1753.xml,1550,2026-08-22 04:52:38.583000,train
data_train/data_train/Annotations/VIS/1754.xml,1061,2026-08-22 04:52:38.638000,train
data_train/data_train/Annotations/VIS/1755.xml,619,2026-08-22 04:52:38.592000,train
data_train/data_train/Annotations/VIS/1756.xml,857,2026-08-22 04:52:38.642000,train
data_train/data_train/Annotations/VIS/1757.xml,1083,2026-08-22 04:52:38.659000,train
data_train/data_train/Annotations/VIS/1758.xml,619,2026-08-22 04:52:38.607000,train
data_train/data_train/Annotations/VIS/1759.xml,1084,2026-08-22 04:52:38.599000,train
data_train/data_train/Annotations/VIS/176.xml,618,2026-08-22 04:52:38.605000,train
data_train/data_train/Annotations/VIS/1760.xml,1083,2026-08-22 04:52:38.601000,train
data_train/data_train/Annotations/VIS/1761.xml,622,2026-08-22 04:52:38.598000,train
data_train/data_train/Annotations/VIS/1763.xml,1084,2026-08-22 04:52:38.628000,train
data_train/data_train/Annotations/VIS/1765.xml,620,2026-08-22 04:52:38.609000,train
data_train/data_train/Annotations/VIS/1766.xml,618,2026-08-22 04:52:38.615000,train
data_train/data_train/Annotations/VIS/1768.xml,1308,2026-08-22 04:52:38.618000,train
data_train/data_train/Annotations/VIS/177.xml,1063,2026-08-22 04:52:38.653000,train
data_train/data_train/Annotations/VIS/1770.xml,1312,2026-08-22 04:52:38.607000,train
data_train/data_train/Annotations/VIS/1774.xml,1774,2026-08-22 04:52:38.632000,train
data_train/data_train/Annotations/VIS/1776.xml,1081,2026-08-22 04:52:38.604000,train
data_train/data_train/Annotations/VIS/1777.xml,840,2026-08-22 04:52:38.611000,train
data_train/data_train/Annotations/VIS/178.xml,1073,2026-08-22 04:52:38.650000,train
data_train/data_train/Annotations/VIS/1781.xml,850,2026-08-22 04:52:38.617000,train
data_train/data_train/Annotations/VIS/1784.xml,620,2026-08-22 04:52:38.610000,train
data_train/data_train/Annotations/VIS/1785.xml,1532,2026-08-22 04:52:38.632000,train
data_train/data_train/Annotations/VIS/1787.xml,858,2026-08-22 04:52:38.617000,train
data_train/data_train/Annotations/VIS/1788.xml,625,2026-08-22 04:52:38.625000,train
data_train/data_train/Annotations/VIS/1789.xml,1308,2026-08-22 04:52:38.619000,train
data_train/data_train/Annotations/VIS/179.xml,623,2026-08-22 04:52:38.634000,train
data_train/data_train/Annotations/VIS/1790.xml,1080,2026-08-22 04:52:38.617000,train
data_train/data_train/Annotations/VIS/1792.xml,620,2026-08-22 04:52:38.618000,train
data_train/data_train/Annotations/VIS/1793.xml,1550,2026-08-22 04:52:38.633000,train
data_train/data_train/Annotations/VIS/1794.xml,1076,2026-08-22 04:52:38.634000,train
data_train/data_train/Annotations/VIS/1795.xml,1084,2026-08-22 04:52:38.638000,train
data_train/data_train/Annotations/VIS/1797.xml,1078,2026-08-22 04:52:38.625000,train
data_train/data_train/Annotations/VIS/1799.xml,1551,2026-08-22 04:52:38.651000,train
data_train/data_train/Annotations/VIS/1800.xml,1765,2026-08-22 04:52:38.646000,train
data_train/data_train/Annotations/VIS/1806.xml,2654,2026-08-22 04:52:38.646000,train
data_train/data_train/Annotations/VIS/1807.xml,1750,2026-08-22 04:52:38.642000,train
data_train/data_train/Annotations/VIS/1808.xml,626,2026-08-22 04:52:38.642000,train
data_train/data_train/Annotations/VIS/181.xml,618,2026-08-22 04:52:38.684000,train
data_train/data_train/Annotations/VIS/1813.xml,1090,2026-08-22 04:52:38.649000,train
data_train/data_train/Annotations/VIS/1814.xml,1078,2026-08-22 04:52:38.696000,train
data_train/data_train/Annotations/VIS/1818.xml,1093,2026-08-22 04:52:38.715000,train
data_train/data_train/Annotations/VIS/1819.xml,616,2026-08-22 04:52:38.655000,train
data_train/data_train/Annotations/VIS/182.xml,846,2026-08-22 04:52:38.674000,train
data_train/data_train/Annotations/VIS/1820.xml,1077,2026-08-22 04:52:38.691000,train
data_train/data_train/Annotations/VIS/1822.xml,1069,2026-08-22 04:52:38.668000,train
data_train/data_train/Annotations/VIS/1823.xml,1311,2026-08-22 04:52:38.684000,train
data_train/data_train/Annotations/VIS/1825.xml,1538,2026-08-22 04:52:38.686000,train
data_train/data_train/Annotations/VIS/1829.xml,1974,2026-08-22 04:52:38.678000,train
data_train/data_train/Annotations/VIS/1830.xml,1084,2026-08-22 04:52:38.719000,train
data_train/data_train/Annotations/VIS/1831.xml,1311,2026-08-22 04:52:38.694000,train
data_train/data_train/Annotations/VIS/1832.xml,1308,2026-08-22 04:52:38.675000,train
data_train/data_train/Annotations/VIS/1833.xml,860,2026-08-22 04:52:38.690000,train
data_train/data_train/Annotations/VIS/1834.xml,1514,2026-08-22 04:52:38.670000,train
data_train/data_train/Annotations/VIS/1835.xml,1078,2026-08-22 04:52:38.688000,train
data_train/data_train/Annotations/VIS/1836.xml,1502,2026-08-22 04:52:38.685000,train
data_train/data_train/Annotations/VIS/1837.xml,853,2026-08-22 04:52:38.689000,train
data_train/data_train/Annotations/VIS/184.xml,621,2026-08-22 04:52:38.689000,train
data_train/data_train/Annotations/VIS/1840.xml,625,2026-08-22 04:52:38.728000,train
data_train/data_train/Annotations/VIS/1841.xml,1296,2026-08-22 04:52:38.707000,train
data_train/data_train/Annotations/VIS/1842.xml,1768,2026-08-22 04:52:38.702000,train
data_train/data_train/Annotations/VIS/1843.xml,1768,2026-08-22 04:52:38.697000,train
data_train/data_train/Annotations/VIS/1844.xml,1077,2026-08-22 04:52:38.805000,train
data_train/data_train/Annotations/VIS/1847.xml,860,2026-08-22 04:52:38.693000,train
data_train/data_train/Annotations/VIS/1848.xml,1309,2026-08-22 04:52:38.699000,train
data_train/data_train/Annotations/VIS/185.xml,1082,2026-08-22 04:52:38.727000,train
data_train/data_train/Annotations/VIS/1852.xml,1089,2026-08-22 04:52:38.711000,train
data_train/data_train/Annotations/VIS/1853.xml,626,2026-08-22 04:52:38.734000,train
data_train/data_train/Annotations/VIS/1855.xml,1511,2026-08-22 04:52:38.707000,train
data_train/data_train/Annotations/VIS/1856.xml,1527,2026-08-22 04:52:38.703000,train
data_train/data_train/Annotations/VIS/1857.xml,619,2026-08-22 04:52:38.696000,train
data_train/data_train/Annotations/VIS/1858.xml,1778,2026-08-22 04:52:38.727000,train
data_train/data_train/Annotations/VIS/1859.xml,854,2026-08-22 04:52:38.741000,train
data_train/data_train/Annotations/VIS/1861.xml,620,2026-08-22 04:52:38.707000,train
data_train/data_train/Annotations/VIS/1862.xml,620,2026-08-22 04:52:38.772000,train
data_train/data_train/Annotations/VIS/1866.xml,625,2026-08-22 04:52:38.716000,train
data_train/data_train/Annotations/VIS/1869.xml,861,2026-08-22 04:52:38.713000,train
data_train/data_train/Annotations/VIS/187.xml,1311,2026-08-22 04:52:38.719000,train
data_train/data_train/Annotations/VIS/1871.xml,1308,2026-08-22 04:52:38.753000,train
data_train/data_train/Annotations/VIS/1872.xml,850,2026-08-22 04:52:38.727000,train
data_train/data_train/Annotations/VIS/1875.xml,1309,2026-08-22 04:52:38.724000,train
data_train/data_train/Annotations/VIS/1876.xml,2207,2026-08-22 04:52:38.728000,train
data_train/data_train/Annotations/VIS/1878.xml,1090,2026-08-22 04:52:38.720000,train
data_train/data_train/Annotations/VIS/1879.xml,842,2026-08-22 04:52:38.719000,train
data_train/data_train/Annotations/VIS/1880.xml,625,2026-08-22 04:52:38.729000,train
data_train/data_train/Annotations/VIS/1882.xml,620,2026-08-22 04:52:38.845000,train
data_train/data_train/Annotations/VIS/1884.xml,1304,2026-08-22 04:52:38.724000,train
data_train/data_train/Annotations/VIS/1885.xml,855,2026-08-22 04:52:38.736000,train
data_train/data_train/Annotations/VIS/1888.xml,621,2026-08-22 04:52:38.738000,train
data_train/data_train/Annotations/VIS/1889.xml,1316,2026-08-22 04:52:38.808000,train
data_train/data_train/Annotations/VIS/189.xml,1535,2026-08-22 04:52:38.736000,train
data_train/data_train/Annotations/VIS/1890.xml,1308,2026-08-22 04:52:38.842000,train
data_train/data_train/Annotations/VIS/1891.xml,619,2026-08-22 04:52:38.741000,train
data_train/data_train/Annotations/VIS/1894.xml,1083,2026-08-22 04:52:38.797000,train
data_train/data_train/Annotations/VIS/1895.xml,1312,2026-08-22 04:52:38.751000,train
data_train/data_train/Annotations/VIS/1896.xml,2662,2026-08-22 04:52:38.735000,train
data_train/data_train/Annotations/VIS/1897.xml,622,2026-08-22 04:52:38.766000,train
data_train/data_train/Annotations/VIS/1898.xml,1316,2026-08-22 04:52:38.828000,train
data_train/data_train/Annotations/VIS/1900.xml,2884,2026-08-22 04:52:38.754000,train
data_train/data_train/Annotations/VIS/1901.xml,626,2026-08-22 04:52:38.886000,train
data_train/data_train/Annotations/VIS/1902.xml,1069,2026-08-22 04:52:38.747000,train
data_train/data_train/Annotations/VIS/1903.xml,1080,2026-08-22 04:52:38.753000,train
data_train/data_train/Annotations/VIS/1904.xml,1078,2026-08-22 04:52:38.756000,train
data_train/data_train/Annotations/VIS/1905.xml,622,2026-08-22 04:52:38.834000,train
data_train/data_train/Annotations/VIS/1907.xml,620,2026-08-22 04:52:38.776000,train
data_train/data_train/Annotations/VIS/1909.xml,852,2026-08-22 04:52:38.757000,train
data_train/data_train/Annotations/VIS/191.xml,1079,2026-08-22 04:52:38.841000,train
data_train/data_train/Annotations/VIS/1910.xml,2912,2026-08-22 04:52:38.767000,train
data_train/data_train/Annotations/VIS/1913.xml,860,2026-08-22 04:52:38.804000,train
data_train/data_train/Annotations/VIS/1914.xml,1083,2026-08-22 04:52:38.772000,train
data_train/data_train/Annotations/VIS/1915.xml,1084,2026-08-22 04:52:38.772000,train
data_train/data_train/Annotations/VIS/1916.xml,620,2026-08-22 04:52:38.813000,train
data_train/data_train/Annotations/VIS/1918.xml,624,2026-08-22 04:52:38.773000,train
data_train/data_train/Annotations/VIS/192.xml,852,2026-08-22 04:52:38.851000,train
data_train/data_train/Annotations/VIS/1920.xml,1728,2026-08-22 04:52:38.790000,train
data_train/data_train/Annotations/VIS/1923.xml,1078,2026-08-22 04:52:38.772000,train
data_train/data_train/Annotations/VIS/1927.xml,1085,2026-08-22 04:52:38.780000,train
data_train/data_train/Annotations/VIS/1929.xml,624,2026-08-22 04:52:38.776000,train
data_train/data_train/Annotations/VIS/193.xml,852,2026-08-22 04:52:38.783000,train
data_train/data_train/Annotations/VIS/1932.xml,1307,2026-08-22 04:52:38.786000,train
data_train/data_train/Annotations/VIS/1934.xml,1066,2026-08-22 04:52:38.786000,train
data_train/data_train/Annotations/VIS/1935.xml,627,2026-08-22 04:52:38.879000,train
data_train/data_train/Annotations/VIS/1937.xml,1079,2026-08-22 04:52:38.846000,train
data_train/data_train/Annotations/VIS/1938.xml,1074,2026-08-22 04:52:38.815000,train
data_train/data_train/Annotations/VIS/1939.xml,2674,2026-08-22 04:52:38.904000,train
data_train/data_train/Annotations/VIS/1940.xml,621,2026-08-22 04:52:38.808000,train
data_train/data_train/Annotations/VIS/1941.xml,1316,2026-08-22 04:52:38.801000,train
data_train/data_train/Annotations/VIS/1943.xml,1308,2026-08-22 04:52:38.816000,train
data_train/data_train/Annotations/VIS/1944.xml,1548,2026-08-22 04:52:38.806000,train
data_train/data_train/Annotations/VIS/1945.xml,1080,2026-08-22 04:52:38.806000,train
data_train/data_train/Annotations/VIS/1946.xml,1069,2026-08-22 04:52:38.814000,train
data_train/data_train/Annotations/VIS/1947.xml,620,2026-08-22 04:52:38.928000,train
data_train/data_train/Annotations/VIS/1948.xml,620,2026-08-22 04:52:38.800000,train
data_train/data_train/Annotations/VIS/1949.xml,1312,2026-08-22 04:52:38.833000,train
data_train/data_train/Annotations/VIS/195.xml,1073,2026-08-22 04:52:38.818000,train
data_train/data_train/Annotations/VIS/1951.xml,1072,2026-08-22 04:52:38.809000,train
data_train/data_train/Annotations/VIS/1953.xml,1549,2026-08-22 04:52:38.853000,train
data_train/data_train/Annotations/VIS/1956.xml,843,2026-08-22 04:52:38.869000,train
data_train/data_train/Annotations/VIS/1958.xml,1314,2026-08-22 04:52:38.818000,train
data_train/data_train/Annotations/VIS/196.xml,1310,2026-08-22 04:52:38.821000,train
data_train/data_train/Annotations/VIS/1960.xml,621,2026-08-22 04:52:38.831000,train
data_train/data_train/Annotations/VIS/1962.xml,620,2026-08-22 04:52:38.816000,train
data_train/data_train/Annotations/VIS/1963.xml,1080,2026-08-22 04:52:38.833000,train
data_train/data_train/Annotations/VIS/1965.xml,620,2026-08-22 04:52:38.826000,train
data_train/data_train/Annotations/VIS/1966.xml,1072,2026-08-22 04:52:38.827000,train
data_train/data_train/Annotations/VIS/1968.xml,1073,2026-08-22 04:52:38.950000,train
data_train/data_train/Annotations/VIS/1969.xml,1075,2026-08-22 04:52:38.830000,train
data_train/data_train/Annotations/VIS/197.xml,620,2026-08-22 04:52:39.042000,train
data_train/data_train/Annotations/VIS/1970.xml,1087,2026-08-22 04:52:38.828000,train
data_train/data_train/Annotations/VIS/1971.xml,1528,2026-08-22 04:52:38.843000,train
data_train/data_train/Annotations/VIS/1974.xml,6992,2026-08-22 04:52:38.868000,train
data_train/data_train/Annotations/VIS/1975.xml,838,2026-08-22 04:52:38.851000,train
data_train/data_train/Annotations/VIS/1976.xml,625,2026-08-22 04:52:38.916000,train
data_train/data_train/Annotations/VIS/1977.xml,1081,2026-08-22 04:52:38.948000,train
data_train/data_train/Annotations/VIS/1978.xml,1081,2026-08-22 04:52:38.836000,train
data_train/data_train/Annotations/VIS/1979.xml,1077,2026-08-22 04:52:38.863000,train
data_train/data_train/Annotations/VIS/198.xml,1526,2026-08-22 04:52:38.855000,train
data_train/data_train/Annotations/VIS/1983.xml,844,2026-08-22 04:52:38.864000,train
data_train/data_train/Annotations/VIS/1986.xml,1296,2026-08-22 04:52:38.864000,train
data_train/data_train/Annotations/VIS/1988.xml,847,2026-08-22 04:52:38.865000,train
data_train/data_train/Annotations/VIS/1989.xml,1072,2026-08-22 04:52:38.874000,train
data_train/data_train/Annotations/VIS/199.xml,1064,2026-08-22 04:52:38.866000,train
data_train/data_train/Annotations/VIS/1991.xml,1308,2026-08-22 04:52:38.886000,train
data_train/data_train/Annotations/VIS/1992.xml,1079,2026-08-22 04:52:38.895000,train
data_train/data_train/Annotations/VIS/1995.xml,1069,2026-08-22 04:52:38.864000,train
data_train/data_train/Annotations/VIS/1997.xml,1308,2026-08-22 04:52:38.878000,train
data_train/data_train/Annotations/VIS/1999.xml,1308,2026-08-22 04:52:38.895000,train
data_train/data_train/Annotations/VIS/2000.xml,618,2026-08-22 04:52:38.964000,train
data_train/data_train/Annotations/VIS/2002.xml,1308,2026-08-22 04:52:38.872000,train
data_train/data_train/Annotations/VIS/2004.xml,1080,2026-08-22 04:52:38.896000,train
data_train/data_train/Annotations/VIS/2006.xml,1080,2026-08-22 04:52:38.896000,train
data_train/data_train/Annotations/VIS/2007.xml,617,2026-08-22 04:52:38.933000,train
data_train/data_train/Annotations/VIS/2008.xml,1084,2026-08-22 04:52:38.911000,train
data_train/data_train/Annotations/VIS/2009.xml,1538,2026-08-22 04:52:38.890000,train
data_train/data_train/Annotations/VIS/201.xml,1073,2026-08-22 04:52:38.905000,train
data_train/data_train/Annotations/VIS/2010.xml,1062,2026-08-22 04:52:38.922000,train
data_train/data_train/Annotations/VIS/2013.xml,854,2026-08-22 04:52:38.905000,train
data_train/data_train/Annotations/VIS/2016.xml,620,2026-08-22 04:52:38.938000,train
data_train/data_train/Annotations/VIS/2017.xml,627,2026-08-22 04:52:38.897000,train
data_train/data_train/Annotations/VIS/2019.xml,1075,2026-08-22 04:52:38.896000,train
data_train/data_train/Annotations/VIS/202.xml,1307,2026-08-22 04:52:38.904000,train
data_train/data_train/Annotations/VIS/2021.xml,854,2026-08-22 04:52:38.902000,train
data_train/data_train/Annotations/VIS/2022.xml,856,2026-08-22 04:52:38.951000,train
data_train/data_train/Annotations/VIS/2023.xml,2917,2026-08-22 04:52:38.911000,train
data_train/data_train/Annotations/VIS/2026.xml,1766,2026-08-22 04:52:38.918000,train
data_train/data_train/Annotations/VIS/2028.xml,1313,2026-08-22 04:52:38.921000,train
data_train/data_train/Annotations/VIS/203.xml,1073,2026-08-22 04:52:38.914000,train
data_train/data_train/Annotations/VIS/2031.xml,1082,2026-08-22 04:52:38.921000,train
data_train/data_train/Annotations/VIS/2032.xml,1295,2026-08-22 04:52:38.945000,train
data_train/data_train/Annotations/VIS/2033.xml,1071,2026-08-22 04:52:38.911000,train
data_train/data_train/Annotations/VIS/2038.xml,1538,2026-08-22 04:52:38.912000,train
data_train/data_train/Annotations/VIS/2039.xml,1981,2026-08-22 04:52:38.928000,train
data_train/data_train/Annotations/VIS/2040.xml,622,2026-08-22 04:52:38.922000,train
data_train/data_train/Annotations/VIS/2041.xml,3559,2026-08-22 04:52:38.932000,train
data_train/data_train/Annotations/VIS/2044.xml,1079,2026-08-22 04:52:38.931000,train
data_train/data_train/Annotations/VIS/2045.xml,617,2026-08-22 04:52:38.930000,train
data_train/data_train/Annotations/VIS/2046.xml,850,2026-08-22 04:52:38.938000,train
data_train/data_train/Annotations/VIS/2047.xml,619,2026-08-22 04:52:38.963000,train
data_train/data_train/Annotations/VIS/2048.xml,4067,2026-08-22 04:52:38.938000,train
data_train/data_train/Annotations/VIS/205.xml,613,2026-08-22 04:52:38.943000,train
data_train/data_train/Annotations/VIS/2052.xml,620,2026-08-22 04:52:38.935000,train
data_train/data_train/Annotations/VIS/2054.xml,1078,2026-08-22 04:52:38.966000,train
data_train/data_train/Annotations/VIS/2058.xml,853,2026-08-22 04:52:38.932000,train
data_train/data_train/Annotations/VIS/2059.xml,1295,2026-08-22 04:52:38.943000,train
data_train/data_train/Annotations/VIS/2063.xml,622,2026-08-22 04:52:38.945000,train
data_train/data_train/Annotations/VIS/2064.xml,628,2026-08-22 04:52:38.959000,train
data_train/data_train/Annotations/VIS/2065.xml,619,2026-08-22 04:52:38.980000,train
data_train/data_train/Annotations/VIS/2068.xml,1315,2026-08-22 04:52:38.981000,train
data_train/data_train/Annotations/VIS/207.xml,1076,2026-08-22 04:52:38.963000,train
data_train/data_train/Annotations/VIS/2070.xml,1533,2026-08-22 04:52:38.962000,train
data_train/data_train/Annotations/VIS/2071.xml,621,2026-08-22 04:52:38.956000,train
data_train/data_train/Annotations/VIS/2072.xml,1079,2026-08-22 04:52:39.024000,train
data_train/data_train/Annotations/VIS/2074.xml,619,2026-08-22 04:52:38.982000,train
data_train/data_train/Annotations/VIS/2075.xml,1308,2026-08-22 04:52:38.996000,train
data_train/data_train/Annotations/VIS/2076.xml,1082,2026-08-22 04:52:39.004000,train
data_train/data_train/Annotations/VIS/2077.xml,854,2026-08-22 04:52:39.014000,train
data_train/data_train/Annotations/VIS/2078.xml,1083,2026-08-22 04:52:38.970000,train
data_train/data_train/Annotations/VIS/2079.xml,850,2026-08-22 04:52:38.968000,train
data_train/data_train/Annotations/VIS/2080.xml,1777,2026-08-22 04:52:39.046000,train
data_train/data_train/Annotations/VIS/2081.xml,3298,2026-08-22 04:52:39.078000,train
data_train/data_train/Annotations/VIS/2082.xml,1084,2026-08-22 04:52:38.975000,train
data_train/data_train/Annotations/VIS/2086.xml,1754,2026-08-22 04:52:38.980000,train
data_train/data_train/Annotations/VIS/2087.xml,622,2026-08-22 04:52:39.014000,train
data_train/data_train/Annotations/VIS/2091.xml,857,2026-08-22 04:52:38.982000,train
data_train/data_train/Annotations/VIS/2092.xml,857,2026-08-22 04:52:38.994000,train
data_train/data_train/Annotations/VIS/2094.xml,622,2026-08-22 04:52:38.997000,train
data_train/data_train/Annotations/VIS/2096.xml,627,2026-08-22 04:52:38.993000,train
data_train/data_train/Annotations/VIS/2097.xml,619,2026-08-22 04:52:38.991000,train
data_train/data_train/Annotations/VIS/2098.xml,851,2026-08-22 04:52:39.049000,train
data_train/data_train/Annotations/VIS/210.xml,1064,2026-08-22 04:52:39.089000,train
data_train/data_train/Annotations/VIS/2101.xml,1300,2026-08-22 04:52:39.003000,train
data_train/data_train/Annotations/VIS/2104.xml,1077,2026-08-22 04:52:39,train
data_train/data_train/Annotations/VIS/2105.xml,1297,2026-08-22 04:52:39.035000,train
data_train/data_train/Annotations/VIS/211.xml,620,2026-08-22 04:52:38.995000,train
data_train/data_train/Annotations/VIS/2110.xml,1313,2026-08-22 04:52:38.995000,train
data_train/data_train/Annotations/VIS/2111.xml,1308,2026-08-22 04:52:38.996000,train
data_train/data_train/Annotations/VIS/2112.xml,841,2026-08-22 04:52:39.005000,train
data_train/data_train/Annotations/VIS/2113.xml,621,2026-08-22 04:52:39.042000,train
data_train/data_train/Annotations/VIS/2114.xml,1529,2026-08-22 04:52:39.015000,train
data_train/data_train/Annotations/VIS/2115.xml,620,2026-08-22 04:52:39.057000,train
data_train/data_train/Annotations/VIS/2116.xml,620,2026-08-22 04:52:39.016000,train
data_train/data_train/Annotations/VIS/2118.xml,1316,2026-08-22 04:52:39.014000,train
data_train/data_train/Annotations/VIS/2121.xml,1304,2026-08-22 04:52:39.029000,train
data_train/data_train/Annotations/VIS/2123.xml,1313,2026-08-22 04:52:39.012000,train
data_train/data_train/Annotations/VIS/2124.xml,1313,2026-08-22 04:52:39.044000,train
data_train/data_train/Annotations/VIS/2125.xml,2207,2026-08-22 04:52:39.032000,train
data_train/data_train/Annotations/VIS/2127.xml,852,2026-08-22 04:52:39.020000,train
data_train/data_train/Annotations/VIS/2128.xml,1308,2026-08-22 04:52:39.059000,train
data_train/data_train/Annotations/VIS/213.xml,842,2026-08-22 04:52:39.024000,train
data_train/data_train/Annotations/VIS/2130.xml,620,2026-08-22 04:52:39.026000,train
data_train/data_train/Annotations/VIS/2131.xml,1552,2026-08-22 04:52:39.029000,train
data_train/data_train/Annotations/VIS/2132.xml,1084,2026-08-22 04:52:39.040000,train
data_train/data_train/Annotations/VIS/2134.xml,622,2026-08-22 04:52:39.021000,train
data_train/data_train/Annotations/VIS/2140.xml,621,2026-08-22 04:52:39.029000,train
data_train/data_train/Annotations/VIS/2142.xml,1093,2026-08-22 04:52:39.055000,train
data_train/data_train/Annotations/VIS/2143.xml,1084,2026-08-22 04:52:39.032000,train
data_train/data_train/Annotations/VIS/2144.xml,1316,2026-08-22 04:52:39.109000,train
data_train/data_train/Annotations/VIS/2145.xml,1082,2026-08-22 04:52:39.038000,train
data_train/data_train/Annotations/VIS/2146.xml,619,2026-08-22 04:52:39.078000,train
data_train/data_train/Annotations/VIS/2147.xml,852,2026-08-22 04:52:39.043000,train
data_train/data_train/Annotations/VIS/2149.xml,1778,2026-08-22 04:52:39.100000,train
data_train/data_train/Annotations/VIS/2150.xml,624,2026-08-22 04:52:39.118000,train
data_train/data_train/Annotations/VIS/2153.xml,624,2026-08-22 04:52:39.042000,train
data_train/data_train/Annotations/VIS/2155.xml,1773,2026-08-22 04:52:39.055000,train
data_train/data_train/Annotations/VIS/2156.xml,1065,2026-08-22 04:52:39.047000,train
data_train/data_train/Annotations/VIS/2158.xml,1072,2026-08-22 04:52:39.048000,train
data_train/data_train/Annotations/VIS/2159.xml,623,2026-08-22 04:52:39.098000,train
data_train/data_train/Annotations/VIS/216.xml,1081,2026-08-22 04:52:39.122000,train
data_train/data_train/Annotations/VIS/2160.xml,1308,2026-08-22 04:52:39.048000,train
data_train/data_train/Annotations/VIS/2161.xml,1770,2026-08-22 04:52:39.053000,train
data_train/data_train/Annotations/VIS/2162.xml,847,2026-08-22 04:52:39.088000,train
data_train/data_train/Annotations/VIS/2163.xml,1079,2026-08-22 04:52:39.081000,train
data_train/data_train/Annotations/VIS/2164.xml,1308,2026-08-22 04:52:39.058000,train
data_train/data_train/Annotations/VIS/2165.xml,841,2026-08-22 04:52:39.057000,train
data_train/data_train/Annotations/VIS/2166.xml,1316,2026-08-22 04:52:39.097000,train
data_train/data_train/Annotations/VIS/2168.xml,1088,2026-08-22 04:52:39.067000,train
data_train/data_train/Annotations/VIS/217.xml,1086,2026-08-22 04:52:39.082000,train
data_train/data_train/Annotations/VIS/2173.xml,1772,2026-08-22 04:52:39.072000,train
data_train/data_train/Annotations/VIS/2174.xml,622,2026-08-22 04:52:39.060000,train
data_train/data_train/Annotations/VIS/2175.xml,1083,2026-08-22 04:52:39.096000,train
data_train/data_train/Annotations/VIS/2177.xml,1313,2026-08-22 04:52:39.078000,train
data_train/data_train/Annotations/VIS/2178.xml,1074,2026-08-22 04:52:39.105000,train
data_train/data_train/Annotations/VIS/2180.xml,1081,2026-08-22 04:52:39.085000,train
data_train/data_train/Annotations/VIS/2181.xml,617,2026-08-22 04:52:39.099000,train
data_train/data_train/Annotations/VIS/2182.xml,620,2026-08-22 04:52:39.088000,train
data_train/data_train/Annotations/VIS/2184.xml,2449,2026-08-22 04:52:39.108000,train
data_train/data_train/Annotations/VIS/2185.xml,1077,2026-08-22 04:52:39.087000,train
data_train/data_train/Annotations/VIS/2187.xml,857,2026-08-22 04:52:39.086000,train
data_train/data_train/Annotations/VIS/2190.xml,1073,2026-08-22 04:52:39.099000,train
data_train/data_train/Annotations/VIS/2192.xml,1528,2026-08-22 04:52:39.118000,train
data_train/data_train/Annotations/VIS/2194.xml,1073,2026-08-22 04:52:39.104000,train
data_train/data_train/Annotations/VIS/2196.xml,844,2026-08-22 04:52:39.173000,train
data_train/data_train/Annotations/VIS/2198.xml,2462,2026-08-22 04:52:39.096000,train
data_train/data_train/Annotations/VIS/2199.xml,2462,2026-08-22 04:52:39.098000,train
data_train/data_train/Annotations/VIS/22.xml,1773,2026-08-22 04:52:39.099000,train
data_train/data_train/Annotations/VIS/220.xml,622,2026-08-22 04:52:39.112000,train
data_train/data_train/Annotations/VIS/2200.xml,1078,2026-08-22 04:52:39.131000,train
data_train/data_train/Annotations/VIS/2201.xml,1315,2026-08-22 04:52:39.131000,train
data_train/data_train/Annotations/VIS/2205.xml,620,2026-08-22 04:52:39.112000,train
data_train/data_train/Annotations/VIS/2207.xml,851,2026-08-22 04:52:39.161000,train
data_train/data_train/Annotations/VIS/2208.xml,860,2026-08-22 04:52:39.136000,train
data_train/data_train/Annotations/VIS/2209.xml,2452,2026-08-22 04:52:39.113000,train
data_train/data_train/Annotations/VIS/2210.xml,847,2026-08-22 04:52:39.124000,train
data_train/data_train/Annotations/VIS/2211.xml,620,2026-08-22 04:52:39.119000,train
data_train/data_train/Annotations/VIS/2213.xml,1068,2026-08-22 04:52:39.124000,train
data_train/data_train/Annotations/VIS/2214.xml,853,2026-08-22 04:52:39.137000,train
data_train/data_train/Annotations/VIS/2215.xml,1297,2026-08-22 04:52:39.185000,train
data_train/data_train/Annotations/VIS/2217.xml,1313,2026-08-22 04:52:39.158000,train
data_train/data_train/Annotations/VIS/2218.xml,1304,2026-08-22 04:52:39.147000,train
data_train/data_train/Annotations/VIS/2219.xml,622,2026-08-22 04:52:39.139000,train
data_train/data_train/Annotations/VIS/222.xml,1776,2026-08-22 04:52:39.133000,train
data_train/data_train/Annotations/VIS/2220.xml,616,2026-08-22 04:52:39.131000,train
data_train/data_train/Annotations/VIS/2221.xml,1538,2026-08-22 04:52:39.137000,train
data_train/data_train/Annotations/VIS/2222.xml,845,2026-08-22 04:52:39.158000,train
data_train/data_train/Annotations/VIS/2223.xml,844,2026-08-22 04:52:39.137000,train
data_train/data_train/Annotations/VIS/2227.xml,1084,2026-08-22 04:52:39.166000,train
data_train/data_train/Annotations/VIS/2228.xml,619,2026-08-22 04:52:39.128000,train
data_train/data_train/Annotations/VIS/2229.xml,1065,2026-08-22 04:52:39.135000,train
data_train/data_train/Annotations/VIS/2230.xml,851,2026-08-22 04:52:39.185000,train
data_train/data_train/Annotations/VIS/2231.xml,622,2026-08-22 04:52:39.148000,train
data_train/data_train/Annotations/VIS/2232.xml,2443,2026-08-22 04:52:39.174000,train
data_train/data_train/Annotations/VIS/2234.xml,1077,2026-08-22 04:52:39.142000,train
data_train/data_train/Annotations/VIS/2235.xml,622,2026-08-22 04:52:39.145000,train
data_train/data_train/Annotations/VIS/2236.xml,1967,2026-08-22 04:52:39.187000,train
data_train/data_train/Annotations/VIS/2237.xml,851,2026-08-22 04:52:39.163000,train
data_train/data_train/Annotations/VIS/224.xml,1069,2026-08-22 04:52:39.154000,train
data_train/data_train/Annotations/VIS/2240.xml,619,2026-08-22 04:52:39.172000,train
data_train/data_train/Annotations/VIS/2244.xml,848,2026-08-22 04:52:39.173000,train
data_train/data_train/Annotations/VIS/2247.xml,844,2026-08-22 04:52:39.178000,train
data_train/data_train/Annotations/VIS/2248.xml,1307,2026-08-22 04:52:39.170000,train
data_train/data_train/Annotations/VIS/225.xml,2677,2026-08-22 04:52:39.188000,train
data_train/data_train/Annotations/VIS/2251.xml,1088,2026-08-22 04:52:39.214000,train
data_train/data_train/Annotations/VIS/2253.xml,1313,2026-08-22 04:52:39.240000,train
data_train/data_train/Annotations/VIS/2255.xml,1076,2026-08-22 04:52:39.189000,train
data_train/data_train/Annotations/VIS/2256.xml,1289,2026-08-22 04:52:39.167000,train
data_train/data_train/Annotations/VIS/2257.xml,620,2026-08-22 04:52:39.176000,train
data_train/data_train/Annotations/VIS/2258.xml,1301,2026-08-22 04:52:39.190000,train
data_train/data_train/Annotations/VIS/2259.xml,1083,2026-08-22 04:52:39.244000,train
data_train/data_train/Annotations/VIS/2263.xml,620,2026-08-22 04:52:39.185000,train
data_train/data_train/Annotations/VIS/2265.xml,1309,2026-08-22 04:52:39.188000,train
data_train/data_train/Annotations/VIS/2268.xml,1076,2026-08-22 04:52:39.189000,train
data_train/data_train/Annotations/VIS/2269.xml,860,2026-08-22 04:52:39.203000,train
data_train/data_train/Annotations/VIS/227.xml,623,2026-08-22 04:52:39.190000,train
data_train/data_train/Annotations/VIS/2271.xml,1308,2026-08-22 04:52:39.210000,train
data_train/data_train/Annotations/VIS/2272.xml,1077,2026-08-22 04:52:39.222000,train
data_train/data_train/Annotations/VIS/2273.xml,620,2026-08-22 04:52:39.188000,train
data_train/data_train/Annotations/VIS/2274.xml,624,2026-08-22 04:52:39.177000,train
data_train/data_train/Annotations/VIS/2275.xml,1311,2026-08-22 04:52:39.221000,train
data_train/data_train/Annotations/VIS/2276.xml,1308,2026-08-22 04:52:39.210000,train
data_train/data_train/Annotations/VIS/2277.xml,1077,2026-08-22 04:52:39.198000,train
data_train/data_train/Annotations/VIS/2279.xml,620,2026-08-22 04:52:39.195000,train
data_train/data_train/Annotations/VIS/2280.xml,843,2026-08-22 04:52:39.239000,train
data_train/data_train/Annotations/VIS/2281.xml,625,2026-08-22 04:52:39.201000,train
data_train/data_train/Annotations/VIS/2284.xml,1084,2026-08-22 04:52:39.218000,train
data_train/data_train/Annotations/VIS/2285.xml,626,2026-08-22 04:52:39.222000,train
data_train/data_train/Annotations/VIS/2286.xml,2403,2026-08-22 04:52:39.250000,train
data_train/data_train/Annotations/VIS/2287.xml,1538,2026-08-22 04:52:39.210000,train
data_train/data_train/Annotations/VIS/2288.xml,619,2026-08-22 04:52:39.215000,train
data_train/data_train/Annotations/VIS/2289.xml,621,2026-08-22 04:52:39.201000,train
data_train/data_train/Annotations/VIS/229.xml,1311,2026-08-22 04:52:39.220000,train
data_train/data_train/Annotations/VIS/2292.xml,620,2026-08-22 04:52:39.207000,train
data_train/data_train/Annotations/VIS/2293.xml,626,2026-08-22 04:52:39.232000,train
data_train/data_train/Annotations/VIS/2294.xml,1764,2026-08-22 04:52:39.213000,train
data_train/data_train/Annotations/VIS/230.xml,619,2026-08-22 04:52:39.220000,train
data_train/data_train/Annotations/VIS/2304.xml,1079,2026-08-22 04:52:39.217000,train
data_train/data_train/Annotations/VIS/2305.xml,1079,2026-08-22 04:52:39.217000,train
data_train/data_train/Annotations/VIS/2306.xml,1065,2026-08-22 04:52:39.216000,train
data_train/data_train/Annotations/VIS/2307.xml,1778,2026-08-22 04:52:39.243000,train
data_train/data_train/Annotations/VIS/2309.xml,1546,2026-08-22 04:52:39.284000,train
data_train/data_train/Annotations/VIS/231.xml,619,2026-08-22 04:52:39.242000,train
data_train/data_train/Annotations/VIS/2310.xml,1077,2026-08-22 04:52:39.246000,train
data_train/data_train/Annotations/VIS/2315.xml,1084,2026-08-22 04:52:39.235000,train
data_train/data_train/Annotations/VIS/2316.xml,619,2026-08-22 04:52:39.245000,train
data_train/data_train/Annotations/VIS/2317.xml,1310,2026-08-22 04:52:39.236000,train
data_train/data_train/Annotations/VIS/2320.xml,627,2026-08-22 04:52:39.258000,train
data_train/data_train/Annotations/VIS/2322.xml,620,2026-08-22 04:52:39.227000,train
data_train/data_train/Annotations/VIS/2323.xml,1778,2026-08-22 04:52:39.233000,train
data_train/data_train/Annotations/VIS/2325.xml,1777,2026-08-22 04:52:39.237000,train
data_train/data_train/Annotations/VIS/2327.xml,622,2026-08-22 04:52:39.266000,train
data_train/data_train/Annotations/VIS/2329.xml,1968,2026-08-22 04:52:39.251000,train
data_train/data_train/Annotations/VIS/2331.xml,620,2026-08-22 04:52:39.387000,train
data_train/data_train/Annotations/VIS/2332.xml,2455,2026-08-22 04:52:39.265000,train
data_train/data_train/Annotations/VIS/2334.xml,1083,2026-08-22 04:52:39.251000,train
data_train/data_train/Annotations/VIS/2337.xml,1076,2026-08-22 04:52:39.253000,train
data_train/data_train/Annotations/VIS/2338.xml,1084,2026-08-22 04:52:39.260000,train
data_train/data_train/Annotations/VIS/2339.xml,1303,2026-08-22 04:52:39.265000,train
data_train/data_train/Annotations/VIS/2343.xml,1078,2026-08-22 04:52:39.277000,train
data_train/data_train/Annotations/VIS/2345.xml,1083,2026-08-22 04:52:39.254000,train
data_train/data_train/Annotations/VIS/2346.xml,843,2026-08-22 04:52:39.286000,train
data_train/data_train/Annotations/VIS/2348.xml,1084,2026-08-22 04:52:39.268000,train
data_train/data_train/Annotations/VIS/2349.xml,1300,2026-08-22 04:52:39.265000,train
data_train/data_train/Annotations/VIS/2350.xml,839,2026-08-22 04:52:39.351000,train
data_train/data_train/Annotations/VIS/2352.xml,1080,2026-08-22 04:52:39.290000,train
data_train/data_train/Annotations/VIS/2353.xml,620,2026-08-22 04:52:39.342000,train
data_train/data_train/Annotations/VIS/2355.xml,1968,2026-08-22 04:52:39.275000,train
data_train/data_train/Annotations/VIS/2356.xml,1307,2026-08-22 04:52:39.284000,train
data_train/data_train/Annotations/VIS/2357.xml,1077,2026-08-22 04:52:39.270000,train
data_train/data_train/Annotations/VIS/236.xml,1536,2026-08-22 04:52:39.288000,train
data_train/data_train/Annotations/VIS/2361.xml,1076,2026-08-22 04:52:39.284000,train
data_train/data_train/Annotations/VIS/2363.xml,851,2026-08-22 04:52:39.317000,train
data_train/data_train/Annotations/VIS/2365.xml,1081,2026-08-22 04:52:39.316000,train
data_train/data_train/Annotations/VIS/2366.xml,619,2026-08-22 04:52:39.277000,train
data_train/data_train/Annotations/VIS/2367.xml,1081,2026-08-22 04:52:39.309000,train
data_train/data_train/Annotations/VIS/2368.xml,2454,2026-08-22 04:52:39.356000,train
data_train/data_train/Annotations/VIS/2372.xml,624,2026-08-22 04:52:39.306000,train
data_train/data_train/Annotations/VIS/2373.xml,1295,2026-08-22 04:52:39.296000,train
data_train/data_train/Annotations/VIS/2374.xml,1297,2026-08-22 04:52:39.285000,train
data_train/data_train/Annotations/VIS/2376.xml,1300,2026-08-22 04:52:39.297000,train
data_train/data_train/Annotations/VIS/2377.xml,621,2026-08-22 04:52:39.301000,train
data_train/data_train/Annotations/VIS/2379.xml,1080,2026-08-22 04:52:39.342000,train
data_train/data_train/Annotations/VIS/2380.xml,2854,2026-08-22 04:52:39.296000,train
data_train/data_train/Annotations/VIS/2381.xml,1312,2026-08-22 04:52:39.323000,train
data_train/data_train/Annotations/VIS/2383.xml,625,2026-08-22 04:52:39.298000,train
data_train/data_train/Annotations/VIS/2384.xml,1316,2026-08-22 04:52:39.340000,train
data_train/data_train/Annotations/VIS/2385.xml,1522,2026-08-22 04:52:39.306000,train
data_train/data_train/Annotations/VIS/2391.xml,1315,2026-08-22 04:52:39.306000,train
data_train/data_train/Annotations/VIS/2392.xml,618,2026-08-22 04:52:39.355000,train
data_train/data_train/Annotations/VIS/2393.xml,844,2026-08-22 04:52:39.350000,train
data_train/data_train/Annotations/VIS/2394.xml,1313,2026-08-22 04:52:39.308000,train
data_train/data_train/Annotations/VIS/2397.xml,1083,2026-08-22 04:52:39.319000,train
data_train/data_train/Annotations/VIS/2398.xml,619,2026-08-22 04:52:39.309000,train
data_train/data_train/Annotations/VIS/24.xml,622,2026-08-22 04:52:39.327000,train
data_train/data_train/Annotations/VIS/240.xml,622,2026-08-22 04:52:39.310000,train
data_train/data_train/Annotations/VIS/2402.xml,850,2026-08-22 04:52:39.307000,train
data_train/data_train/Annotations/VIS/2405.xml,850,2026-08-22 04:52:39.306000,train
data_train/data_train/Annotations/VIS/2407.xml,853,2026-08-22 04:52:39.332000,train
data_train/data_train/Annotations/VIS/2408.xml,860,2026-08-22 04:52:39.355000,train
data_train/data_train/Annotations/VIS/241.xml,1538,2026-08-22 04:52:39.331000,train
data_train/data_train/Annotations/VIS/2411.xml,1084,2026-08-22 04:52:39.341000,train
data_train/data_train/Annotations/VIS/2412.xml,2226,2026-08-22 04:52:39.330000,train
data_train/data_train/Annotations/VIS/2413.xml,621,2026-08-22 04:52:39.341000,train
data_train/data_train/Annotations/VIS/2414.xml,1770,2026-08-22 04:52:39.341000,train
data_train/data_train/Annotations/VIS/2415.xml,848,2026-08-22 04:52:39.330000,train
data_train/data_train/Annotations/VIS/2416.xml,1545,2026-08-22 04:52:39.334000,train
data_train/data_train/Annotations/VIS/2417.xml,1072,2026-08-22 04:52:39.350000,train
data_train/data_train/Annotations/VIS/2418.xml,619,2026-08-22 04:52:39.330000,train
data_train/data_train/Annotations/VIS/2419.xml,1316,2026-08-22 04:52:39.361000,train
data_train/data_train/Annotations/VIS/2420.xml,2453,2026-08-22 04:52:39.342000,train
data_train/data_train/Annotations/VIS/2421.xml,844,2026-08-22 04:52:39.344000,train
data_train/data_train/Annotations/VIS/2422.xml,622,2026-08-22 04:52:39.348000,train
data_train/data_train/Annotations/VIS/2429.xml,624,2026-08-22 04:52:39.349000,train
data_train/data_train/Annotations/VIS/243.xml,620,2026-08-22 04:52:39.374000,train
data_train/data_train/Annotations/VIS/2432.xml,1305,2026-08-22 04:52:39.367000,train
data_train/data_train/Annotations/VIS/2435.xml,1309,2026-08-22 04:52:39.359000,train
data_train/data_train/Annotations/VIS/2436.xml,1773,2026-08-22 04:52:39.353000,train
data_train/data_train/Annotations/VIS/2437.xml,1079,2026-08-22 04:52:39.411000,train
data_train/data_train/Annotations/VIS/2439.xml,1066,2026-08-22 04:52:39.374000,train
data_train/data_train/Annotations/VIS/2441.xml,1308,2026-08-22 04:52:39.347000,train
data_train/data_train/Annotations/VIS/2442.xml,1068,2026-08-22 04:52:39.399000,train
data_train/data_train/Annotations/VIS/2444.xml,1064,2026-08-22 04:52:39.370000,train
data_train/data_train/Annotations/VIS/2445.xml,620,2026-08-22 04:52:39.362000,train
data_train/data_train/Annotations/VIS/2446.xml,1756,2026-08-22 04:52:39.369000,train
data_train/data_train/Annotations/VIS/2448.xml,1284,2026-08-22 04:52:39.368000,train
data_train/data_train/Annotations/VIS/2451.xml,622,2026-08-22 04:52:39.386000,train
data_train/data_train/Annotations/VIS/2453.xml,1082,2026-08-22 04:52:39.404000,train
data_train/data_train/Annotations/VIS/2454.xml,2462,2026-08-22 04:52:39.378000,train
data_train/data_train/Annotations/VIS/2455.xml,1080,2026-08-22 04:52:39.378000,train
data_train/data_train/Annotations/VIS/2456.xml,620,2026-08-22 04:52:39.380000,train
data_train/data_train/Annotations/VIS/2457.xml,626,2026-08-22 04:52:39.388000,train
data_train/data_train/Annotations/VIS/2458.xml,621,2026-08-22 04:52:39.383000,train
data_train/data_train/Annotations/VIS/2459.xml,1542,2026-08-22 04:52:39.384000,train
data_train/data_train/Annotations/VIS/246.xml,1775,2026-08-22 04:52:39.386000,train
data_train/data_train/Annotations/VIS/2461.xml,2655,2026-08-22 04:52:39.381000,train
data_train/data_train/Annotations/VIS/2462.xml,620,2026-08-22 04:52:39.423000,train
data_train/data_train/Annotations/VIS/2463.xml,860,2026-08-22 04:52:39.389000,train
data_train/data_train/Annotations/VIS/2464.xml,614,2026-08-22 04:52:39.411000,train
data_train/data_train/Annotations/VIS/2465.xml,1076,2026-08-22 04:52:39.392000,train
data_train/data_train/Annotations/VIS/2467.xml,1070,2026-08-22 04:52:39.407000,train
data_train/data_train/Annotations/VIS/2468.xml,860,2026-08-22 04:52:39.403000,train
data_train/data_train/Annotations/VIS/2469.xml,619,2026-08-22 04:52:39.392000,train
data_train/data_train/Annotations/VIS/2470.xml,1083,2026-08-22 04:52:39.408000,train
data_train/data_train/Annotations/VIS/2471.xml,843,2026-08-22 04:52:39.401000,train
data_train/data_train/Annotations/VIS/2472.xml,1078,2026-08-22 04:52:39.399000,train
data_train/data_train/Annotations/VIS/2476.xml,859,2026-08-22 04:52:39.405000,train
data_train/data_train/Annotations/VIS/2479.xml,1083,2026-08-22 04:52:39.399000,train
data_train/data_train/Annotations/VIS/248.xml,846,2026-08-22 04:52:39.418000,train
data_train/data_train/Annotations/VIS/2480.xml,621,2026-08-22 04:52:39.411000,train
data_train/data_train/Annotations/VIS/2481.xml,1077,2026-08-22 04:52:39.415000,train
data_train/data_train/Annotations/VIS/2482.xml,1082,2026-08-22 04:52:39.420000,train
data_train/data_train/Annotations/VIS/2483.xml,1777,2026-08-22 04:52:39.413000,train
data_train/data_train/Annotations/VIS/2486.xml,621,2026-08-22 04:52:39.429000,train
data_train/data_train/Annotations/VIS/2487.xml,854,2026-08-22 04:52:39.422000,train
data_train/data_train/Annotations/VIS/2488.xml,622,2026-08-22 04:52:39.449000,train
data_train/data_train/Annotations/VIS/249.xml,1079,2026-08-22 04:52:39.534000,train
data_train/data_train/Annotations/VIS/2490.xml,1083,2026-08-22 04:52:39.434000,train
data_train/data_train/Annotations/VIS/2492.xml,1316,2026-08-22 04:52:39.431000,train
data_train/data_train/Annotations/VIS/2495.xml,843,2026-08-22 04:52:39.429000,train
data_train/data_train/Annotations/VIS/2496.xml,1074,2026-08-22 04:52:39.430000,train
data_train/data_train/Annotations/VIS/2499.xml,854,2026-08-22 04:52:39.478000,train
data_train/data_train/Annotations/VIS/25.xml,620,2026-08-22 04:52:39.459000,train
data_train/data_train/Annotations/VIS/250.xml,1082,2026-08-22 04:52:39.432000,train
data_train/data_train/Annotations/VIS/2502.xml,842,2026-08-22 04:52:39.431000,train
data_train/data_train/Annotations/VIS/2504.xml,627,2026-08-22 04:52:39.436000,train
data_train/data_train/Annotations/VIS/2506.xml,854,2026-08-22 04:52:39.459000,train
data_train/data_train/Annotations/VIS/2509.xml,1315,2026-08-22 04:52:39.435000,train
data_train/data_train/Annotations/VIS/251.xml,847,2026-08-22 04:52:39.433000,train
data_train/data_train/Annotations/VIS/2510.xml,1302,2026-08-22 04:52:39.442000,train
data_train/data_train/Annotations/VIS/2511.xml,1312,2026-08-22 04:52:39.439000,train
data_train/data_train/Annotations/VIS/2512.xml,1315,2026-08-22 04:52:39.438000,train
data_train/data_train/Annotations/VIS/2513.xml,1778,2026-08-22 04:52:39.535000,train
data_train/data_train/Annotations/VIS/2514.xml,622,2026-08-22 04:52:39.436000,train
data_train/data_train/Annotations/VIS/2515.xml,1093,2026-08-22 04:52:39.533000,train
data_train/data_train/Annotations/VIS/2517.xml,615,2026-08-22 04:52:39.535000,train
data_train/data_train/Annotations/VIS/2518.xml,625,2026-08-22 04:52:39.528000,train
data_train/data_train/Annotations/VIS/2519.xml,2460,2026-08-22 04:52:39.534000,train
data_train/data_train/Annotations/VIS/2520.xml,1529,2026-08-22 04:52:39.528000,train
data_train/data_train/Annotations/VIS/2521.xml,1060,2026-08-22 04:52:39.489000,train
data_train/data_train/Annotations/VIS/2522.xml,2891,2026-08-22 04:52:39.458000,train
data_train/data_train/Annotations/VIS/2523.xml,854,2026-08-22 04:52:39.576000,train
data_train/data_train/Annotations/VIS/2524.xml,622,2026-08-22 04:52:39.458000,train
data_train/data_train/Annotations/VIS/2525.xml,844,2026-08-22 04:52:39.459000,train
data_train/data_train/Annotations/VIS/2526.xml,1776,2026-08-22 04:52:39.467000,train
data_train/data_train/Annotations/VIS/2527.xml,1316,2026-08-22 04:52:39.468000,train
data_train/data_train/Annotations/VIS/2528.xml,1297,2026-08-22 04:52:39.482000,train
data_train/data_train/Annotations/VIS/253.xml,1077,2026-08-22 04:52:39.458000,train
data_train/data_train/Annotations/VIS/2530.xml,857,2026-08-22 04:52:39.548000,train
data_train/data_train/Annotations/VIS/2531.xml,1081,2026-08-22 04:52:39.478000,train
data_train/data_train/Annotations/VIS/2532.xml,1077,2026-08-22 04:52:39.503000,train
data_train/data_train/Annotations/VIS/2533.xml,1976,2026-08-22 04:52:39.480000,train
data_train/data_train/Annotations/VIS/2534.xml,1314,2026-08-22 04:52:39.490000,train
data_train/data_train/Annotations/VIS/2536.xml,1307,2026-08-22 04:52:39.483000,train
data_train/data_train/Annotations/VIS/2537.xml,1311,2026-08-22 04:52:39.486000,train
data_train/data_train/Annotations/VIS/2538.xml,1078,2026-08-22 04:52:39.497000,train
data_train/data_train/Annotations/VIS/2539.xml,2459,2026-08-22 04:52:39.500000,train
data_train/data_train/Annotations/VIS/254.xml,1088,2026-08-22 04:52:39.485000,train
data_train/data_train/Annotations/VIS/2540.xml,620,2026-08-22 04:52:39.478000,train
data_train/data_train/Annotations/VIS/2541.xml,1311,2026-08-22 04:52:39.489000,train
data_train/data_train/Annotations/VIS/2542.xml,1078,2026-08-22 04:52:39.491000,train
data_train/data_train/Annotations/VIS/2543.xml,619,2026-08-22 04:52:39.489000,train
data_train/data_train/Annotations/VIS/2544.xml,851,2026-08-22 04:52:39.493000,train
data_train/data_train/Annotations/VIS/2548.xml,1316,2026-08-22 04:52:39.510000,train
data_train/data_train/Annotations/VIS/255.xml,1313,2026-08-22 04:52:39.493000,train
data_train/data_train/Annotations/VIS/2550.xml,1293,2026-08-22 04:52:39.499000,train
data_train/data_train/Annotations/VIS/2551.xml,2462,2026-08-22 04:52:39.511000,train
data_train/data_train/Annotations/VIS/2553.xml,617,2026-08-22 04:52:39.496000,train
data_train/data_train/Annotations/VIS/2554.xml,853,2026-08-22 04:52:39.491000,train
data_train/data_train/Annotations/VIS/2555.xml,2891,2026-08-22 04:52:39.510000,train
data_train/data_train/Annotations/VIS/2556.xml,1949,2026-08-22 04:52:39.503000,train
data_train/data_train/Annotations/VIS/256.xml,1091,2026-08-22 04:52:39.515000,train
data_train/data_train/Annotations/VIS/2560.xml,857,2026-08-22 04:52:39.496000,train
data_train/data_train/Annotations/VIS/2561.xml,620,2026-08-22 04:52:39.513000,train
data_train/data_train/Annotations/VIS/2562.xml,620,2026-08-22 04:52:39.511000,train
data_train/data_train/Annotations/VIS/2563.xml,1312,2026-08-22 04:52:39.511000,train
data_train/data_train/Annotations/VIS/2564.xml,854,2026-08-22 04:52:39.513000,train
data_train/data_train/Annotations/VIS/2566.xml,1083,2026-08-22 04:52:39.512000,train
data_train/data_train/Annotations/VIS/2567.xml,1090,2026-08-22 04:52:39.567000,train
data_train/data_train/Annotations/VIS/2568.xml,846,2026-08-22 04:52:39.514000,train
data_train/data_train/Annotations/VIS/2570.xml,1076,2026-08-22 04:52:39.534000,train
data_train/data_train/Annotations/VIS/2572.xml,854,2026-08-22 04:52:39.535000,train
data_train/data_train/Annotations/VIS/2573.xml,857,2026-08-22 04:52:39.528000,train
data_train/data_train/Annotations/VIS/2575.xml,1080,2026-08-22 04:52:39.533000,train
data_train/data_train/Annotations/VIS/2576.xml,1536,2026-08-22 04:52:39.531000,train
data_train/data_train/Annotations/VIS/2578.xml,1081,2026-08-22 04:52:39.514000,train
data_train/data_train/Annotations/VIS/2579.xml,1547,2026-08-22 04:52:39.535000,train
data_train/data_train/Annotations/VIS/2580.xml,622,2026-08-22 04:52:39.533000,train
data_train/data_train/Annotations/VIS/2581.xml,627,2026-08-22 04:52:39.562000,train
data_train/data_train/Annotations/VIS/2583.xml,618,2026-08-22 04:52:39.546000,train
data_train/data_train/Annotations/VIS/2585.xml,1766,2026-08-22 04:52:39.527000,train
data_train/data_train/Annotations/VIS/2586.xml,842,2026-08-22 04:52:39.541000,train
data_train/data_train/Annotations/VIS/2587.xml,1073,2026-08-22 04:52:39.585000,train
data_train/data_train/Annotations/VIS/259.xml,1079,2026-08-22 04:52:39.591000,train
data_train/data_train/Annotations/VIS/2591.xml,1065,2026-08-22 04:52:39.615000,train
data_train/data_train/Annotations/VIS/2595.xml,627,2026-08-22 04:52:39.593000,train
data_train/data_train/Annotations/VIS/2596.xml,2401,2026-08-22 04:52:39.615000,train
data_train/data_train/Annotations/VIS/2597.xml,622,2026-08-22 04:52:39.580000,train
data_train/data_train/Annotations/VIS/2599.xml,1091,2026-08-22 04:52:39.582000,train
data_train/data_train/Annotations/VIS/26.xml,844,2026-08-22 04:52:39.583000,train
data_train/data_train/Annotations/VIS/260.xml,1074,2026-08-22 04:52:39.585000,train
data_train/data_train/Annotations/VIS/2601.xml,856,2026-08-22 04:52:39.584000,train
data_train/data_train/Annotations/VIS/2602.xml,1074,2026-08-22 04:52:39.574000,train
data_train/data_train/Annotations/VIS/2603.xml,620,2026-08-22 04:52:39.576000,train
data_train/data_train/Annotations/VIS/2604.xml,1082,2026-08-22 04:52:39.566000,train
data_train/data_train/Annotations/VIS/2606.xml,1093,2026-08-22 04:52:39.564000,train
data_train/data_train/Annotations/VIS/261.xml,1082,2026-08-22 04:52:39.576000,train
data_train/data_train/Annotations/VIS/2610.xml,1079,2026-08-22 04:52:39.574000,train
data_train/data_train/Annotations/VIS/2611.xml,1084,2026-08-22 04:52:39.582000,train
data_train/data_train/Annotations/VIS/2613.xml,1778,2026-08-22 04:52:39.583000,train
data_train/data_train/Annotations/VIS/2616.xml,621,2026-08-22 04:52:39.582000,train
data_train/data_train/Annotations/VIS/2618.xml,1084,2026-08-22 04:52:39.579000,train
data_train/data_train/Annotations/VIS/2619.xml,847,2026-08-22 04:52:39.576000,train
data_train/data_train/Annotations/VIS/262.xml,1532,2026-08-22 04:52:39.582000,train
data_train/data_train/Annotations/VIS/2620.xml,1314,2026-08-22 04:52:39.578000,train
data_train/data_train/Annotations/VIS/2622.xml,1289,2026-08-22 04:52:39.586000,train
data_train/data_train/Annotations/VIS/2623.xml,1778,2026-08-22 04:52:39.582000,train
data_train/data_train/Annotations/VIS/2626.xml,851,2026-08-22 04:52:39.580000,train
data_train/data_train/Annotations/VIS/2627.xml,619,2026-08-22 04:52:39.645000,train
data_train/data_train/Annotations/VIS/2629.xml,1072,2026-08-22 04:52:39.611000,train
data_train/data_train/Annotations/VIS/263.xml,1776,2026-08-22 04:52:39.588000,train
data_train/data_train/Annotations/VIS/2631.xml,1081,2026-08-22 04:52:39.600000,train
data_train/data_train/Annotations/VIS/2632.xml,1767,2026-08-22 04:52:39.591000,train
data_train/data_train/Annotations/VIS/2634.xml,1083,2026-08-22 04:52:39.614000,train
data_train/data_train/Annotations/VIS/2635.xml,1774,2026-08-22 04:52:39.594000,train
data_train/data_train/Annotations/VIS/2637.xml,2678,2026-08-22 04:52:39.602000,train
data_train/data_train/Annotations/VIS/2638.xml,835,2026-08-22 04:52:39.608000,train
data_train/data_train/Annotations/VIS/264.xml,846,2026-08-22 04:52:39.612000,train
data_train/data_train/Annotations/VIS/2640.xml,1076,2026-08-22 04:52:39.603000,train
data_train/data_train/Annotations/VIS/2641.xml,1084,2026-08-22 04:52:39.611000,train
data_train/data_train/Annotations/VIS/2642.xml,1307,2026-08-22 04:52:39.615000,train
data_train/data_train/Annotations/VIS/2643.xml,621,2026-08-22 04:52:39.605000,train
data_train/data_train/Annotations/VIS/2644.xml,1303,2026-08-22 04:52:39.606000,train
data_train/data_train/Annotations/VIS/2645.xml,1073,2026-08-22 04:52:39.616000,train
data_train/data_train/Annotations/VIS/2646.xml,2666,2026-08-22 04:52:39.614000,train
data_train/data_train/Annotations/VIS/2647.xml,1082,2026-08-22 04:52:39.668000,train
data_train/data_train/Annotations/VIS/265.xml,844,2026-08-22 04:52:39.611000,train
data_train/data_train/Annotations/VIS/2651.xml,1072,2026-08-22 04:52:39.639000,train
data_train/data_train/Annotations/VIS/2653.xml,1079,2026-08-22 04:52:39.645000,train
data_train/data_train/Annotations/VIS/2654.xml,1071,2026-08-22 04:52:39.697000,train
data_train/data_train/Annotations/VIS/2655.xml,1311,2026-08-22 04:52:39.624000,train
data_train/data_train/Annotations/VIS/2656.xml,1087,2026-08-22 04:52:39.647000,train
data_train/data_train/Annotations/VIS/2658.xml,1076,2026-08-22 04:52:39.634000,train
data_train/data_train/Annotations/VIS/266.xml,1081,2026-08-22 04:52:39.635000,train
data_train/data_train/Annotations/VIS/2663.xml,625,2026-08-22 04:52:39.644000,train
data_train/data_train/Annotations/VIS/2664.xml,1067,2026-08-22 04:52:39.619000,train
data_train/data_train/Annotations/VIS/2666.xml,855,2026-08-22 04:52:39.626000,train
data_train/data_train/Annotations/VIS/2669.xml,1550,2026-08-22 04:52:39.633000,train
data_train/data_train/Annotations/VIS/2670.xml,854,2026-08-22 04:52:39.681000,train
data_train/data_train/Annotations/VIS/2671.xml,1083,2026-08-22 04:52:39.651000,train
data_train/data_train/Annotations/VIS/2672.xml,848,2026-08-22 04:52:39.632000,train
data_train/data_train/Annotations/VIS/2673.xml,619,2026-08-22 04:52:39.634000,train
data_train/data_train/Annotations/VIS/2674.xml,1083,2026-08-22 04:52:39.656000,train
data_train/data_train/Annotations/VIS/2675.xml,846,2026-08-22 04:52:39.647000,train
data_train/data_train/Annotations/VIS/2677.xml,622,2026-08-22 04:52:39.657000,train
data_train/data_train/Annotations/VIS/2678.xml,625,2026-08-22 04:52:39.658000,train
data_train/data_train/Annotations/VIS/2679.xml,619,2026-08-22 04:52:39.663000,train
data_train/data_train/Annotations/VIS/2681.xml,1772,2026-08-22 04:52:39.660000,train
data_train/data_train/Annotations/VIS/2683.xml,625,2026-08-22 04:52:39.675000,train
data_train/data_train/Annotations/VIS/2684.xml,1751,2026-08-22 04:52:39.666000,train
data_train/data_train/Annotations/VIS/2686.xml,1552,2026-08-22 04:52:39.672000,train
data_train/data_train/Annotations/VIS/2687.xml,1308,2026-08-22 04:52:39.677000,train
data_train/data_train/Annotations/VIS/2689.xml,622,2026-08-22 04:52:39.684000,train
data_train/data_train/Annotations/VIS/2690.xml,1311,2026-08-22 04:52:39.683000,train
data_train/data_train/Annotations/VIS/2691.xml,2445,2026-08-22 04:52:39.668000,train
data_train/data_train/Annotations/VIS/2692.xml,2462,2026-08-22 04:52:39.676000,train
data_train/data_train/Annotations/VIS/2693.xml,623,2026-08-22 04:52:39.675000,train
data_train/data_train/Annotations/VIS/2694.xml,2455,2026-08-22 04:52:39.670000,train
data_train/data_train/Annotations/VIS/2696.xml,1061,2026-08-22 04:52:39.681000,train
data_train/data_train/Annotations/VIS/2697.xml,1308,2026-08-22 04:52:39.671000,train
data_train/data_train/Annotations/VIS/2699.xml,1078,2026-08-22 04:52:39.684000,train
data_train/data_train/Annotations/VIS/270.xml,844,2026-08-22 04:52:39.687000,train
data_train/data_train/Annotations/VIS/2700.xml,1079,2026-08-22 04:52:39.683000,train
data_train/data_train/Annotations/VIS/2704.xml,850,2026-08-22 04:52:39.676000,train
data_train/data_train/Annotations/VIS/2706.xml,1308,2026-08-22 04:52:39.685000,train
data_train/data_train/Annotations/VIS/2707.xml,2427,2026-08-22 04:52:39.699000,train
data_train/data_train/Annotations/VIS/2709.xml,1085,2026-08-22 04:52:39.704000,train
data_train/data_train/Annotations/VIS/271.xml,855,2026-08-22 04:52:39.692000,train
data_train/data_train/Annotations/VIS/2712.xml,851,2026-08-22 04:52:39.674000,train
data_train/data_train/Annotations/VIS/2713.xml,1315,2026-08-22 04:52:39.681000,train
data_train/data_train/Annotations/VIS/2714.xml,1756,2026-08-22 04:52:39.681000,train
data_train/data_train/Annotations/VIS/2716.xml,618,2026-08-22 04:52:39.688000,train
data_train/data_train/Annotations/VIS/2718.xml,626,2026-08-22 04:52:39.693000,train
data_train/data_train/Annotations/VIS/2719.xml,2457,2026-08-22 04:52:39.765000,train
data_train/data_train/Annotations/VIS/272.xml,619,2026-08-22 04:52:39.701000,train
data_train/data_train/Annotations/VIS/2720.xml,1091,2026-08-22 04:52:39.709000,train
data_train/data_train/Annotations/VIS/2722.xml,2459,2026-08-22 04:52:39.703000,train
data_train/data_train/Annotations/VIS/2723.xml,620,2026-08-22 04:52:39.741000,train
data_train/data_train/Annotations/VIS/2724.xml,1968,2026-08-22 04:52:39.713000,train
data_train/data_train/Annotations/VIS/2725.xml,1080,2026-08-22 04:52:39.695000,train
data_train/data_train/Annotations/VIS/2726.xml,621,2026-08-22 04:52:39.705000,train
data_train/data_train/Annotations/VIS/2727.xml,1536,2026-08-22 04:52:39.713000,train
data_train/data_train/Annotations/VIS/2730.xml,1968,2026-08-22 04:52:39.709000,train
data_train/data_train/Annotations/VIS/2731.xml,1967,2026-08-22 04:52:39.708000,train
data_train/data_train/Annotations/VIS/2733.xml,843,2026-08-22 04:52:39.720000,train
data_train/data_train/Annotations/VIS/2735.xml,1775,2026-08-22 04:52:39.701000,train
data_train/data_train/Annotations/VIS/2736.xml,1084,2026-08-22 04:52:39.695000,train
data_train/data_train/Annotations/VIS/2738.xml,1308,2026-08-22 04:52:39.712000,train
data_train/data_train/Annotations/VIS/274.xml,1289,2026-08-22 04:52:39.707000,train
data_train/data_train/Annotations/VIS/2743.xml,624,2026-08-22 04:52:39.723000,train
data_train/data_train/Annotations/VIS/2744.xml,1072,2026-08-22 04:52:39.711000,train
data_train/data_train/Annotations/VIS/2745.xml,1080,2026-08-22 04:52:39.717000,train
data_train/data_train/Annotations/VIS/2747.xml,1079,2026-08-22 04:52:39.731000,train
data_train/data_train/Annotations/VIS/2748.xml,622,2026-08-22 04:52:39.725000,train
data_train/data_train/Annotations/VIS/2749.xml,1509,2026-08-22 04:52:39.753000,train
data_train/data_train/Annotations/VIS/275.xml,1066,2026-08-22 04:52:39.724000,train
data_train/data_train/Annotations/VIS/2750.xml,841,2026-08-22 04:52:39.729000,train
data_train/data_train/Annotations/VIS/2753.xml,622,2026-08-22 04:52:39.720000,train
data_train/data_train/Annotations/VIS/2754.xml,2444,2026-08-22 04:52:39.799000,train
data_train/data_train/Annotations/VIS/2755.xml,846,2026-08-22 04:52:39.733000,train
data_train/data_train/Annotations/VIS/2757.xml,618,2026-08-22 04:52:39.733000,train
data_train/data_train/Annotations/VIS/2758.xml,846,2026-08-22 04:52:39.738000,train
data_train/data_train/Annotations/VIS/2760.xml,1744,2026-08-22 04:52:39.734000,train
data_train/data_train/Annotations/VIS/2761.xml,1311,2026-08-22 04:52:39.739000,train
data_train/data_train/Annotations/VIS/2764.xml,622,2026-08-22 04:52:39.755000,train
data_train/data_train/Annotations/VIS/2767.xml,2654,2026-08-22 04:52:39.747000,train
data_train/data_train/Annotations/VIS/277.xml,844,2026-08-22 04:52:39.749000,train
data_train/data_train/Annotations/VIS/2771.xml,620,2026-08-22 04:52:39.751000,train
data_train/data_train/Annotations/VIS/2772.xml,840,2026-08-22 04:52:39.763000,train
data_train/data_train/Annotations/VIS/2778.xml,620,2026-08-22 04:52:39.761000,train
data_train/data_train/Annotations/VIS/2779.xml,1090,2026-08-22 04:52:39.763000,train
data_train/data_train/Annotations/VIS/278.xml,851,2026-08-22 04:52:39.759000,train
data_train/data_train/Annotations/VIS/2780.xml,1539,2026-08-22 04:52:39.797000,train
data_train/data_train/Annotations/VIS/2781.xml,621,2026-08-22 04:52:39.764000,train
data_train/data_train/Annotations/VIS/2783.xml,1084,2026-08-22 04:52:39.770000,train
data_train/data_train/Annotations/VIS/2784.xml,855,2026-08-22 04:52:39.762000,train
data_train/data_train/Annotations/VIS/2786.xml,1083,2026-08-22 04:52:39.767000,train
data_train/data_train/Annotations/VIS/2787.xml,1968,2026-08-22 04:52:39.775000,train
data_train/data_train/Annotations/VIS/2789.xml,620,2026-08-22 04:52:39.778000,train
data_train/data_train/Annotations/VIS/279.xml,619,2026-08-22 04:52:39.775000,train
data_train/data_train/Annotations/VIS/2790.xml,854,2026-08-22 04:52:39.769000,train
data_train/data_train/Annotations/VIS/2793.xml,1315,2026-08-22 04:52:39.776000,train
data_train/data_train/Annotations/VIS/2794.xml,1316,2026-08-22 04:52:39.775000,train
data_train/data_train/Annotations/VIS/2796.xml,620,2026-08-22 04:52:39.797000,train
data_train/data_train/Annotations/VIS/2797.xml,1307,2026-08-22 04:52:39.775000,train
data_train/data_train/Annotations/VIS/28.xml,1529,2026-08-22 04:52:39.778000,train
data_train/data_train/Annotations/VIS/280.xml,850,2026-08-22 04:52:39.767000,train
data_train/data_train/Annotations/VIS/2802.xml,1315,2026-08-22 04:52:39.796000,train
data_train/data_train/Annotations/VIS/2803.xml,1731,2026-08-22 04:52:39.775000,train
data_train/data_train/Annotations/VIS/2805.xml,1067,2026-08-22 04:52:39.774000,train
data_train/data_train/Annotations/VIS/2806.xml,622,2026-08-22 04:52:39.773000,train
data_train/data_train/Annotations/VIS/2807.xml,1078,2026-08-22 04:52:39.789000,train
data_train/data_train/Annotations/VIS/2808.xml,1084,2026-08-22 04:52:39.774000,train
data_train/data_train/Annotations/VIS/2809.xml,622,2026-08-22 04:52:39.782000,train
data_train/data_train/Annotations/VIS/281.xml,2446,2026-08-22 04:52:39.788000,train
data_train/data_train/Annotations/VIS/2810.xml,1071,2026-08-22 04:52:39.783000,train
data_train/data_train/Annotations/VIS/2811.xml,623,2026-08-22 04:52:39.790000,train
data_train/data_train/Annotations/VIS/2812.xml,852,2026-08-22 04:52:39.813000,train
data_train/data_train/Annotations/VIS/2813.xml,1296,2026-08-22 04:52:39.792000,train
data_train/data_train/Annotations/VIS/2814.xml,1305,2026-08-22 04:52:39.886000,train
data_train/data_train/Annotations/VIS/2815.xml,1315,2026-08-22 04:52:39.783000,train
data_train/data_train/Annotations/VIS/2816.xml,1306,2026-08-22 04:52:39.794000,train
data_train/data_train/Annotations/VIS/2817.xml,857,2026-08-22 04:52:39.809000,train
data_train/data_train/Annotations/VIS/2818.xml,846,2026-08-22 04:52:39.804000,train
data_train/data_train/Annotations/VIS/2819.xml,850,2026-08-22 04:52:39.812000,train
data_train/data_train/Annotations/VIS/282.xml,849,2026-08-22 04:52:39.806000,train
data_train/data_train/Annotations/VIS/2821.xml,621,2026-08-22 04:52:39.790000,train
data_train/data_train/Annotations/VIS/2823.xml,625,2026-08-22 04:52:39.842000,train
data_train/data_train/Annotations/VIS/2827.xml,1533,2026-08-22 04:52:39.808000,train
data_train/data_train/Annotations/VIS/2828.xml,1315,2026-08-22 04:52:39.797000,train
data_train/data_train/Annotations/VIS/2829.xml,1076,2026-08-22 04:52:39.828000,train
data_train/data_train/Annotations/VIS/283.xml,1753,2026-08-22 04:52:39.814000,train
data_train/data_train/Annotations/VIS/2831.xml,2447,2026-08-22 04:52:39.810000,train
data_train/data_train/Annotations/VIS/2832.xml,844,2026-08-22 04:52:39.826000,train
data_train/data_train/Annotations/VIS/2834.xml,1075,2026-08-22 04:52:39.821000,train
data_train/data_train/Annotations/VIS/2836.xml,855,2026-08-22 04:52:39.835000,train
data_train/data_train/Annotations/VIS/2838.xml,842,2026-08-22 04:52:39.844000,train
data_train/data_train/Annotations/VIS/284.xml,1296,2026-08-22 04:52:39.812000,train
data_train/data_train/Annotations/VIS/2840.xml,619,2026-08-22 04:52:39.869000,train
data_train/data_train/Annotations/VIS/2842.xml,1316,2026-08-22 04:52:39.823000,train
data_train/data_train/Annotations/VIS/2843.xml,2449,2026-08-22 04:52:39.823000,train
data_train/data_train/Annotations/VIS/2845.xml,1308,2026-08-22 04:52:39.816000,train
data_train/data_train/Annotations/VIS/2846.xml,620,2026-08-22 04:52:39.882000,train
data_train/data_train/Annotations/VIS/2849.xml,620,2026-08-22 04:52:39.841000,train
data_train/data_train/Annotations/VIS/285.xml,1314,2026-08-22 04:52:39.842000,train
data_train/data_train/Annotations/VIS/2853.xml,1306,2026-08-22 04:52:39.838000,train
data_train/data_train/Annotations/VIS/2854.xml,1066,2026-08-22 04:52:39.835000,train
data_train/data_train/Annotations/VIS/2858.xml,2634,2026-08-22 04:52:39.838000,train
data_train/data_train/Annotations/VIS/286.xml,1076,2026-08-22 04:52:39.842000,train
data_train/data_train/Annotations/VIS/2861.xml,1068,2026-08-22 04:52:39.855000,train
data_train/data_train/Annotations/VIS/2862.xml,1070,2026-08-22 04:52:39.851000,train
data_train/data_train/Annotations/VIS/2863.xml,1078,2026-08-22 04:52:39.864000,train
data_train/data_train/Annotations/VIS/2867.xml,1066,2026-08-22 04:52:39.871000,train
data_train/data_train/Annotations/VIS/2868.xml,1289,2026-08-22 04:52:39.844000,train
data_train/data_train/Annotations/VIS/2869.xml,627,2026-08-22 04:52:39.850000,train
data_train/data_train/Annotations/VIS/287.xml,3341,2026-08-22 04:52:39.841000,train
data_train/data_train/Annotations/VIS/2870.xml,1307,2026-08-22 04:52:39.872000,train
data_train/data_train/Annotations/VIS/2872.xml,1072,2026-08-22 04:52:39.852000,train
data_train/data_train/Annotations/VIS/2873.xml,2210,2026-08-22 04:52:39.911000,train
data_train/data_train/Annotations/VIS/2874.xml,620,2026-08-22 04:52:39.870000,train
data_train/data_train/Annotations/VIS/2875.xml,616,2026-08-22 04:52:39.867000,train
data_train/data_train/Annotations/VIS/2876.xml,622,2026-08-22 04:52:39.875000,train
data_train/data_train/Annotations/VIS/2878.xml,1316,2026-08-22 04:52:39.867000,train
data_train/data_train/Annotations/VIS/288.xml,619,2026-08-22 04:52:39.866000,train
data_train/data_train/Annotations/VIS/2881.xml,625,2026-08-22 04:52:39.865000,train
data_train/data_train/Annotations/VIS/2883.xml,1756,2026-08-22 04:52:39.859000,train
data_train/data_train/Annotations/VIS/2884.xml,1316,2026-08-22 04:52:39.873000,train
data_train/data_train/Annotations/VIS/2885.xml,1311,2026-08-22 04:52:39.857000,train
data_train/data_train/Annotations/VIS/2886.xml,1083,2026-08-22 04:52:39.882000,train
data_train/data_train/Annotations/VIS/2887.xml,1316,2026-08-22 04:52:39.865000,train
data_train/data_train/Annotations/VIS/2888.xml,847,2026-08-22 04:52:39.863000,train
data_train/data_train/Annotations/VIS/289.xml,1082,2026-08-22 04:52:39.861000,train
data_train/data_train/Annotations/VIS/2890.xml,624,2026-08-22 04:52:39.882000,train
data_train/data_train/Annotations/VIS/2896.xml,842,2026-08-22 04:52:39.870000,train
data_train/data_train/Annotations/VIS/2897.xml,1995,2026-08-22 04:52:39.868000,train
data_train/data_train/Annotations/VIS/2898.xml,621,2026-08-22 04:52:39.879000,train
data_train/data_train/Annotations/VIS/2899.xml,1316,2026-08-22 04:52:39.870000,train
data_train/data_train/Annotations/VIS/290.xml,849,2026-08-22 04:52:39.878000,train
data_train/data_train/Annotations/VIS/2900.xml,1084,2026-08-22 04:52:39.874000,train
data_train/data_train/Annotations/VIS/2901.xml,1082,2026-08-22 04:52:39.880000,train
data_train/data_train/Annotations/VIS/2902.xml,1776,2026-08-22 04:52:39.891000,train
data_train/data_train/Annotations/VIS/2903.xml,1295,2026-08-22 04:52:39.885000,train
data_train/data_train/Annotations/VIS/2906.xml,1060,2026-08-22 04:52:39.880000,train
data_train/data_train/Annotations/VIS/2909.xml,1548,2026-08-22 04:52:39.883000,train
data_train/data_train/Annotations/VIS/291.xml,1076,2026-08-22 04:52:39.890000,train
data_train/data_train/Annotations/VIS/2912.xml,1545,2026-08-22 04:52:39.882000,train
data_train/data_train/Annotations/VIS/2916.xml,851,2026-08-22 04:52:39.900000,train
data_train/data_train/Annotations/VIS/2918.xml,625,2026-08-22 04:52:39.888000,train
data_train/data_train/Annotations/VIS/292.xml,1082,2026-08-22 04:52:39.898000,train
data_train/data_train/Annotations/VIS/2921.xml,626,2026-08-22 04:52:39.898000,train
data_train/data_train/Annotations/VIS/2924.xml,1299,2026-08-22 04:52:39.905000,train
data_train/data_train/Annotations/VIS/2929.xml,853,2026-08-22 04:52:39.928000,train
data_train/data_train/Annotations/VIS/2930.xml,1314,2026-08-22 04:52:39.894000,train
data_train/data_train/Annotations/VIS/2931.xml,1079,2026-08-22 04:52:39.898000,train
data_train/data_train/Annotations/VIS/2932.xml,1769,2026-08-22 04:52:39.901000,train
data_train/data_train/Annotations/VIS/2934.xml,1067,2026-08-22 04:52:39.910000,train
data_train/data_train/Annotations/VIS/2936.xml,1078,2026-08-22 04:52:39.902000,train
data_train/data_train/Annotations/VIS/2937.xml,1506,2026-08-22 04:52:39.915000,train
data_train/data_train/Annotations/VIS/2938.xml,1072,2026-08-22 04:52:39.909000,train
data_train/data_train/Annotations/VIS/2939.xml,1550,2026-08-22 04:52:39.935000,train
data_train/data_train/Annotations/VIS/294.xml,848,2026-08-22 04:52:39.944000,train
data_train/data_train/Annotations/VIS/2940.xml,623,2026-08-22 04:52:39.948000,train
data_train/data_train/Annotations/VIS/2941.xml,1078,2026-08-22 04:52:39.917000,train
data_train/data_train/Annotations/VIS/2942.xml,622,2026-08-22 04:52:39.940000,train
data_train/data_train/Annotations/VIS/2943.xml,620,2026-08-22 04:52:39.953000,train
data_train/data_train/Annotations/VIS/2944.xml,1313,2026-08-22 04:52:39.936000,train
data_train/data_train/Annotations/VIS/2945.xml,1299,2026-08-22 04:52:39.944000,train
data_train/data_train/Annotations/VIS/2947.xml,620,2026-08-22 04:52:39.941000,train
data_train/data_train/Annotations/VIS/2948.xml,1078,2026-08-22 04:52:39.942000,train
data_train/data_train/Annotations/VIS/2949.xml,1316,2026-08-22 04:52:39.943000,train
data_train/data_train/Annotations/VIS/295.xml,858,2026-08-22 04:52:39.939000,train
data_train/data_train/Annotations/VIS/2950.xml,1073,2026-08-22 04:52:39.950000,train
data_train/data_train/Annotations/VIS/2952.xml,1766,2026-08-22 04:52:39.944000,train
data_train/data_train/Annotations/VIS/2954.xml,623,2026-08-22 04:52:39.938000,train
data_train/data_train/Annotations/VIS/2957.xml,1308,2026-08-22 04:52:39.947000,train
data_train/data_train/Annotations/VIS/2958.xml,1316,2026-08-22 04:52:39.944000,train
data_train/data_train/Annotations/VIS/2959.xml,1770,2026-08-22 04:52:39.966000,train
data_train/data_train/Annotations/VIS/2961.xml,1292,2026-08-22 04:52:39.955000,train
data_train/data_train/Annotations/VIS/2963.xml,2673,2026-08-22 04:52:40.011000,train
data_train/data_train/Annotations/VIS/2965.xml,1314,2026-08-22 04:52:39.958000,train
data_train/data_train/Annotations/VIS/2966.xml,1312,2026-08-22 04:52:39.958000,train
data_train/data_train/Annotations/VIS/2967.xml,620,2026-08-22 04:52:40.011000,train
data_train/data_train/Annotations/VIS/2970.xml,1074,2026-08-22 04:52:39.956000,train
data_train/data_train/Annotations/VIS/2971.xml,628,2026-08-22 04:52:39.959000,train
data_train/data_train/Annotations/VIS/2974.xml,618,2026-08-22 04:52:39.958000,train
data_train/data_train/Annotations/VIS/2975.xml,4487,2026-08-22 04:52:39.978000,train
data_train/data_train/Annotations/VIS/2976.xml,847,2026-08-22 04:52:39.968000,train
data_train/data_train/Annotations/VIS/2977.xml,622,2026-08-22 04:52:39.950000,train
data_train/data_train/Annotations/VIS/2978.xml,1069,2026-08-22 04:52:39.954000,train
data_train/data_train/Annotations/VIS/2979.xml,1085,2026-08-22 04:52:39.958000,train
data_train/data_train/Annotations/VIS/298.xml,3109,2026-08-22 04:52:39.958000,train
data_train/data_train/Annotations/VIS/2980.xml,844,2026-08-22 04:52:40.041000,train
data_train/data_train/Annotations/VIS/2982.xml,1538,2026-08-22 04:52:39.956000,train
data_train/data_train/Annotations/VIS/2984.xml,854,2026-08-22 04:52:39.989000,train
data_train/data_train/Annotations/VIS/2989.xml,1090,2026-08-22 04:52:39.977000,train
data_train/data_train/Annotations/VIS/299.xml,1544,2026-08-22 04:52:39.954000,train
data_train/data_train/Annotations/VIS/2991.xml,2674,2026-08-22 04:52:39.969000,train
data_train/data_train/Annotations/VIS/2992.xml,1316,2026-08-22 04:52:39.969000,train
data_train/data_train/Annotations/VIS/2994.xml,840,2026-08-22 04:52:39.974000,train
data_train/data_train/Annotations/VIS/2995.xml,622,2026-08-22 04:52:39.983000,train
data_train/data_train/Annotations/VIS/2996.xml,851,2026-08-22 04:52:39.975000,train
data_train/data_train/Annotations/VIS/2998.xml,620,2026-08-22 04:52:39.970000,train
data_train/data_train/Annotations/VIS/3.xml,1073,2026-08-22 04:52:39.971000,train
data_train/data_train/Annotations/VIS/3002.xml,854,2026-08-22 04:52:40.033000,train
data_train/data_train/Annotations/VIS/3003.xml,1086,2026-08-22 04:52:39.978000,train
data_train/data_train/Annotations/VIS/3004.xml,627,2026-08-22 04:52:39.971000,train
data_train/data_train/Annotations/VIS/3005.xml,854,2026-08-22 04:52:39.977000,train
data_train/data_train/Annotations/VIS/3007.xml,619,2026-08-22 04:52:39.977000,train
data_train/data_train/Annotations/VIS/3008.xml,1079,2026-08-22 04:52:40.119000,train
data_train/data_train/Annotations/VIS/3009.xml,621,2026-08-22 04:52:39.978000,train
data_train/data_train/Annotations/VIS/301.xml,1534,2026-08-22 04:52:40.033000,train
data_train/data_train/Annotations/VIS/3010.xml,616,2026-08-22 04:52:39.985000,train
data_train/data_train/Annotations/VIS/3012.xml,1308,2026-08-22 04:52:39.983000,train
data_train/data_train/Annotations/VIS/3014.xml,1066,2026-08-22 04:52:39.990000,train
data_train/data_train/Annotations/VIS/3015.xml,2429,2026-08-22 04:52:40.058000,train
data_train/data_train/Annotations/VIS/3017.xml,1535,2026-08-22 04:52:39.989000,train
data_train/data_train/Annotations/VIS/3019.xml,853,2026-08-22 04:52:40.031000,train
data_train/data_train/Annotations/VIS/302.xml,2205,2026-08-22 04:52:39.998000,train
data_train/data_train/Annotations/VIS/3020.xml,621,2026-08-22 04:52:40.009000,train
data_train/data_train/Annotations/VIS/3021.xml,1292,2026-08-22 04:52:40.010000,train
data_train/data_train/Annotations/VIS/3023.xml,1072,2026-08-22 04:52:39.999000,train
data_train/data_train/Annotations/VIS/3024.xml,1084,2026-08-22 04:52:40.049000,train
data_train/data_train/Annotations/VIS/3026.xml,1533,2026-08-22 04:52:40.098000,train
data_train/data_train/Annotations/VIS/3029.xml,1083,2026-08-22 04:52:40.025000,train
data_train/data_train/Annotations/VIS/303.xml,1075,2026-08-22 04:52:40.021000,train
data_train/data_train/Annotations/VIS/3030.xml,847,2026-08-22 04:52:40.034000,train
data_train/data_train/Annotations/VIS/3032.xml,1310,2026-08-22 04:52:40.024000,train
data_train/data_train/Annotations/VIS/3033.xml,1084,2026-08-22 04:52:40.025000,train
data_train/data_train/Annotations/VIS/3034.xml,1079,2026-08-22 04:52:40.034000,train
data_train/data_train/Annotations/VIS/3035.xml,1316,2026-08-22 04:52:40.031000,train
data_train/data_train/Annotations/VIS/3036.xml,1543,2026-08-22 04:52:40.033000,train
data_train/data_train/Annotations/VIS/3037.xml,621,2026-08-22 04:52:40.027000,train
data_train/data_train/Annotations/VIS/3039.xml,620,2026-08-22 04:52:40.041000,train
data_train/data_train/Annotations/VIS/3040.xml,1306,2026-08-22 04:52:40.038000,train
data_train/data_train/Annotations/VIS/3042.xml,1308,2026-08-22 04:52:40.028000,train
data_train/data_train/Annotations/VIS/3043.xml,1312,2026-08-22 04:52:40.041000,train
data_train/data_train/Annotations/VIS/3044.xml,1286,2026-08-22 04:52:40.048000,train
data_train/data_train/Annotations/VIS/3045.xml,625,2026-08-22 04:52:40.044000,train
data_train/data_train/Annotations/VIS/3047.xml,855,2026-08-22 04:52:40.041000,train
data_train/data_train/Annotations/VIS/3048.xml,1087,2026-08-22 04:52:40.039000,train
data_train/data_train/Annotations/VIS/3051.xml,1085,2026-08-22 04:52:40.051000,train
data_train/data_train/Annotations/VIS/3052.xml,1068,2026-08-22 04:52:40.037000,train
data_train/data_train/Annotations/VIS/3055.xml,1083,2026-08-22 04:52:40.040000,train
data_train/data_train/Annotations/VIS/3056.xml,1076,2026-08-22 04:52:40.063000,train
data_train/data_train/Annotations/VIS/3057.xml,846,2026-08-22 04:52:40.049000,train
data_train/data_train/Annotations/VIS/3059.xml,854,2026-08-22 04:52:40.053000,train
data_train/data_train/Annotations/VIS/306.xml,2447,2026-08-22 04:52:40.049000,train
data_train/data_train/Annotations/VIS/3060.xml,1085,2026-08-22 04:52:40.046000,train
data_train/data_train/Annotations/VIS/3062.xml,842,2026-08-22 04:52:40.053000,train
data_train/data_train/Annotations/VIS/3064.xml,1069,2026-08-22 04:52:40.061000,train
data_train/data_train/Annotations/VIS/3066.xml,2462,2026-08-22 04:52:40.050000,train
data_train/data_train/Annotations/VIS/3067.xml,845,2026-08-22 04:52:40.053000,train
data_train/data_train/Annotations/VIS/3069.xml,1943,2026-08-22 04:52:40.064000,train
data_train/data_train/Annotations/VIS/307.xml,1077,2026-08-22 04:52:40.060000,train
data_train/data_train/Annotations/VIS/3072.xml,618,2026-08-22 04:52:40.090000,train
data_train/data_train/Annotations/VIS/3074.xml,1749,2026-08-22 04:52:40.076000,train
data_train/data_train/Annotations/VIS/3075.xml,854,2026-08-22 04:52:40.058000,train
data_train/data_train/Annotations/VIS/3080.xml,1072,2026-08-22 04:52:40.062000,train
data_train/data_train/Annotations/VIS/3081.xml,1081,2026-08-22 04:52:40.065000,train
data_train/data_train/Annotations/VIS/3082.xml,1093,2026-08-22 04:52:40.054000,train
data_train/data_train/Annotations/VIS/3083.xml,1977,2026-08-22 04:52:40.093000,train
data_train/data_train/Annotations/VIS/3084.xml,843,2026-08-22 04:52:40.065000,train
data_train/data_train/Annotations/VIS/3085.xml,1768,2026-08-22 04:52:40.067000,train
data_train/data_train/Annotations/VIS/3088.xml,617,2026-08-22 04:52:40.065000,train
data_train/data_train/Annotations/VIS/309.xml,1303,2026-08-22 04:52:40.080000,train
data_train/data_train/Annotations/VIS/3091.xml,1082,2026-08-22 04:52:40.075000,train
data_train/data_train/Annotations/VIS/3093.xml,855,2026-08-22 04:52:40.076000,train
data_train/data_train/Annotations/VIS/3094.xml,1088,2026-08-22 04:52:40.066000,train
data_train/data_train/Annotations/VIS/3096.xml,1533,2026-08-22 04:52:40.069000,train
data_train/data_train/Annotations/VIS/3097.xml,2456,2026-08-22 04:52:40.151000,train
data_train/data_train/Annotations/VIS/3098.xml,1762,2026-08-22 04:52:40.099000,train
data_train/data_train/Annotations/VIS/310.xml,614,2026-08-22 04:52:40.077000,train
data_train/data_train/Annotations/VIS/3100.xml,858,2026-08-22 04:52:40.083000,train
data_train/data_train/Annotations/VIS/3102.xml,1078,2026-08-22 04:52:40.090000,train
data_train/data_train/Annotations/VIS/3103.xml,619,2026-08-22 04:52:40.104000,train
data_train/data_train/Annotations/VIS/3105.xml,1302,2026-08-22 04:52:40.098000,train
data_train/data_train/Annotations/VIS/3108.xml,1307,2026-08-22 04:52:40.110000,train
data_train/data_train/Annotations/VIS/3109.xml,619,2026-08-22 04:52:40.104000,train
data_train/data_train/Annotations/VIS/311.xml,1512,2026-08-22 04:52:40.111000,train
data_train/data_train/Annotations/VIS/3113.xml,620,2026-08-22 04:52:40.112000,train
data_train/data_train/Annotations/VIS/3115.xml,621,2026-08-22 04:52:40.105000,train
data_train/data_train/Annotations/VIS/3116.xml,844,2026-08-22 04:52:40.114000,train
data_train/data_train/Annotations/VIS/3118.xml,1315,2026-08-22 04:52:40.112000,train
data_train/data_train/Annotations/VIS/312.xml,1542,2026-08-22 04:52:40.132000,train
data_train/data_train/Annotations/VIS/3120.xml,1083,2026-08-22 04:52:40.112000,train
data_train/data_train/Annotations/VIS/3121.xml,1084,2026-08-22 04:52:40.116000,train
data_train/data_train/Annotations/VIS/3122.xml,853,2026-08-22 04:52:40.128000,train
data_train/data_train/Annotations/VIS/3124.xml,853,2026-08-22 04:52:40.154000,train
data_train/data_train/Annotations/VIS/3126.xml,1081,2026-08-22 04:52:40.127000,train
data_train/data_train/Annotations/VIS/3127.xml,619,2026-08-22 04:52:40.119000,train
data_train/data_train/Annotations/VIS/3128.xml,1064,2026-08-22 04:52:40.127000,train
data_train/data_train/Annotations/VIS/313.xml,1749,2026-08-22 04:52:40.126000,train
data_train/data_train/Annotations/VIS/3130.xml,844,2026-08-22 04:52:40.119000,train
data_train/data_train/Annotations/VIS/3133.xml,1316,2026-08-22 04:52:40.126000,train
data_train/data_train/Annotations/VIS/3135.xml,848,2026-08-22 04:52:40.123000,train
data_train/data_train/Annotations/VIS/3137.xml,1064,2026-08-22 04:52:40.130000,train
data_train/data_train/Annotations/VIS/3138.xml,621,2026-08-22 04:52:40.130000,train
data_train/data_train/Annotations/VIS/314.xml,850,2026-08-22 04:52:40.129000,train
data_train/data_train/Annotations/VIS/3140.xml,1314,2026-08-22 04:52:40.129000,train
data_train/data_train/Annotations/VIS/3141.xml,2203,2026-08-22 04:52:40.146000,train
data_train/data_train/Annotations/VIS/3142.xml,2459,2026-08-22 04:52:40.132000,train
data_train/data_train/Annotations/VIS/3144.xml,624,2026-08-22 04:52:40.140000,train
data_train/data_train/Annotations/VIS/3148.xml,1311,2026-08-22 04:52:40.129000,train
data_train/data_train/Annotations/VIS/315.xml,858,2026-08-22 04:52:40.158000,train
data_train/data_train/Annotations/VIS/3150.xml,1307,2026-08-22 04:52:40.124000,train
data_train/data_train/Annotations/VIS/3151.xml,622,2026-08-22 04:52:40.148000,train
data_train/data_train/Annotations/VIS/3154.xml,1292,2026-08-22 04:52:40.149000,train
data_train/data_train/Annotations/VIS/3157.xml,1297,2026-08-22 04:52:40.143000,train
data_train/data_train/Annotations/VIS/3158.xml,1076,2026-08-22 04:52:40.141000,train
data_train/data_train/Annotations/VIS/3159.xml,624,2026-08-22 04:52:40.144000,train
data_train/data_train/Annotations/VIS/3160.xml,1300,2026-08-22 04:52:40.139000,train
data_train/data_train/Annotations/VIS/3161.xml,2462,2026-08-22 04:52:40.147000,train
data_train/data_train/Annotations/VIS/3162.xml,1298,2026-08-22 04:52:40.154000,train
data_train/data_train/Annotations/VIS/3163.xml,621,2026-08-22 04:52:40.162000,train
data_train/data_train/Annotations/VIS/3165.xml,1082,2026-08-22 04:52:40.160000,train
data_train/data_train/Annotations/VIS/3166.xml,622,2026-08-22 04:52:40.153000,train
data_train/data_train/Annotations/VIS/3169.xml,1082,2026-08-22 04:52:40.147000,train
data_train/data_train/Annotations/VIS/317.xml,1293,2026-08-22 04:52:40.140000,train
data_train/data_train/Annotations/VIS/3170.xml,1077,2026-08-22 04:52:40.150000,train
data_train/data_train/Annotations/VIS/3171.xml,1741,2026-08-22 04:52:40.143000,train
data_train/data_train/Annotations/VIS/3172.xml,1538,2026-08-22 04:52:40.146000,train
data_train/data_train/Annotations/VIS/3175.xml,620,2026-08-22 04:52:40.166000,train
data_train/data_train/Annotations/VIS/3176.xml,2448,2026-08-22 04:52:40.162000,train
data_train/data_train/Annotations/VIS/3178.xml,1072,2026-08-22 04:52:40.156000,train
data_train/data_train/Annotations/VIS/3180.xml,1316,2026-08-22 04:52:40.162000,train
data_train/data_train/Annotations/VIS/3181.xml,620,2026-08-22 04:52:40.158000,train
data_train/data_train/Annotations/VIS/3186.xml,625,2026-08-22 04:52:40.153000,train
data_train/data_train/Annotations/VIS/3187.xml,1079,2026-08-22 04:52:40.166000,train
data_train/data_train/Annotations/VIS/3188.xml,1307,2026-08-22 04:52:40.163000,train
data_train/data_train/Annotations/VIS/3189.xml,1076,2026-08-22 04:52:40.223000,train
data_train/data_train/Annotations/VIS/3191.xml,1313,2026-08-22 04:52:40.172000,train
data_train/data_train/Annotations/VIS/3192.xml,851,2026-08-22 04:52:40.195000,train
data_train/data_train/Annotations/VIS/3194.xml,1077,2026-08-22 04:52:40.176000,train
data_train/data_train/Annotations/VIS/3198.xml,1078,2026-08-22 04:52:40.194000,train
data_train/data_train/Annotations/VIS/320.xml,1745,2026-08-22 04:52:40.193000,train
data_train/data_train/Annotations/VIS/3200.xml,620,2026-08-22 04:52:40.189000,train
data_train/data_train/Annotations/VIS/3201.xml,622,2026-08-22 04:52:40.200000,train
data_train/data_train/Annotations/VIS/3203.xml,4065,2026-08-22 04:52:40.197000,train
data_train/data_train/Annotations/VIS/3204.xml,1084,2026-08-22 04:52:40.187000,train
data_train/data_train/Annotations/VIS/3209.xml,619,2026-08-22 04:52:40.223000,train
data_train/data_train/Annotations/VIS/321.xml,622,2026-08-22 04:52:40.210000,train
data_train/data_train/Annotations/VIS/3210.xml,1308,2026-08-22 04:52:40.193000,train
data_train/data_train/Annotations/VIS/3211.xml,1962,2026-08-22 04:52:40.202000,train
data_train/data_train/Annotations/VIS/3212.xml,1305,2026-08-22 04:52:40.206000,train
data_train/data_train/Annotations/VIS/3214.xml,845,2026-08-22 04:52:40.200000,train
data_train/data_train/Annotations/VIS/3215.xml,621,2026-08-22 04:52:40.216000,train
data_train/data_train/Annotations/VIS/3216.xml,856,2026-08-22 04:52:40.206000,train
data_train/data_train/Annotations/VIS/3218.xml,618,2026-08-22 04:52:40.210000,train
data_train/data_train/Annotations/VIS/3219.xml,620,2026-08-22 04:52:40.202000,train
data_train/data_train/Annotations/VIS/322.xml,619,2026-08-22 04:52:40.212000,train
data_train/data_train/Annotations/VIS/3220.xml,624,2026-08-22 04:52:40.213000,train
data_train/data_train/Annotations/VIS/3222.xml,1311,2026-08-22 04:52:40.206000,train
data_train/data_train/Annotations/VIS/3223.xml,1084,2026-08-22 04:52:40.213000,train
data_train/data_train/Annotations/VIS/3224.xml,1084,2026-08-22 04:52:40.226000,train
data_train/data_train/Annotations/VIS/3227.xml,1552,2026-08-22 04:52:40.217000,train
data_train/data_train/Annotations/VIS/323.xml,1079,2026-08-22 04:52:40.235000,train
data_train/data_train/Annotations/VIS/3230.xml,2444,2026-08-22 04:52:40.227000,train
data_train/data_train/Annotations/VIS/3231.xml,841,2026-08-22 04:52:40.226000,train
data_train/data_train/Annotations/VIS/3233.xml,2457,2026-08-22 04:52:40.234000,train
data_train/data_train/Annotations/VIS/3234.xml,1076,2026-08-22 04:52:40.227000,train
data_train/data_train/Annotations/VIS/3237.xml,850,2026-08-22 04:52:40.240000,train
data_train/data_train/Annotations/VIS/324.xml,1288,2026-08-22 04:52:40.231000,train
data_train/data_train/Annotations/VIS/3240.xml,1295,2026-08-22 04:52:40.245000,train
data_train/data_train/Annotations/VIS/3241.xml,844,2026-08-22 04:52:40.231000,train
data_train/data_train/Annotations/VIS/3242.xml,857,2026-08-22 04:52:40.224000,train
data_train/data_train/Annotations/VIS/3243.xml,3799,2026-08-22 04:52:40.227000,train
data_train/data_train/Annotations/VIS/3244.xml,1316,2026-08-22 04:52:40.233000,train
data_train/data_train/Annotations/VIS/3245.xml,1076,2026-08-22 04:52:40.232000,train
data_train/data_train/Annotations/VIS/3246.xml,844,2026-08-22 04:52:40.252000,train
data_train/data_train/Annotations/VIS/3247.xml,1512,2026-08-22 04:52:40.235000,train
data_train/data_train/Annotations/VIS/325.xml,1767,2026-08-22 04:52:40.245000,train
data_train/data_train/Annotations/VIS/3252.xml,1307,2026-08-22 04:52:40.293000,train
data_train/data_train/Annotations/VIS/3253.xml,619,2026-08-22 04:52:40.281000,train
data_train/data_train/Annotations/VIS/3255.xml,1090,2026-08-22 04:52:40.252000,train
data_train/data_train/Annotations/VIS/3257.xml,1528,2026-08-22 04:52:40.237000,train
data_train/data_train/Annotations/VIS/3259.xml,1308,2026-08-22 04:52:40.251000,train
data_train/data_train/Annotations/VIS/326.xml,624,2026-08-22 04:52:40.234000,train
data_train/data_train/Annotations/VIS/3260.xml,2462,2026-08-22 04:52:40.252000,train
data_train/data_train/Annotations/VIS/3262.xml,1072,2026-08-22 04:52:40.260000,train
data_train/data_train/Annotations/VIS/3263.xml,1070,2026-08-22 04:52:40.238000,train
data_train/data_train/Annotations/VIS/3264.xml,1529,2026-08-22 04:52:40.246000,train
data_train/data_train/Annotations/VIS/3265.xml,855,2026-08-22 04:52:40.243000,train
data_train/data_train/Annotations/VIS/3266.xml,618,2026-08-22 04:52:40.245000,train
data_train/data_train/Annotations/VIS/3267.xml,622,2026-08-22 04:52:40.247000,train
data_train/data_train/Annotations/VIS/3269.xml,619,2026-08-22 04:52:40.247000,train
data_train/data_train/Annotations/VIS/327.xml,1066,2026-08-22 04:52:40.265000,train
data_train/data_train/Annotations/VIS/3273.xml,620,2026-08-22 04:52:40.249000,train
data_train/data_train/Annotations/VIS/3274.xml,1078,2026-08-22 04:52:40.252000,train
data_train/data_train/Annotations/VIS/3275.xml,1313,2026-08-22 04:52:40.247000,train
data_train/data_train/Annotations/VIS/3277.xml,1084,2026-08-22 04:52:40.253000,train
data_train/data_train/Annotations/VIS/3278.xml,620,2026-08-22 04:52:40.253000,train
data_train/data_train/Annotations/VIS/3279.xml,1084,2026-08-22 04:52:40.281000,train
data_train/data_train/Annotations/VIS/328.xml,1076,2026-08-22 04:52:40.257000,train
data_train/data_train/Annotations/VIS/3281.xml,1529,2026-08-22 04:52:40.263000,train
data_train/data_train/Annotations/VIS/3282.xml,1068,2026-08-22 04:52:40.309000,train
data_train/data_train/Annotations/VIS/3283.xml,1523,2026-08-22 04:52:40.292000,train
data_train/data_train/Annotations/VIS/3284.xml,840,2026-08-22 04:52:40.290000,train
data_train/data_train/Annotations/VIS/3286.xml,620,2026-08-22 04:52:40.282000,train
data_train/data_train/Annotations/VIS/3290.xml,3570,2026-08-22 04:52:40.315000,train
data_train/data_train/Annotations/VIS/3292.xml,621,2026-08-22 04:52:40.291000,train
data_train/data_train/Annotations/VIS/3294.xml,4245,2026-08-22 04:52:40.310000,train
data_train/data_train/Annotations/VIS/3295.xml,1532,2026-08-22 04:52:40.286000,train
data_train/data_train/Annotations/VIS/3296.xml,860,2026-08-22 04:52:40.288000,train
data_train/data_train/Annotations/VIS/3298.xml,1308,2026-08-22 04:52:40.282000,train
data_train/data_train/Annotations/VIS/330.xml,842,2026-08-22 04:52:40.317000,train
data_train/data_train/Annotations/VIS/3303.xml,846,2026-08-22 04:52:40.288000,train
data_train/data_train/Annotations/VIS/3304.xml,1293,2026-08-22 04:52:40.289000,train
data_train/data_train/Annotations/VIS/3306.xml,1079,2026-08-22 04:52:40.295000,train
data_train/data_train/Annotations/VIS/3307.xml,1084,2026-08-22 04:52:40.313000,train
data_train/data_train/Annotations/VIS/3308.xml,845,2026-08-22 04:52:40.299000,train
data_train/data_train/Annotations/VIS/3309.xml,842,2026-08-22 04:52:40.305000,train
data_train/data_train/Annotations/VIS/3310.xml,1080,2026-08-22 04:52:40.297000,train
data_train/data_train/Annotations/VIS/3313.xml,622,2026-08-22 04:52:40.328000,train
data_train/data_train/Annotations/VIS/3314.xml,1077,2026-08-22 04:52:40.305000,train
data_train/data_train/Annotations/VIS/3315.xml,845,2026-08-22 04:52:40.317000,train
data_train/data_train/Annotations/VIS/3316.xml,1084,2026-08-22 04:52:40.313000,train
data_train/data_train/Annotations/VIS/3317.xml,1084,2026-08-22 04:52:40.316000,train
data_train/data_train/Annotations/VIS/3318.xml,852,2026-08-22 04:52:40.324000,train
data_train/data_train/Annotations/VIS/332.xml,1301,2026-08-22 04:52:40.323000,train
data_train/data_train/Annotations/VIS/3320.xml,1514,2026-08-22 04:52:40.323000,train
data_train/data_train/Annotations/VIS/3323.xml,1074,2026-08-22 04:52:40.322000,train
data_train/data_train/Annotations/VIS/3324.xml,2633,2026-08-22 04:52:40.315000,train
data_train/data_train/Annotations/VIS/3328.xml,1530,2026-08-22 04:52:40.311000,train
data_train/data_train/Annotations/VIS/3329.xml,1550,2026-08-22 04:52:40.324000,train
data_train/data_train/Annotations/VIS/333.xml,1077,2026-08-22 04:52:40.331000,train
data_train/data_train/Annotations/VIS/3330.xml,1066,2026-08-22 04:52:40.321000,train
data_train/data_train/Annotations/VIS/3331.xml,1307,2026-08-22 04:52:40.325000,train
data_train/data_train/Annotations/VIS/3332.xml,1077,2026-08-22 04:52:40.328000,train
data_train/data_train/Annotations/VIS/3333.xml,852,2026-08-22 04:52:40.320000,train
data_train/data_train/Annotations/VIS/3334.xml,1084,2026-08-22 04:52:40.349000,train
data_train/data_train/Annotations/VIS/3335.xml,1535,2026-08-22 04:52:40.323000,train
data_train/data_train/Annotations/VIS/3336.xml,1527,2026-08-22 04:52:40.332000,train
data_train/data_train/Annotations/VIS/3337.xml,1078,2026-08-22 04:52:40.328000,train
data_train/data_train/Annotations/VIS/334.xml,1079,2026-08-22 04:52:40.336000,train
data_train/data_train/Annotations/VIS/3343.xml,2206,2026-08-22 04:52:40.327000,train
data_train/data_train/Annotations/VIS/3345.xml,1315,2026-08-22 04:52:40.334000,train
data_train/data_train/Annotations/VIS/3346.xml,620,2026-08-22 04:52:40.339000,train
data_train/data_train/Annotations/VIS/3347.xml,1074,2026-08-22 04:52:40.333000,train
data_train/data_train/Annotations/VIS/3348.xml,1084,2026-08-22 04:52:40.328000,train
data_train/data_train/Annotations/VIS/3349.xml,622,2026-08-22 04:52:40.365000,train
data_train/data_train/Annotations/VIS/335.xml,1768,2026-08-22 04:52:40.335000,train
data_train/data_train/Annotations/VIS/3353.xml,1754,2026-08-22 04:52:40.349000,train
data_train/data_train/Annotations/VIS/3354.xml,1070,2026-08-22 04:52:40.334000,train
data_train/data_train/Annotations/VIS/3356.xml,845,2026-08-22 04:52:40.353000,train
data_train/data_train/Annotations/VIS/3358.xml,1764,2026-08-22 04:52:40.356000,train
data_train/data_train/Annotations/VIS/3359.xml,856,2026-08-22 04:52:41.121000,train
data_train/data_train/Annotations/VIS/3360.xml,621,2026-08-22 04:52:40.358000,train
data_train/data_train/Annotations/VIS/3361.xml,1535,2026-08-22 04:52:40.355000,train
data_train/data_train/Annotations/VIS/3362.xml,1546,2026-08-22 04:52:40.361000,train
data_train/data_train/Annotations/VIS/3366.xml,1771,2026-08-22 04:52:40.368000,train
data_train/data_train/Annotations/VIS/3368.xml,620,2026-08-22 04:52:40.352000,train
data_train/data_train/Annotations/VIS/337.xml,1078,2026-08-22 04:52:40.358000,train
data_train/data_train/Annotations/VIS/3371.xml,620,2026-08-22 04:52:40.393000,train
data_train/data_train/Annotations/VIS/3374.xml,1083,2026-08-22 04:52:40.352000,train
data_train/data_train/Annotations/VIS/3375.xml,2474,2026-08-22 04:52:40.362000,train
data_train/data_train/Annotations/VIS/3377.xml,616,2026-08-22 04:52:40.363000,train
data_train/data_train/Annotations/VIS/3378.xml,1767,2026-08-22 04:52:40.366000,train
data_train/data_train/Annotations/VIS/3379.xml,1768,2026-08-22 04:52:40.366000,train
data_train/data_train/Annotations/VIS/338.xml,1082,2026-08-22 04:52:40.377000,train
data_train/data_train/Annotations/VIS/3380.xml,620,2026-08-22 04:52:40.382000,train
data_train/data_train/Annotations/VIS/3382.xml,620,2026-08-22 04:52:40.374000,train
data_train/data_train/Annotations/VIS/3383.xml,1077,2026-08-22 04:52:40.380000,train
data_train/data_train/Annotations/VIS/3384.xml,846,2026-08-22 04:52:40.371000,train
data_train/data_train/Annotations/VIS/3385.xml,1773,2026-08-22 04:52:40.391000,train
data_train/data_train/Annotations/VIS/3386.xml,1076,2026-08-22 04:52:40.375000,train
data_train/data_train/Annotations/VIS/3389.xml,625,2026-08-22 04:52:40.389000,train
data_train/data_train/Annotations/VIS/339.xml,613,2026-08-22 04:52:40.378000,train
data_train/data_train/Annotations/VIS/3390.xml,854,2026-08-22 04:52:40.379000,train
data_train/data_train/Annotations/VIS/3391.xml,626,2026-08-22 04:52:40.389000,train
data_train/data_train/Annotations/VIS/3392.xml,1959,2026-08-22 04:52:40.386000,train
data_train/data_train/Annotations/VIS/3393.xml,857,2026-08-22 04:52:40.395000,train
data_train/data_train/Annotations/VIS/3395.xml,1306,2026-08-22 04:52:40.389000,train
data_train/data_train/Annotations/VIS/3396.xml,835,2026-08-22 04:52:40.397000,train
data_train/data_train/Annotations/VIS/3397.xml,619,2026-08-22 04:52:40.409000,train
data_train/data_train/Annotations/VIS/3398.xml,622,2026-08-22 04:52:40.392000,train
data_train/data_train/Annotations/VIS/3399.xml,1079,2026-08-22 04:52:40.401000,train
data_train/data_train/Annotations/VIS/340.xml,1070,2026-08-22 04:52:40.398000,train
data_train/data_train/Annotations/VIS/3400.xml,623,2026-08-22 04:52:40.400000,train
data_train/data_train/Annotations/VIS/3401.xml,1084,2026-08-22 04:52:40.402000,train
data_train/data_train/Annotations/VIS/3402.xml,620,2026-08-22 04:52:40.411000,train
data_train/data_train/Annotations/VIS/3405.xml,1772,2026-08-22 04:52:40.428000,train
data_train/data_train/Annotations/VIS/3406.xml,1069,2026-08-22 04:52:40.419000,train
data_train/data_train/Annotations/VIS/3407.xml,622,2026-08-22 04:52:40.417000,train
data_train/data_train/Annotations/VIS/3408.xml,1081,2026-08-22 04:52:41.181000,train
data_train/data_train/Annotations/VIS/3409.xml,1313,2026-08-22 04:52:40.424000,train
data_train/data_train/Annotations/VIS/341.xml,1294,2026-08-22 04:52:40.412000,train
data_train/data_train/Annotations/VIS/3410.xml,1766,2026-08-22 04:52:40.418000,train
data_train/data_train/Annotations/VIS/3412.xml,1080,2026-08-22 04:52:40.403000,train
data_train/data_train/Annotations/VIS/3414.xml,1081,2026-08-22 04:52:40.411000,train
data_train/data_train/Annotations/VIS/3415.xml,1082,2026-08-22 04:52:40.415000,train
data_train/data_train/Annotations/VIS/3416.xml,621,2026-08-22 04:52:40.426000,train
data_train/data_train/Annotations/VIS/3417.xml,1069,2026-08-22 04:52:40.424000,train
data_train/data_train/Annotations/VIS/3419.xml,621,2026-08-22 04:52:40.436000,train
data_train/data_train/Annotations/VIS/3420.xml,624,2026-08-22 04:52:40.436000,train
data_train/data_train/Annotations/VIS/3422.xml,1497,2026-08-22 04:52:40.419000,train
data_train/data_train/Annotations/VIS/3425.xml,620,2026-08-22 04:52:40.420000,train
data_train/data_train/Annotations/VIS/3431.xml,1298,2026-08-22 04:52:40.427000,train
data_train/data_train/Annotations/VIS/3434.xml,1074,2026-08-22 04:52:40.422000,train
data_train/data_train/Annotations/VIS/3436.xml,841,2026-08-22 04:52:40.430000,train
data_train/data_train/Annotations/VIS/3438.xml,2459,2026-08-22 04:52:40.871000,train
data_train/data_train/Annotations/VIS/3442.xml,616,2026-08-22 04:52:40.425000,train
data_train/data_train/Annotations/VIS/3443.xml,1084,2026-08-22 04:52:40.425000,train
data_train/data_train/Annotations/VIS/3447.xml,1081,2026-08-22 04:52:40.435000,train
data_train/data_train/Annotations/VIS/3448.xml,1308,2026-08-22 04:52:40.447000,train
data_train/data_train/Annotations/VIS/3449.xml,618,2026-08-22 04:52:40.442000,train
data_train/data_train/Annotations/VIS/345.xml,625,2026-08-22 04:52:40.444000,train
data_train/data_train/Annotations/VIS/3451.xml,1313,2026-08-22 04:52:40.459000,train
data_train/data_train/Annotations/VIS/3452.xml,858,2026-08-22 04:52:40.449000,train
data_train/data_train/Annotations/VIS/3453.xml,1546,2026-08-22 04:52:40.441000,train
data_train/data_train/Annotations/VIS/3454.xml,3130,2026-08-22 04:52:40.451000,train
data_train/data_train/Annotations/VIS/3458.xml,1311,2026-08-22 04:52:40.444000,train
data_train/data_train/Annotations/VIS/3459.xml,842,2026-08-22 04:52:40.470000,train
data_train/data_train/Annotations/VIS/346.xml,1082,2026-08-22 04:52:40.477000,train
data_train/data_train/Annotations/VIS/3460.xml,1072,2026-08-22 04:52:40.463000,train
data_train/data_train/Annotations/VIS/3461.xml,1308,2026-08-22 04:52:40.445000,train
data_train/data_train/Annotations/VIS/3462.xml,847,2026-08-22 04:52:40.455000,train
data_train/data_train/Annotations/VIS/3463.xml,1297,2026-08-22 04:52:40.482000,train
data_train/data_train/Annotations/VIS/3466.xml,4070,2026-08-22 04:52:40.451000,train
data_train/data_train/Annotations/VIS/3467.xml,618,2026-08-22 04:52:40.453000,train
data_train/data_train/Annotations/VIS/3468.xml,1066,2026-08-22 04:52:40.859000,train
data_train/data_train/Annotations/VIS/3469.xml,851,2026-08-22 04:52:40.466000,train
data_train/data_train/Annotations/VIS/3470.xml,1529,2026-08-22 04:52:40.452000,train
data_train/data_train/Annotations/VIS/3472.xml,619,2026-08-22 04:52:40.986000,train
data_train/data_train/Annotations/VIS/3473.xml,1530,2026-08-22 04:52:40.466000,train
data_train/data_train/Annotations/VIS/3474.xml,2203,2026-08-22 04:52:40.471000,train
data_train/data_train/Annotations/VIS/3475.xml,1295,2026-08-22 04:52:40.459000,train
data_train/data_train/Annotations/VIS/3477.xml,1084,2026-08-22 04:52:40.468000,train
data_train/data_train/Annotations/VIS/3478.xml,2454,2026-08-22 04:52:40.459000,train
data_train/data_train/Annotations/VIS/3479.xml,626,2026-08-22 04:52:40.543000,train
data_train/data_train/Annotations/VIS/3482.xml,1543,2026-08-22 04:52:40.477000,train
data_train/data_train/Annotations/VIS/3483.xml,2184,2026-08-22 04:52:40.476000,train
data_train/data_train/Annotations/VIS/3485.xml,627,2026-08-22 04:52:40.465000,train
data_train/data_train/Annotations/VIS/3487.xml,1086,2026-08-22 04:52:40.473000,train
data_train/data_train/Annotations/VIS/349.xml,1305,2026-08-22 04:52:40.490000,train
data_train/data_train/Annotations/VIS/3490.xml,856,2026-08-22 04:52:40.484000,train
data_train/data_train/Annotations/VIS/3491.xml,847,2026-08-22 04:52:40.478000,train
data_train/data_train/Annotations/VIS/3492.xml,625,2026-08-22 04:52:40.490000,train
data_train/data_train/Annotations/VIS/3494.xml,1774,2026-08-22 04:52:40.483000,train
data_train/data_train/Annotations/VIS/3495.xml,1311,2026-08-22 04:52:40.491000,train
data_train/data_train/Annotations/VIS/3497.xml,1305,2026-08-22 04:52:40.491000,train
data_train/data_train/Annotations/VIS/3498.xml,1081,2026-08-22 04:52:40.495000,train
data_train/data_train/Annotations/VIS/3499.xml,1081,2026-08-22 04:52:40.494000,train
data_train/data_train/Annotations/VIS/35.xml,616,2026-08-22 04:52:40.483000,train
data_train/data_train/Annotations/VIS/3501.xml,1289,2026-08-22 04:52:40.518000,train
data_train/data_train/Annotations/VIS/3502.xml,1073,2026-08-22 04:52:40.510000,train
data_train/data_train/Annotations/VIS/3503.xml,1308,2026-08-22 04:52:40.497000,train
data_train/data_train/Annotations/VIS/3504.xml,840,2026-08-22 04:52:40.501000,train
data_train/data_train/Annotations/VIS/3505.xml,1316,2026-08-22 04:52:40.518000,train
data_train/data_train/Annotations/VIS/3506.xml,1080,2026-08-22 04:52:40.509000,train
data_train/data_train/Annotations/VIS/3507.xml,1316,2026-08-22 04:52:40.504000,train
data_train/data_train/Annotations/VIS/3509.xml,1307,2026-08-22 04:52:40.545000,train
data_train/data_train/Annotations/VIS/351.xml,1086,2026-08-22 04:52:40.521000,train
data_train/data_train/Annotations/VIS/3511.xml,2461,2026-08-22 04:52:40.504000,train
data_train/data_train/Annotations/VIS/3516.xml,845,2026-08-22 04:52:40.520000,train
data_train/data_train/Annotations/VIS/3519.xml,620,2026-08-22 04:52:40.519000,train
data_train/data_train/Annotations/VIS/3521.xml,1089,2026-08-22 04:52:40.530000,train
data_train/data_train/Annotations/VIS/3525.xml,621,2026-08-22 04:52:40.524000,train
data_train/data_train/Annotations/VIS/3526.xml,622,2026-08-22 04:52:40.508000,train
data_train/data_train/Annotations/VIS/3528.xml,1297,2026-08-22 04:52:40.523000,train
data_train/data_train/Annotations/VIS/3529.xml,2462,2026-08-22 04:52:40.542000,train
data_train/data_train/Annotations/VIS/3531.xml,624,2026-08-22 04:52:40.522000,train
data_train/data_train/Annotations/VIS/3534.xml,1082,2026-08-22 04:52:40.523000,train
data_train/data_train/Annotations/VIS/3535.xml,1316,2026-08-22 04:52:40.584000,train
data_train/data_train/Annotations/VIS/3536.xml,1083,2026-08-22 04:52:40.542000,train
data_train/data_train/Annotations/VIS/3537.xml,1316,2026-08-22 04:52:40.543000,train
data_train/data_train/Annotations/VIS/3538.xml,1312,2026-08-22 04:52:40.543000,train
data_train/data_train/Annotations/VIS/3539.xml,618,2026-08-22 04:52:40.545000,train
data_train/data_train/Annotations/VIS/3541.xml,1503,2026-08-22 04:52:40.927000,train
data_train/data_train/Annotations/VIS/3542.xml,623,2026-08-22 04:52:40.545000,train
data_train/data_train/Annotations/VIS/3543.xml,1078,2026-08-22 04:52:40.551000,train
data_train/data_train/Annotations/VIS/3544.xml,1083,2026-08-22 04:52:40.544000,train
data_train/data_train/Annotations/VIS/3547.xml,1535,2026-08-22 04:52:40.539000,train
data_train/data_train/Annotations/VIS/3548.xml,618,2026-08-22 04:52:40.595000,train
data_train/data_train/Annotations/VIS/3550.xml,1300,2026-08-22 04:52:40.544000,train
data_train/data_train/Annotations/VIS/3555.xml,852,2026-08-22 04:52:40.702000,train
data_train/data_train/Annotations/VIS/3556.xml,844,2026-08-22 04:52:40.550000,train
data_train/data_train/Annotations/VIS/3557.xml,1066,2026-08-22 04:52:40.552000,train
data_train/data_train/Annotations/VIS/3559.xml,1549,2026-08-22 04:52:40.586000,train
data_train/data_train/Annotations/VIS/3560.xml,1311,2026-08-22 04:52:40.553000,train
data_train/data_train/Annotations/VIS/3562.xml,843,2026-08-22 04:52:40.550000,train
data_train/data_train/Annotations/VIS/3563.xml,2459,2026-08-22 04:52:40.556000,train
data_train/data_train/Annotations/VIS/3564.xml,1081,2026-08-22 04:52:40.558000,train
data_train/data_train/Annotations/VIS/3567.xml,620,2026-08-22 04:52:40.553000,train
data_train/data_train/Annotations/VIS/3568.xml,1066,2026-08-22 04:52:40.559000,train
data_train/data_train/Annotations/VIS/3569.xml,860,2026-08-22 04:52:40.561000,train
data_train/data_train/Annotations/VIS/357.xml,1081,2026-08-22 04:52:40.557000,train
data_train/data_train/Annotations/VIS/3570.xml,1313,2026-08-22 04:52:40.573000,train
data_train/data_train/Annotations/VIS/3572.xml,1078,2026-08-22 04:52:40.578000,train
data_train/data_train/Annotations/VIS/3574.xml,616,2026-08-22 04:52:40.632000,train
data_train/data_train/Annotations/VIS/3575.xml,1082,2026-08-22 04:52:40.576000,train
data_train/data_train/Annotations/VIS/3577.xml,622,2026-08-22 04:52:40.580000,train
data_train/data_train/Annotations/VIS/3578.xml,622,2026-08-22 04:52:40.578000,train
data_train/data_train/Annotations/VIS/358.xml,1064,2026-08-22 04:52:40.586000,train
data_train/data_train/Annotations/VIS/3580.xml,627,2026-08-22 04:52:40.589000,train
data_train/data_train/Annotations/VIS/3581.xml,625,2026-08-22 04:52:40.587000,train
data_train/data_train/Annotations/VIS/3582.xml,1766,2026-08-22 04:52:40.592000,train
data_train/data_train/Annotations/VIS/3586.xml,848,2026-08-22 04:52:40.590000,train
data_train/data_train/Annotations/VIS/3587.xml,2449,2026-08-22 04:52:40.592000,train
data_train/data_train/Annotations/VIS/3589.xml,622,2026-08-22 04:52:40.588000,train
data_train/data_train/Annotations/VIS/3591.xml,856,2026-08-22 04:52:40.613000,train
data_train/data_train/Annotations/VIS/3592.xml,1078,2026-08-22 04:52:40.598000,train
data_train/data_train/Annotations/VIS/3593.xml,855,2026-08-22 04:52:40.596000,train
data_train/data_train/Annotations/VIS/3597.xml,1312,2026-08-22 04:52:41.146000,train
data_train/data_train/Annotations/VIS/36.xml,854,2026-08-22 04:52:40.629000,train
data_train/data_train/Annotations/VIS/360.xml,619,2026-08-22 04:52:40.590000,train
data_train/data_train/Annotations/VIS/3600.xml,1072,2026-08-22 04:52:40.621000,train
data_train/data_train/Annotations/VIS/3601.xml,1315,2026-08-22 04:52:40.604000,train
data_train/data_train/Annotations/VIS/3602.xml,626,2026-08-22 04:52:40.600000,train
data_train/data_train/Annotations/VIS/3603.xml,1080,2026-08-22 04:52:40.607000,train
data_train/data_train/Annotations/VIS/3608.xml,1086,2026-08-22 04:52:40.615000,train
data_train/data_train/Annotations/VIS/3609.xml,1081,2026-08-22 04:52:40.637000,train
data_train/data_train/Annotations/VIS/361.xml,1081,2026-08-22 04:52:40.853000,train
data_train/data_train/Annotations/VIS/3612.xml,1069,2026-08-22 04:52:40.612000,train
data_train/data_train/Annotations/VIS/3613.xml,1079,2026-08-22 04:52:40.624000,train
data_train/data_train/Annotations/VIS/3617.xml,1069,2026-08-22 04:52:40.627000,train
data_train/data_train/Annotations/VIS/3618.xml,1308,2026-08-22 04:52:40.621000,train
data_train/data_train/Annotations/VIS/3619.xml,1290,2026-08-22 04:52:40.643000,train
data_train/data_train/Annotations/VIS/362.xml,1062,2026-08-22 04:52:40.619000,train
data_train/data_train/Annotations/VIS/3621.xml,620,2026-08-22 04:52:40.659000,train
data_train/data_train/Annotations/VIS/3624.xml,620,2026-08-22 04:52:40.636000,train
data_train/data_train/Annotations/VIS/3627.xml,854,2026-08-22 04:52:40.640000,train
data_train/data_train/Annotations/VIS/3628.xml,844,2026-08-22 04:52:40.630000,train
data_train/data_train/Annotations/VIS/3629.xml,1093,2026-08-22 04:52:40.638000,train
data_train/data_train/Annotations/VIS/363.xml,853,2026-08-22 04:52:40.641000,train
data_train/data_train/Annotations/VIS/3630.xml,1084,2026-08-22 04:52:40.644000,train
data_train/data_train/Annotations/VIS/3632.xml,847,2026-08-22 04:52:40.629000,train
data_train/data_train/Annotations/VIS/3633.xml,846,2026-08-22 04:52:40.637000,train
data_train/data_train/Annotations/VIS/3635.xml,1540,2026-08-22 04:52:40.627000,train
data_train/data_train/Annotations/VIS/3637.xml,621,2026-08-22 04:52:40.643000,train
data_train/data_train/Annotations/VIS/3638.xml,1976,2026-08-22 04:52:40.658000,train
data_train/data_train/Annotations/VIS/364.xml,1306,2026-08-22 04:52:40.651000,train
data_train/data_train/Annotations/VIS/3640.xml,1296,2026-08-22 04:52:40.651000,train
data_train/data_train/Annotations/VIS/3641.xml,615,2026-08-22 04:52:40.651000,train
data_train/data_train/Annotations/VIS/3642.xml,1082,2026-08-22 04:52:40.650000,train
data_train/data_train/Annotations/VIS/3645.xml,1080,2026-08-22 04:52:40.663000,train
data_train/data_train/Annotations/VIS/3646.xml,622,2026-08-22 04:52:40.637000,train
data_train/data_train/Annotations/VIS/3647.xml,618,2026-08-22 04:52:40.669000,train
data_train/data_train/Annotations/VIS/3649.xml,622,2026-08-22 04:52:40.993000,train
data_train/data_train/Annotations/VIS/365.xml,622,2026-08-22 04:52:40.678000,train
data_train/data_train/Annotations/VIS/3650.xml,850,2026-08-22 04:52:40.679000,train
data_train/data_train/Annotations/VIS/3654.xml,618,2026-08-22 04:52:40.651000,train
data_train/data_train/Annotations/VIS/3655.xml,1067,2026-08-22 04:52:40.963000,train
data_train/data_train/Annotations/VIS/3656.xml,1072,2026-08-22 04:52:40.667000,train
data_train/data_train/Annotations/VIS/3657.xml,1309,2026-08-22 04:52:40.666000,train
data_train/data_train/Annotations/VIS/3659.xml,1084,2026-08-22 04:52:40.672000,train
data_train/data_train/Annotations/VIS/3660.xml,1077,2026-08-22 04:52:40.674000,train
data_train/data_train/Annotations/VIS/3662.xml,1313,2026-08-22 04:52:40.671000,train
data_train/data_train/Annotations/VIS/3663.xml,1311,2026-08-22 04:52:40.672000,train
data_train/data_train/Annotations/VIS/3665.xml,1532,2026-08-22 04:52:40.689000,train
data_train/data_train/Annotations/VIS/3667.xml,624,2026-08-22 04:52:40.810000,train
data_train/data_train/Annotations/VIS/3668.xml,1968,2026-08-22 04:52:40.690000,train
data_train/data_train/Annotations/VIS/3669.xml,1069,2026-08-22 04:52:40.679000,train
data_train/data_train/Annotations/VIS/367.xml,621,2026-08-22 04:52:40.682000,train
data_train/data_train/Annotations/VIS/3670.xml,1315,2026-08-22 04:52:40.670000,train
data_train/data_train/Annotations/VIS/3671.xml,1078,2026-08-22 04:52:40.681000,train
data_train/data_train/Annotations/VIS/3672.xml,1074,2026-08-22 04:52:40.691000,train
data_train/data_train/Annotations/VIS/3673.xml,621,2026-08-22 04:52:40.685000,train
data_train/data_train/Annotations/VIS/3674.xml,619,2026-08-22 04:52:40.692000,train
data_train/data_train/Annotations/VIS/3677.xml,1521,2026-08-22 04:52:40.701000,train
data_train/data_train/Annotations/VIS/3678.xml,1084,2026-08-22 04:52:40.706000,train
data_train/data_train/Annotations/VIS/3679.xml,1090,2026-08-22 04:52:40.752000,train
data_train/data_train/Annotations/VIS/3680.xml,1312,2026-08-22 04:52:40.704000,train
data_train/data_train/Annotations/VIS/3681.xml,1287,2026-08-22 04:52:40.703000,train
data_train/data_train/Annotations/VIS/3682.xml,1079,2026-08-22 04:52:40.694000,train
data_train/data_train/Annotations/VIS/3684.xml,622,2026-08-22 04:52:40.704000,train
data_train/data_train/Annotations/VIS/3685.xml,854,2026-08-22 04:52:40.716000,train
data_train/data_train/Annotations/VIS/3687.xml,1316,2026-08-22 04:52:40.717000,train
data_train/data_train/Annotations/VIS/3688.xml,3794,2026-08-22 04:52:40.711000,train
data_train/data_train/Annotations/VIS/3689.xml,627,2026-08-22 04:52:40.720000,train
data_train/data_train/Annotations/VIS/3690.xml,1976,2026-08-22 04:52:40.714000,train
data_train/data_train/Annotations/VIS/3693.xml,1766,2026-08-22 04:52:40.717000,train
data_train/data_train/Annotations/VIS/3694.xml,1308,2026-08-22 04:52:40.725000,train
data_train/data_train/Annotations/VIS/3696.xml,1762,2026-08-22 04:52:40.750000,train
data_train/data_train/Annotations/VIS/3697.xml,1084,2026-08-22 04:52:40.730000,train
data_train/data_train/Annotations/VIS/3698.xml,1297,2026-08-22 04:52:40.715000,train
data_train/data_train/Annotations/VIS/3699.xml,850,2026-08-22 04:52:40.724000,train
data_train/data_train/Annotations/VIS/370.xml,1313,2026-08-22 04:52:40.725000,train
data_train/data_train/Annotations/VIS/3700.xml,1313,2026-08-22 04:52:40.730000,train
data_train/data_train/Annotations/VIS/3701.xml,1974,2026-08-22 04:52:40.731000,train
data_train/data_train/Annotations/VIS/3703.xml,626,2026-08-22 04:52:40.735000,train
data_train/data_train/Annotations/VIS/3704.xml,1072,2026-08-22 04:52:40.727000,train
data_train/data_train/Annotations/VIS/3705.xml,1313,2026-08-22 04:52:40.724000,train
data_train/data_train/Annotations/VIS/3709.xml,1778,2026-08-22 04:52:40.722000,train
data_train/data_train/Annotations/VIS/3711.xml,2461,2026-08-22 04:52:40.734000,train
data_train/data_train/Annotations/VIS/3713.xml,1769,2026-08-22 04:52:40.743000,train
data_train/data_train/Annotations/VIS/3714.xml,1774,2026-08-22 04:52:40.741000,train
data_train/data_train/Annotations/VIS/3716.xml,624,2026-08-22 04:52:40.745000,train
data_train/data_train/Annotations/VIS/3717.xml,1316,2026-08-22 04:52:40.769000,train
data_train/data_train/Annotations/VIS/372.xml,2897,2026-08-22 04:52:40.764000,train
data_train/data_train/Annotations/VIS/3721.xml,1300,2026-08-22 04:52:40.756000,train
data_train/data_train/Annotations/VIS/3722.xml,1077,2026-08-22 04:52:40.757000,train
data_train/data_train/Annotations/VIS/3723.xml,837,2026-08-22 04:52:40.750000,train
data_train/data_train/Annotations/VIS/3724.xml,618,2026-08-22 04:52:40.778000,train
data_train/data_train/Annotations/VIS/3725.xml,1084,2026-08-22 04:52:40.755000,train
data_train/data_train/Annotations/VIS/3728.xml,1078,2026-08-22 04:52:40.815000,train
data_train/data_train/Annotations/VIS/3729.xml,1071,2026-08-22 04:52:40.793000,train
data_train/data_train/Annotations/VIS/373.xml,1534,2026-08-22 04:52:40.765000,train
data_train/data_train/Annotations/VIS/3730.xml,1079,2026-08-22 04:52:40.769000,train
data_train/data_train/Annotations/VIS/3733.xml,1312,2026-08-22 04:52:40.759000,train
data_train/data_train/Annotations/VIS/3735.xml,627,2026-08-22 04:52:40.771000,train
data_train/data_train/Annotations/VIS/3739.xml,1537,2026-08-22 04:52:40.791000,train
data_train/data_train/Annotations/VIS/374.xml,1766,2026-08-22 04:52:40.771000,train
data_train/data_train/Annotations/VIS/3741.xml,1078,2026-08-22 04:52:40.764000,train
data_train/data_train/Annotations/VIS/3742.xml,620,2026-08-22 04:52:40.787000,train
data_train/data_train/Annotations/VIS/3743.xml,1949,2026-08-22 04:52:40.771000,train
data_train/data_train/Annotations/VIS/3745.xml,1072,2026-08-22 04:52:40.792000,train
data_train/data_train/Annotations/VIS/3749.xml,2454,2026-08-22 04:52:40.785000,train
data_train/data_train/Annotations/VIS/375.xml,1078,2026-08-22 04:52:40.806000,train
data_train/data_train/Annotations/VIS/3750.xml,1307,2026-08-22 04:52:40.781000,train
data_train/data_train/Annotations/VIS/3751.xml,1312,2026-08-22 04:52:40.796000,train
data_train/data_train/Annotations/VIS/3755.xml,1949,2026-08-22 04:52:40.791000,train
data_train/data_train/Annotations/VIS/3757.xml,1315,2026-08-22 04:52:40.800000,train
data_train/data_train/Annotations/VIS/3758.xml,854,2026-08-22 04:52:40.797000,train
data_train/data_train/Annotations/VIS/376.xml,1533,2026-08-22 04:52:40.791000,train
data_train/data_train/Annotations/VIS/3760.xml,1070,2026-08-22 04:52:40.798000,train
data_train/data_train/Annotations/VIS/3761.xml,839,2026-08-22 04:52:40.833000,train
data_train/data_train/Annotations/VIS/3764.xml,1765,2026-08-22 04:52:40.794000,train
data_train/data_train/Annotations/VIS/3765.xml,1082,2026-08-22 04:52:40.804000,train
data_train/data_train/Annotations/VIS/3766.xml,847,2026-08-22 04:52:40.814000,train
data_train/data_train/Annotations/VIS/3767.xml,1308,2026-08-22 04:52:40.802000,train
data_train/data_train/Annotations/VIS/377.xml,847,2026-08-22 04:52:40.800000,train
data_train/data_train/Annotations/VIS/3770.xml,1075,2026-08-22 04:52:40.859000,train
data_train/data_train/Annotations/VIS/3771.xml,1543,2026-08-22 04:52:40.803000,train
data_train/data_train/Annotations/VIS/3776.xml,626,2026-08-22 04:52:40.820000,train
data_train/data_train/Annotations/VIS/378.xml,619,2026-08-22 04:52:40.813000,train
data_train/data_train/Annotations/VIS/3782.xml,623,2026-08-22 04:52:40.838000,train
data_train/data_train/Annotations/VIS/3783.xml,619,2026-08-22 04:52:40.822000,train
data_train/data_train/Annotations/VIS/3787.xml,1316,2026-08-22 04:52:40.819000,train
data_train/data_train/Annotations/VIS/3788.xml,1315,2026-08-22 04:52:40.847000,train
data_train/data_train/Annotations/VIS/3789.xml,620,2026-08-22 04:52:40.813000,train
data_train/data_train/Annotations/VIS/3790.xml,621,2026-08-22 04:52:40.838000,train
data_train/data_train/Annotations/VIS/3792.xml,854,2026-08-22 04:52:40.819000,train
data_train/data_train/Annotations/VIS/3793.xml,621,2026-08-22 04:52:40.847000,train
data_train/data_train/Annotations/VIS/3794.xml,627,2026-08-22 04:52:40.818000,train
data_train/data_train/Annotations/VIS/3796.xml,620,2026-08-22 04:52:40.865000,train
data_train/data_train/Annotations/VIS/3797.xml,3160,2026-08-22 04:52:40.847000,train
data_train/data_train/Annotations/VIS/3798.xml,1078,2026-08-22 04:52:40.859000,train
data_train/data_train/Annotations/VIS/38.xml,1311,2026-08-22 04:52:40.847000,train
data_train/data_train/Annotations/VIS/380.xml,620,2026-08-22 04:52:40.847000,train
data_train/data_train/Annotations/VIS/3801.xml,2452,2026-08-22 04:52:40.885000,train
data_train/data_train/Annotations/VIS/3802.xml,1308,2026-08-22 04:52:40.871000,train
data_train/data_train/Annotations/VIS/3803.xml,855,2026-08-22 04:52:40.871000,train
data_train/data_train/Annotations/VIS/3806.xml,1549,2026-08-22 04:52:40.880000,train
data_train/data_train/Annotations/VIS/3807.xml,1537,2026-08-22 04:52:40.847000,train
data_train/data_train/Annotations/VIS/3808.xml,1547,2026-08-22 04:52:40.865000,train
data_train/data_train/Annotations/VIS/381.xml,625,2026-08-22 04:52:40.859000,train
data_train/data_train/Annotations/VIS/3811.xml,1297,2026-08-22 04:52:40.865000,train
data_train/data_train/Annotations/VIS/3812.xml,852,2026-08-22 04:52:40.865000,train
data_train/data_train/Annotations/VIS/3814.xml,620,2026-08-22 04:52:40.880000,train
data_train/data_train/Annotations/VIS/3815.xml,621,2026-08-22 04:52:40.859000,train
data_train/data_train/Annotations/VIS/3817.xml,1088,2026-08-22 04:52:40.892000,train
data_train/data_train/Annotations/VIS/3823.xml,622,2026-08-22 04:52:40.880000,train
data_train/data_train/Annotations/VIS/3824.xml,1766,2026-08-22 04:52:40.872000,train
data_train/data_train/Annotations/VIS/3825.xml,1292,2026-08-22 04:52:40.885000,train
data_train/data_train/Annotations/VIS/3826.xml,1531,2026-08-22 04:52:40.872000,train
data_train/data_train/Annotations/VIS/3828.xml,621,2026-08-22 04:52:40.880000,train
data_train/data_train/Annotations/VIS/3830.xml,850,2026-08-22 04:52:40.898000,train
data_train/data_train/Annotations/VIS/3831.xml,1081,2026-08-22 04:52:40.872000,train
data_train/data_train/Annotations/VIS/3832.xml,1078,2026-08-22 04:52:40.880000,train
data_train/data_train/Annotations/VIS/3833.xml,1772,2026-08-22 04:52:40.885000,train
data_train/data_train/Annotations/VIS/3835.xml,621,2026-08-22 04:52:40.880000,train
data_train/data_train/Annotations/VIS/3837.xml,1548,2026-08-22 04:52:40.885000,train
data_train/data_train/Annotations/VIS/3838.xml,619,2026-08-22 04:52:40.892000,train
data_train/data_train/Annotations/VIS/3839.xml,1289,2026-08-22 04:52:40.892000,train
data_train/data_train/Annotations/VIS/3845.xml,1527,2026-08-22 04:52:40.898000,train
data_train/data_train/Annotations/VIS/3846.xml,853,2026-08-22 04:52:40.892000,train
data_train/data_train/Annotations/VIS/3849.xml,1081,2026-08-22 04:52:40.892000,train
data_train/data_train/Annotations/VIS/3850.xml,1315,2026-08-22 04:52:40.885000,train
data_train/data_train/Annotations/VIS/3851.xml,2456,2026-08-22 04:52:41.084000,train
data_train/data_train/Annotations/VIS/3852.xml,618,2026-08-22 04:52:40.927000,train
data_train/data_train/Annotations/VIS/3853.xml,1311,2026-08-22 04:52:40.898000,train
data_train/data_train/Annotations/VIS/3854.xml,1298,2026-08-22 04:52:40.904000,train
data_train/data_train/Annotations/VIS/3855.xml,1527,2026-08-22 04:52:40.909000,train
data_train/data_train/Annotations/VIS/3856.xml,618,2026-08-22 04:52:40.909000,train
data_train/data_train/Annotations/VIS/3857.xml,1778,2026-08-22 04:52:40.941000,train
data_train/data_train/Annotations/VIS/3858.xml,1067,2026-08-22 04:52:40.904000,train
data_train/data_train/Annotations/VIS/386.xml,1314,2026-08-22 04:52:40.919000,train
data_train/data_train/Annotations/VIS/3860.xml,855,2026-08-22 04:52:40.927000,train
data_train/data_train/Annotations/VIS/3861.xml,853,2026-08-22 04:52:40.904000,train
data_train/data_train/Annotations/VIS/3862.xml,620,2026-08-22 04:52:40.920000,train
data_train/data_train/Annotations/VIS/3864.xml,620,2026-08-22 04:52:40.941000,train
data_train/data_train/Annotations/VIS/3865.xml,1734,2026-08-22 04:52:40.927000,train
data_train/data_train/Annotations/VIS/3867.xml,1771,2026-08-22 04:52:40.941000,train
data_train/data_train/Annotations/VIS/3868.xml,1756,2026-08-22 04:52:40.934000,train
data_train/data_train/Annotations/VIS/387.xml,1544,2026-08-22 04:52:40.941000,train
data_train/data_train/Annotations/VIS/3872.xml,617,2026-08-22 04:52:40.952000,train
data_train/data_train/Annotations/VIS/3873.xml,1966,2026-08-22 04:52:40.934000,train
data_train/data_train/Annotations/VIS/3874.xml,1512,2026-08-22 04:52:40.963000,train
data_train/data_train/Annotations/VIS/3877.xml,1080,2026-08-22 04:52:40.952000,train
data_train/data_train/Annotations/VIS/3878.xml,1075,2026-08-22 04:52:40.934000,train
data_train/data_train/Annotations/VIS/388.xml,847,2026-08-22 04:52:40.941000,train
data_train/data_train/Annotations/VIS/3881.xml,2201,2026-08-22 04:52:41.043000,train
data_train/data_train/Annotations/VIS/3885.xml,1316,2026-08-22 04:52:40.957000,train
data_train/data_train/Annotations/VIS/3886.xml,1309,2026-08-22 04:52:41.023000,train
data_train/data_train/Annotations/VIS/3887.xml,1314,2026-08-22 04:52:40.976000,train
data_train/data_train/Annotations/VIS/3888.xml,1083,2026-08-22 04:52:40.941000,train
data_train/data_train/Annotations/VIS/3889.xml,1550,2026-08-22 04:52:40.963000,train
data_train/data_train/Annotations/VIS/389.xml,1308,2026-08-22 04:52:40.952000,train
data_train/data_train/Annotations/VIS/3892.xml,1310,2026-08-22 04:52:40.986000,train
data_train/data_train/Annotations/VIS/3894.xml,1067,2026-08-22 04:52:40.952000,train
data_train/data_train/Annotations/VIS/3895.xml,1314,2026-08-22 04:52:40.957000,train
data_train/data_train/Annotations/VIS/3896.xml,1315,2026-08-22 04:52:41.065000,train
data_train/data_train/Annotations/VIS/3897.xml,1084,2026-08-22 04:52:40.963000,train
data_train/data_train/Annotations/VIS/3899.xml,849,2026-08-22 04:52:40.963000,train
data_train/data_train/Annotations/VIS/39.xml,614,2026-08-22 04:52:40.970000,train
data_train/data_train/Annotations/VIS/390.xml,2208,2026-08-22 04:52:41.004000,train
data_train/data_train/Annotations/VIS/3900.xml,627,2026-08-22 04:52:40.981000,train
data_train/data_train/Annotations/VIS/3903.xml,1549,2026-08-22 04:52:40.963000,train
data_train/data_train/Annotations/VIS/3905.xml,1083,2026-08-22 04:52:40.986000,train
data_train/data_train/Annotations/VIS/3909.xml,1316,2026-08-22 04:52:40.970000,train
data_train/data_train/Annotations/VIS/391.xml,615,2026-08-22 04:52:40.976000,train
data_train/data_train/Annotations/VIS/3910.xml,1552,2026-08-22 04:52:40.976000,train
data_train/data_train/Annotations/VIS/3912.xml,3114,2026-08-22 04:52:40.970000,train
data_train/data_train/Annotations/VIS/3913.xml,625,2026-08-22 04:52:40.976000,train
data_train/data_train/Annotations/VIS/3916.xml,620,2026-08-22 04:52:40.981000,train
data_train/data_train/Annotations/VIS/3917.xml,616,2026-08-22 04:52:40.976000,train
data_train/data_train/Annotations/VIS/3918.xml,618,2026-08-22 04:52:40.986000,train
data_train/data_train/Annotations/VIS/3919.xml,854,2026-08-22 04:52:40.976000,train
data_train/data_train/Annotations/VIS/3920.xml,1078,2026-08-22 04:52:40.986000,train
data_train/data_train/Annotations/VIS/3921.xml,622,2026-08-22 04:52:40.981000,train
data_train/data_train/Annotations/VIS/3922.xml,627,2026-08-22 04:52:40.993000,train
data_train/data_train/Annotations/VIS/3925.xml,856,2026-08-22 04:52:40.976000,train
data_train/data_train/Annotations/VIS/3926.xml,1536,2026-08-22 04:52:40.986000,train
data_train/data_train/Annotations/VIS/3927.xml,620,2026-08-22 04:52:40.981000,train
data_train/data_train/Annotations/VIS/3928.xml,846,2026-08-22 04:52:40.987000,train
data_train/data_train/Annotations/VIS/3929.xml,1308,2026-08-22 04:52:41.065000,train
data_train/data_train/Annotations/VIS/393.xml,1076,2026-08-22 04:52:41.004000,train
data_train/data_train/Annotations/VIS/3930.xml,618,2026-08-22 04:52:41.023000,train
data_train/data_train/Annotations/VIS/3931.xml,1293,2026-08-22 04:52:40.993000,train
data_train/data_train/Annotations/VIS/3934.xml,624,2026-08-22 04:52:40.993000,train
data_train/data_train/Annotations/VIS/3935.xml,1312,2026-08-22 04:52:41.014000,train
data_train/data_train/Annotations/VIS/3937.xml,624,2026-08-22 04:52:41.014000,train
data_train/data_train/Annotations/VIS/3938.xml,1312,2026-08-22 04:52:41.023000,train
data_train/data_train/Annotations/VIS/3939.xml,857,2026-08-22 04:52:41.032000,train
data_train/data_train/Annotations/VIS/394.xml,616,2026-08-22 04:52:41.052000,train
data_train/data_train/Annotations/VIS/3940.xml,1075,2026-08-22 04:52:41.032000,train
data_train/data_train/Annotations/VIS/3942.xml,1083,2026-08-22 04:52:41.043000,train
data_train/data_train/Annotations/VIS/3944.xml,854,2026-08-22 04:52:41.032000,train
data_train/data_train/Annotations/VIS/3945.xml,1068,2026-08-22 04:52:41.023000,train
data_train/data_train/Annotations/VIS/3946.xml,621,2026-08-22 04:52:41.032000,train
data_train/data_train/Annotations/VIS/3949.xml,1072,2026-08-22 04:52:41.037000,train
data_train/data_train/Annotations/VIS/395.xml,1752,2026-08-22 04:52:41.043000,train
data_train/data_train/Annotations/VIS/3950.xml,1542,2026-08-22 04:52:41.023000,train
data_train/data_train/Annotations/VIS/3951.xml,1525,2026-08-22 04:52:41.032000,train
data_train/data_train/Annotations/VIS/3952.xml,854,2026-08-22 04:52:41.065000,train
data_train/data_train/Annotations/VIS/3954.xml,622,2026-08-22 04:52:41.043000,train
data_train/data_train/Annotations/VIS/3955.xml,1772,2026-08-22 04:52:41.037000,train
data_train/data_train/Annotations/VIS/3958.xml,1083,2026-08-22 04:52:41.181000,train
data_train/data_train/Annotations/VIS/396.xml,1076,2026-08-22 04:52:41.052000,train
data_train/data_train/Annotations/VIS/3961.xml,1076,2026-08-22 04:52:41.065000,train
data_train/data_train/Annotations/VIS/3964.xml,1084,2026-08-22 04:52:41.043000,train
data_train/data_train/Annotations/VIS/3966.xml,2444,2026-08-22 04:52:41.052000,train
data_train/data_train/Annotations/VIS/3967.xml,1752,2026-08-22 04:52:41.058000,train
data_train/data_train/Annotations/VIS/3969.xml,1074,2026-08-22 04:52:41.052000,train
data_train/data_train/Annotations/VIS/397.xml,1305,2026-08-22 04:52:41.052000,train
data_train/data_train/Annotations/VIS/3971.xml,1076,2026-08-22 04:52:41.052000,train
data_train/data_train/Annotations/VIS/3972.xml,1084,2026-08-22 04:52:41.058000,train
data_train/data_train/Annotations/VIS/3974.xml,1090,2026-08-22 04:52:41.065000,train
data_train/data_train/Annotations/VIS/3976.xml,1314,2026-08-22 04:52:41.065000,train
data_train/data_train/Annotations/VIS/3977.xml,845,2026-08-22 04:52:41.104000,train
data_train/data_train/Annotations/VIS/3978.xml,1084,2026-08-22 04:52:41.071000,train
data_train/data_train/Annotations/VIS/3979.xml,4763,2026-08-22 04:52:41.079000,train
data_train/data_train/Annotations/VIS/398.xml,618,2026-08-22 04:52:41.071000,train
data_train/data_train/Annotations/VIS/3980.xml,3072,2026-08-22 04:52:41.070000,train
data_train/data_train/Annotations/VIS/3981.xml,842,2026-08-22 04:52:41.079000,train
data_train/data_train/Annotations/VIS/3982.xml,843,2026-08-22 04:52:41.084000,train
data_train/data_train/Annotations/VIS/3983.xml,1080,2026-08-22 04:52:41.071000,train
data_train/data_train/Annotations/VIS/3984.xml,1778,2026-08-22 04:52:41.079000,train
data_train/data_train/Annotations/VIS/3985.xml,2464,2026-08-22 04:52:41.070000,train
data_train/data_train/Annotations/VIS/3986.xml,620,2026-08-22 04:52:41.071000,train
data_train/data_train/Annotations/VIS/3987.xml,1307,2026-08-22 04:52:41.084000,train
data_train/data_train/Annotations/VIS/3988.xml,1293,2026-08-22 04:52:41.097000,train
data_train/data_train/Annotations/VIS/3989.xml,1071,2026-08-22 04:52:41.079000,train
data_train/data_train/Annotations/VIS/399.xml,619,2026-08-22 04:52:41.084000,train
data_train/data_train/Annotations/VIS/3990.xml,844,2026-08-22 04:52:41.104000,train
data_train/data_train/Annotations/VIS/3992.xml,620,2026-08-22 04:52:41.079000,train
data_train/data_train/Annotations/VIS/3994.xml,1529,2026-08-22 04:52:41.164000,train
data_train/data_train/Annotations/VIS/3996.xml,628,2026-08-22 04:52:41.071000,train
data_train/data_train/Annotations/VIS/3998.xml,2459,2026-08-22 04:52:41.152000,train
data_train/data_train/Annotations/VIS/4.xml,1305,2026-08-22 04:52:41.079000,train
data_train/data_train/Annotations/VIS/4001.xml,1774,2026-08-22 04:52:41.079000,train
data_train/data_train/Annotations/VIS/4002.xml,1079,2026-08-22 04:52:41.089000,train
data_train/data_train/Annotations/VIS/4004.xml,1778,2026-08-22 04:52:41.104000,train
data_train/data_train/Annotations/VIS/4008.xml,851,2026-08-22 04:52:41.097000,train
data_train/data_train/Annotations/VIS/4010.xml,618,2026-08-22 04:52:41.158000,train
data_train/data_train/Annotations/VIS/4011.xml,1065,2026-08-22 04:52:41.110000,train
data_train/data_train/Annotations/VIS/4013.xml,627,2026-08-22 04:52:41.104000,train
data_train/data_train/Annotations/VIS/4015.xml,1300,2026-08-22 04:52:41.132000,train
data_train/data_train/Annotations/VIS/4016.xml,1079,2026-08-22 04:52:41.110000,train
data_train/data_train/Annotations/VIS/4020.xml,1309,2026-08-22 04:52:41.157000,train
data_train/data_train/Annotations/VIS/4022.xml,854,2026-08-22 04:52:41.110000,train
data_train/data_train/Annotations/VIS/4025.xml,855,2026-08-22 04:52:41.121000,train
data_train/data_train/Annotations/VIS/4026.xml,1066,2026-08-22 04:52:41.175000,train
data_train/data_train/Annotations/VIS/4029.xml,1084,2026-08-22 04:52:41.132000,train
data_train/data_train/Annotations/VIS/403.xml,1296,2026-08-22 04:52:41.121000,train
data_train/data_train/Annotations/VIS/4031.xml,1077,2026-08-22 04:52:41.132000,train
data_train/data_train/Annotations/VIS/4033.xml,1080,2026-08-22 04:52:41.121000,train
data_train/data_train/Annotations/VIS/4034.xml,847,2026-08-22 04:52:41.157000,train
data_train/data_train/Annotations/VIS/4035.xml,619,2026-08-22 04:52:41.138000,train
data_train/data_train/Annotations/VIS/4036.xml,1081,2026-08-22 04:52:41.152000,train
data_train/data_train/Annotations/VIS/4037.xml,1084,2026-08-22 04:52:41.132000,train
data_train/data_train/Annotations/VIS/4038.xml,1547,2026-08-22 04:52:41.138000,train
data_train/data_train/Annotations/VIS/4039.xml,1546,2026-08-22 04:52:41.138000,train
data_train/data_train/Annotations/VIS/4041.xml,843,2026-08-22 04:52:41.132000,train
data_train/data_train/Annotations/VIS/4044.xml,1088,2026-08-22 04:52:41.146000,train
data_train/data_train/Annotations/VIS/4045.xml,1308,2026-08-22 04:52:41.132000,train
data_train/data_train/Annotations/VIS/4047.xml,1072,2026-08-22 04:52:41.146000,train
data_train/data_train/Annotations/VIS/4048.xml,1316,2026-08-22 04:52:41.195000,train
data_train/data_train/Annotations/VIS/4049.xml,844,2026-08-22 04:52:41.152000,train
data_train/data_train/Annotations/VIS/4050.xml,1537,2026-08-22 04:52:41.146000,train
data_train/data_train/Annotations/VIS/4052.xml,624,2026-08-22 04:52:41.152000,train
data_train/data_train/Annotations/VIS/4054.xml,1311,2026-08-22 04:52:41.164000,train
data_train/data_train/Annotations/VIS/4057.xml,1316,2026-08-22 04:52:41.152000,train
data_train/data_train/Annotations/VIS/4059.xml,624,2026-08-22 04:52:41.158000,train
data_train/data_train/Annotations/VIS/4064.xml,1528,2026-08-22 04:52:41.175000,train
data_train/data_train/Annotations/VIS/4067.xml,1083,2026-08-22 04:52:41.175000,train
data_train/data_train/Annotations/VIS/407.xml,1091,2026-08-22 04:52:41.164000,train
data_train/data_train/Annotations/VIS/4071.xml,855,2026-08-22 04:52:41.152000,train
data_train/data_train/Annotations/VIS/4072.xml,842,2026-08-22 04:52:41.175000,train
data_train/data_train/Annotations/VIS/4074.xml,1080,2026-08-22 04:52:41.164000,train
data_train/data_train/Annotations/VIS/4075.xml,1776,2026-08-22 04:52:41.164000,train
data_train/data_train/Annotations/VIS/4076.xml,627,2026-08-22 04:52:41.175000,train
data_train/data_train/Annotations/VIS/4078.xml,2462,2026-08-22 04:52:41.186000,train
data_train/data_train/Annotations/VIS/4079.xml,1316,2026-08-22 04:52:41.169000,train
data_train/data_train/Annotations/VIS/4080.xml,1082,2026-08-22 04:52:41.202000,train
data_train/data_train/Annotations/VIS/4082.xml,623,2026-08-22 04:52:41.181000,train
data_train/data_train/Annotations/VIS/4083.xml,850,2026-08-22 04:52:41.175000,train
data_train/data_train/Annotations/VIS/4085.xml,1083,2026-08-22 04:52:41.181000,train
data_train/data_train/Annotations/VIS/4087.xml,622,2026-08-22 04:52:41.186000,train
data_train/data_train/Annotations/VIS/4088.xml,2172,2026-08-22 04:52:41.224000,train
data_train/data_train/Annotations/VIS/4094.xml,622,2026-08-22 04:52:41.169000,train
data_train/data_train/Annotations/VIS/4095.xml,841,2026-08-22 04:52:41.181000,train
data_train/data_train/Annotations/VIS/4097.xml,1316,2026-08-22 04:52:41.181000,train
data_train/data_train/Annotations/VIS/4098.xml,1303,2026-08-22 04:52:41.186000,train
data_train/data_train/Annotations/VIS/4099.xml,1316,2026-08-22 04:52:41.186000,train
data_train/data_train/Annotations/VIS/41.xml,1304,2026-08-22 04:52:41.175000,train
data_train/data_train/Annotations/VIS/4102.xml,1093,2026-08-22 04:52:41.186000,train
data_train/data_train/Annotations/VIS/4103.xml,2459,2026-08-22 04:52:41.195000,train
data_train/data_train/Annotations/VIS/4105.xml,1527,2026-08-22 04:52:41.195000,train
data_train/data_train/Annotations/VIS/4106.xml,620,2026-08-22 04:52:41.202000,train
data_train/data_train/Annotations/VIS/4108.xml,1070,2026-08-22 04:52:41.195000,train
data_train/data_train/Annotations/VIS/4109.xml,1775,2026-08-22 04:52:41.195000,train
data_train/data_train/Annotations/VIS/4110.xml,626,2026-08-22 04:52:41.202000,train
data_train/data_train/Annotations/VIS/4111.xml,619,2026-08-22 04:52:41.202000,train
data_train/data_train/Annotations/VIS/4114.xml,1300,2026-08-22 04:52:41.224000,train
data_train/data_train/Annotations/VIS/4115.xml,1304,2026-08-22 04:52:41.212000,train
data_train/data_train/Annotations/VIS/4117.xml,1079,2026-08-22 04:52:41.249000,train
data_train/data_train/Annotations/VIS/4118.xml,625,2026-08-22 04:52:41.212000,train
data_train/data_train/Annotations/VIS/4119.xml,1308,2026-08-22 04:52:41.202000,train
data_train/data_train/Annotations/VIS/4120.xml,624,2026-08-22 04:52:41.230000,train
data_train/data_train/Annotations/VIS/4123.xml,848,2026-08-22 04:52:41.240000,train
data_train/data_train/Annotations/VIS/4124.xml,848,2026-08-22 04:52:41.224000,train
data_train/data_train/Annotations/VIS/4125.xml,854,2026-08-22 04:52:41.230000,train
data_train/data_train/Annotations/VIS/4126.xml,1316,2026-08-22 04:52:41.230000,train
data_train/data_train/Annotations/VIS/4127.xml,622,2026-08-22 04:52:41.224000,train
data_train/data_train/Annotations/VIS/4128.xml,622,2026-08-22 04:52:41.230000,train
data_train/data_train/Annotations/VIS/4129.xml,1084,2026-08-22 04:52:41.240000,train
data_train/data_train/Annotations/VIS/4130.xml,615,2026-08-22 04:52:41.230000,train
data_train/data_train/Annotations/VIS/4132.xml,1316,2026-08-22 04:52:41.225000,train
data_train/data_train/Annotations/VIS/4133.xml,846,2026-08-22 04:52:41.249000,train
data_train/data_train/Annotations/VIS/4134.xml,1776,2026-08-22 04:52:41.240000,train
data_train/data_train/Annotations/VIS/4135.xml,842,2026-08-22 04:52:41.240000,train
data_train/data_train/Annotations/VIS/4136.xml,1308,2026-08-22 04:52:41.272000,train
data_train/data_train/Annotations/VIS/4137.xml,1766,2026-08-22 04:52:41.272000,train
data_train/data_train/Annotations/VIS/4139.xml,854,2026-08-22 04:52:41.230000,train
data_train/data_train/Annotations/VIS/414.xml,623,2026-08-22 04:52:41.249000,train
data_train/data_train/Annotations/VIS/4140.xml,1078,2026-08-22 04:52:41.249000,train
data_train/data_train/Annotations/VIS/4143.xml,1303,2026-08-22 04:52:41.256000,train
data_train/data_train/Annotations/VIS/4145.xml,852,2026-08-22 04:52:41.256000,train
data_train/data_train/Annotations/VIS/4147.xml,1081,2026-08-22 04:52:41.261000,train
data_train/data_train/Annotations/VIS/4148.xml,1084,2026-08-22 04:52:41.267000,train
data_train/data_train/Annotations/VIS/4149.xml,623,2026-08-22 04:52:41.278000,train
data_train/data_train/Annotations/VIS/415.xml,844,2026-08-22 04:52:41.256000,train
data_train/data_train/Annotations/VIS/4152.xml,849,2026-08-22 04:52:41.261000,train
data_train/data_train/Annotations/VIS/4154.xml,1072,2026-08-22 04:52:41.256000,train
data_train/data_train/Annotations/VIS/4156.xml,625,2026-08-22 04:52:41.267000,train
data_train/data_train/Annotations/VIS/4157.xml,624,2026-08-22 04:52:41.261000,train
data_train/data_train/Annotations/VIS/4158.xml,619,2026-08-22 04:52:41.256000,train
data_train/data_train/Annotations/VIS/416.xml,620,2026-08-22 04:52:41.261000,train
data_train/data_train/Annotations/VIS/4161.xml,846,2026-08-22 04:52:41.261000,train
data_train/data_train/Annotations/VIS/4162.xml,625,2026-08-22 04:52:41.278000,train
data_train/data_train/Annotations/VIS/4164.xml,1072,2026-08-22 04:52:41.261000,train
data_train/data_train/Annotations/VIS/4166.xml,1307,2026-08-22 04:52:41.256000,train
data_train/data_train/Annotations/VIS/4167.xml,847,2026-08-22 04:52:41.261000,train
data_train/data_train/Annotations/VIS/4168.xml,842,2026-08-22 04:52:41.267000,train
data_train/data_train/Annotations/VIS/4169.xml,615,2026-08-22 04:52:41.316000,train
data_train/data_train/Annotations/VIS/417.xml,2460,2026-08-22 04:52:41.272000,train
data_train/data_train/Annotations/VIS/4170.xml,627,2026-08-22 04:52:41.267000,train
data_train/data_train/Annotations/VIS/4171.xml,1070,2026-08-22 04:52:41.285000,train
data_train/data_train/Annotations/VIS/4173.xml,1081,2026-08-22 04:52:41.267000,train
data_train/data_train/Annotations/VIS/4174.xml,620,2026-08-22 04:52:41.285000,train
data_train/data_train/Annotations/VIS/4176.xml,621,2026-08-22 04:52:41.272000,train
data_train/data_train/Annotations/VIS/4177.xml,1539,2026-08-22 04:52:41.272000,train
data_train/data_train/Annotations/VIS/418.xml,1074,2026-08-22 04:52:41.284000,train
data_train/data_train/Annotations/VIS/4184.xml,620,2026-08-22 04:52:41.278000,train
data_train/data_train/Annotations/VIS/4187.xml,620,2026-08-22 04:52:41.278000,train
data_train/data_train/Annotations/VIS/4188.xml,850,2026-08-22 04:52:41.272000,train
data_train/data_train/Annotations/VIS/419.xml,620,2026-08-22 04:52:41.285000,train
data_train/data_train/Annotations/VIS/4190.xml,1068,2026-08-22 04:52:41.316000,train
data_train/data_train/Annotations/VIS/4191.xml,852,2026-08-22 04:52:41.296000,train
data_train/data_train/Annotations/VIS/4192.xml,622,2026-08-22 04:52:41.291000,train
data_train/data_train/Annotations/VIS/4193.xml,1083,2026-08-22 04:52:41.296000,train
data_train/data_train/Annotations/VIS/4196.xml,1079,2026-08-22 04:52:41.284000,train
data_train/data_train/Annotations/VIS/4197.xml,1301,2026-08-22 04:52:41.296000,train
data_train/data_train/Annotations/VIS/4198.xml,627,2026-08-22 04:52:41.291000,train
data_train/data_train/Annotations/VIS/4199.xml,619,2026-08-22 04:52:41.291000,train
data_train/data_train/Annotations/VIS/42.xml,1079,2026-08-22 04:52:41.372000,train
data_train/data_train/Annotations/VIS/4200.xml,618,2026-08-22 04:52:41.309000,train
data_train/data_train/Annotations/VIS/4201.xml,855,2026-08-22 04:52:41.321000,train
data_train/data_train/Annotations/VIS/4203.xml,2420,2026-08-22 04:52:41.309000,train
data_train/data_train/Annotations/VIS/4205.xml,2445,2026-08-22 04:52:41.330000,train
data_train/data_train/Annotations/VIS/4208.xml,854,2026-08-22 04:52:41.321000,train
data_train/data_train/Annotations/VIS/421.xml,1536,2026-08-22 04:52:41.350000,train
data_train/data_train/Annotations/VIS/4210.xml,625,2026-08-22 04:52:41.361000,train
data_train/data_train/Annotations/VIS/4213.xml,1524,2026-08-22 04:52:41.330000,train
data_train/data_train/Annotations/VIS/4215.xml,1981,2026-08-22 04:52:41.330000,train
data_train/data_train/Annotations/VIS/4216.xml,1081,2026-08-22 04:52:41.321000,train
data_train/data_train/Annotations/VIS/4218.xml,1955,2026-08-22 04:52:41.321000,train
data_train/data_train/Annotations/VIS/4219.xml,1316,2026-08-22 04:52:41.321000,train
data_train/data_train/Annotations/VIS/4223.xml,2462,2026-08-22 04:52:41.321000,train
data_train/data_train/Annotations/VIS/4225.xml,1303,2026-08-22 04:52:41.336000,train
data_train/data_train/Annotations/VIS/4228.xml,1548,2026-08-22 04:52:41.330000,train
data_train/data_train/Annotations/VIS/4229.xml,845,2026-08-22 04:52:41.321000,train
data_train/data_train/Annotations/VIS/423.xml,3343,2026-08-22 04:52:41.336000,train
data_train/data_train/Annotations/VIS/4230.xml,1302,2026-08-22 04:52:41.343000,train
data_train/data_train/Annotations/VIS/4231.xml,623,2026-08-22 04:52:41.343000,train
data_train/data_train/Annotations/VIS/4232.xml,621,2026-08-22 04:52:41.350000,train
data_train/data_train/Annotations/VIS/4233.xml,2462,2026-08-22 04:52:41.343000,train
data_train/data_train/Annotations/VIS/4234.xml,619,2026-08-22 04:52:41.361000,train
data_train/data_train/Annotations/VIS/4235.xml,1081,2026-08-22 04:52:41.350000,train
data_train/data_train/Annotations/VIS/4237.xml,616,2026-08-22 04:52:41.366000,train
data_train/data_train/Annotations/VIS/4240.xml,1315,2026-08-22 04:52:41.356000,train
data_train/data_train/Annotations/VIS/4241.xml,622,2026-08-22 04:52:41.350000,train
data_train/data_train/Annotations/VIS/4242.xml,1767,2026-08-22 04:52:41.350000,train
data_train/data_train/Annotations/VIS/4243.xml,840,2026-08-22 04:52:41.356000,train
data_train/data_train/Annotations/VIS/4248.xml,1777,2026-08-22 04:52:41.350000,train
data_train/data_train/Annotations/VIS/4249.xml,1315,2026-08-22 04:52:41.361000,train
data_train/data_train/Annotations/VIS/425.xml,839,2026-08-22 04:52:41.366000,train
data_train/data_train/Annotations/VIS/4250.xml,2629,2026-08-22 04:52:41.366000,train
data_train/data_train/Annotations/VIS/4251.xml,1310,2026-08-22 04:52:41.383000,train
data_train/data_train/Annotations/VIS/4253.xml,2455,2026-08-22 04:52:41.378000,train
data_train/data_train/Annotations/VIS/4254.xml,1539,2026-08-22 04:52:41.366000,train
data_train/data_train/Annotations/VIS/4262.xml,850,2026-08-22 04:52:41.356000,train
data_train/data_train/Annotations/VIS/4263.xml,848,2026-08-22 04:52:41.356000,train
data_train/data_train/Annotations/VIS/4264.xml,1549,2026-08-22 04:52:41.356000,train
data_train/data_train/Annotations/VIS/4266.xml,1081,2026-08-22 04:52:41.372000,train
data_train/data_train/Annotations/VIS/4267.xml,1529,2026-08-22 04:52:41.378000,train
data_train/data_train/Annotations/VIS/4268.xml,1079,2026-08-22 04:52:41.361000,train
data_train/data_train/Annotations/VIS/4269.xml,2677,2026-08-22 04:52:41.361000,train
data_train/data_train/Annotations/VIS/4271.xml,1773,2026-08-22 04:52:41.372000,train
data_train/data_train/Annotations/VIS/4274.xml,1083,2026-08-22 04:52:41.372000,train
data_train/data_train/Annotations/VIS/4276.xml,1308,2026-08-22 04:52:41.361000,train
data_train/data_train/Annotations/VIS/4278.xml,622,2026-08-22 04:52:41.397000,train
data_train/data_train/Annotations/VIS/4279.xml,623,2026-08-22 04:52:41.378000,train
data_train/data_train/Annotations/VIS/4280.xml,1531,2026-08-22 04:52:41.372000,train
data_train/data_train/Annotations/VIS/4281.xml,846,2026-08-22 04:52:41.378000,train
data_train/data_train/Annotations/VIS/4282.xml,621,2026-08-22 04:52:41.372000,train
data_train/data_train/Annotations/VIS/4283.xml,621,2026-08-22 04:52:41.372000,train
data_train/data_train/Annotations/VIS/4285.xml,618,2026-08-22 04:52:41.422000,train
data_train/data_train/Annotations/VIS/4287.xml,1315,2026-08-22 04:52:41.378000,train
data_train/data_train/Annotations/VIS/4289.xml,622,2026-08-22 04:52:41.389000,train
data_train/data_train/Annotations/VIS/4290.xml,1313,2026-08-22 04:52:41.389000,train
data_train/data_train/Annotations/VIS/4291.xml,1089,2026-08-22 04:52:41.378000,train
data_train/data_train/Annotations/VIS/4292.xml,2204,2026-08-22 04:52:41.389000,train
data_train/data_train/Annotations/VIS/4293.xml,1548,2026-08-22 04:52:41.389000,train
data_train/data_train/Annotations/VIS/4295.xml,848,2026-08-22 04:52:41.397000,train
data_train/data_train/Annotations/VIS/4296.xml,620,2026-08-22 04:52:41.389000,train
data_train/data_train/Annotations/VIS/4297.xml,620,2026-08-22 04:52:41.397000,train
data_train/data_train/Annotations/VIS/4298.xml,621,2026-08-22 04:52:41.397000,train
data_train/data_train/Annotations/VIS/4299.xml,2668,2026-08-22 04:52:41.413000,train
data_train/data_train/Annotations/VIS/43.xml,616,2026-08-22 04:52:41.412000,train
data_train/data_train/Annotations/VIS/430.xml,1769,2026-08-22 04:52:41.404000,train
data_train/data_train/Annotations/VIS/4300.xml,1527,2026-08-22 04:52:41.413000,train
data_train/data_train/Annotations/VIS/4301.xml,850,2026-08-22 04:52:41.412000,train
data_train/data_train/Annotations/VIS/4302.xml,622,2026-08-22 04:52:41.413000,train
data_train/data_train/Annotations/VIS/4303.xml,846,2026-08-22 04:52:41.433000,train
data_train/data_train/Annotations/VIS/4305.xml,1084,2026-08-22 04:52:41.422000,train
data_train/data_train/Annotations/VIS/4306.xml,841,2026-08-22 04:52:41.412000,train
data_train/data_train/Annotations/VIS/4307.xml,619,2026-08-22 04:52:41.422000,train
data_train/data_train/Annotations/VIS/4309.xml,1081,2026-08-22 04:52:41.422000,train
data_train/data_train/Annotations/VIS/431.xml,844,2026-08-22 04:52:41.428000,train
data_train/data_train/Annotations/VIS/4311.xml,856,2026-08-22 04:52:41.428000,train
data_train/data_train/Annotations/VIS/4317.xml,1314,2026-08-22 04:52:41.446000,train
data_train/data_train/Annotations/VIS/4318.xml,1769,2026-08-22 04:52:41.433000,train
data_train/data_train/Annotations/VIS/4320.xml,838,2026-08-22 04:52:41.440000,train
data_train/data_train/Annotations/VIS/4323.xml,1078,2026-08-22 04:52:41.446000,train
data_train/data_train/Annotations/VIS/4329.xml,1311,2026-08-22 04:52:41.422000,train
data_train/data_train/Annotations/VIS/433.xml,1313,2026-08-22 04:52:41.440000,train
data_train/data_train/Annotations/VIS/4330.xml,2676,2026-08-22 04:52:41.494000,train
data_train/data_train/Annotations/VIS/4331.xml,1550,2026-08-22 04:52:41.433000,train
data_train/data_train/Annotations/VIS/4332.xml,2429,2026-08-22 04:52:41.440000,train
data_train/data_train/Annotations/VIS/4335.xml,1526,2026-08-22 04:52:41.451000,train
data_train/data_train/Annotations/VIS/4336.xml,622,2026-08-22 04:52:41.457000,train
data_train/data_train/Annotations/VIS/4339.xml,1082,2026-08-22 04:52:41.446000,train
data_train/data_train/Annotations/VIS/4340.xml,1076,2026-08-22 04:52:41.467000,train
data_train/data_train/Annotations/VIS/4344.xml,1071,2026-08-22 04:52:41.446000,train
data_train/data_train/Annotations/VIS/4345.xml,618,2026-08-22 04:52:41.451000,train
data_train/data_train/Annotations/VIS/4346.xml,2443,2026-08-22 04:52:41.462000,train
data_train/data_train/Annotations/VIS/4348.xml,619,2026-08-22 04:52:41.467000,train
data_train/data_train/Annotations/VIS/4349.xml,1084,2026-08-22 04:52:41.483000,train
data_train/data_train/Annotations/VIS/435.xml,1082,2026-08-22 04:52:41.462000,train
data_train/data_train/Annotations/VIS/4350.xml,2445,2026-08-22 04:52:41.495000,train
data_train/data_train/Annotations/VIS/4351.xml,620,2026-08-22 04:52:41.457000,train
data_train/data_train/Annotations/VIS/4353.xml,1078,2026-08-22 04:52:41.462000,train
data_train/data_train/Annotations/VIS/4355.xml,1532,2026-08-22 04:52:41.474000,train
data_train/data_train/Annotations/VIS/4356.xml,620,2026-08-22 04:52:41.462000,train
data_train/data_train/Annotations/VIS/4357.xml,1075,2026-08-22 04:52:41.462000,train
data_train/data_train/Annotations/VIS/4359.xml,1316,2026-08-22 04:52:41.474000,train
data_train/data_train/Annotations/VIS/436.xml,1513,2026-08-22 04:52:41.467000,train
data_train/data_train/Annotations/VIS/4360.xml,2435,2026-08-22 04:52:41.467000,train
data_train/data_train/Annotations/VIS/4364.xml,622,2026-08-22 04:52:41.467000,train
data_train/data_train/Annotations/VIS/4365.xml,1084,2026-08-22 04:52:41.474000,train
data_train/data_train/Annotations/VIS/4368.xml,1525,2026-08-22 04:52:41.474000,train
data_train/data_train/Annotations/VIS/437.xml,618,2026-08-22 04:52:41.462000,train
data_train/data_train/Annotations/VIS/4371.xml,625,2026-08-22 04:52:41.474000,train
data_train/data_train/Annotations/VIS/4372.xml,845,2026-08-22 04:52:41.467000,train
data_train/data_train/Annotations/VIS/4373.xml,1076,2026-08-22 04:52:41.474000,train
data_train/data_train/Annotations/VIS/4374.xml,860,2026-08-22 04:52:41.474000,train
data_train/data_train/Annotations/VIS/4375.xml,1082,2026-08-22 04:52:41.462000,train
data_train/data_train/Annotations/VIS/4376.xml,1067,2026-08-22 04:52:41.474000,train
data_train/data_train/Annotations/VIS/4378.xml,1316,2026-08-22 04:52:41.483000,train
data_train/data_train/Annotations/VIS/438.xml,1761,2026-08-22 04:52:41.462000,train
data_train/data_train/Annotations/VIS/4381.xml,1078,2026-08-22 04:52:41.484000,train
data_train/data_train/Annotations/VIS/4385.xml,2443,2026-08-22 04:52:41.495000,train
data_train/data_train/Annotations/VIS/4386.xml,842,2026-08-22 04:52:41.494000,train
data_train/data_train/Annotations/VIS/4387.xml,1756,2026-08-22 04:52:41.489000,train
data_train/data_train/Annotations/VIS/4388.xml,857,2026-08-22 04:52:41.494000,train
data_train/data_train/Annotations/VIS/4390.xml,1773,2026-08-22 04:52:41.507000,train
data_train/data_train/Annotations/VIS/4391.xml,853,2026-08-22 04:52:41.502000,train
data_train/data_train/Annotations/VIS/4392.xml,621,2026-08-22 04:52:41.489000,train
data_train/data_train/Annotations/VIS/4394.xml,619,2026-08-22 04:52:41.494000,train
data_train/data_train/Annotations/VIS/4395.xml,620,2026-08-22 04:52:41.494000,train
data_train/data_train/Annotations/VIS/4397.xml,1083,2026-08-22 04:52:41.494000,train
data_train/data_train/Annotations/VIS/4398.xml,854,2026-08-22 04:52:41.489000,train
data_train/data_train/Annotations/VIS/4399.xml,2674,2026-08-22 04:52:41.494000,train
data_train/data_train/Annotations/VIS/44.xml,617,2026-08-22 04:52:41.502000,train
data_train/data_train/Annotations/VIS/440.xml,2231,2026-08-22 04:52:41.526000,train
data_train/data_train/Annotations/VIS/4400.xml,1075,2026-08-22 04:52:41.507000,train
data_train/data_train/Annotations/VIS/4401.xml,622,2026-08-22 04:52:41.507000,train
data_train/data_train/Annotations/VIS/4402.xml,621,2026-08-22 04:52:41.513000,train
data_train/data_train/Annotations/VIS/4403.xml,1072,2026-08-22 04:52:41.513000,train
data_train/data_train/Annotations/VIS/4404.xml,1769,2026-08-22 04:52:41.513000,train
data_train/data_train/Annotations/VIS/4405.xml,1077,2026-08-22 04:52:41.520000,train
data_train/data_train/Annotations/VIS/4407.xml,1079,2026-08-22 04:52:41.526000,train
data_train/data_train/Annotations/VIS/4409.xml,1078,2026-08-22 04:52:41.526000,train
data_train/data_train/Annotations/VIS/4410.xml,846,2026-08-22 04:52:41.520000,train
data_train/data_train/Annotations/VIS/4415.xml,854,2026-08-22 04:52:41.526000,train
data_train/data_train/Annotations/VIS/4419.xml,2445,2026-08-22 04:52:41.532000,train
data_train/data_train/Annotations/VIS/442.xml,618,2026-08-22 04:52:41.539000,train
data_train/data_train/Annotations/VIS/4420.xml,848,2026-08-22 04:52:41.532000,train
data_train/data_train/Annotations/VIS/4421.xml,1061,2026-08-22 04:52:41.532000,train
data_train/data_train/Annotations/VIS/4423.xml,846,2026-08-22 04:52:41.539000,train
data_train/data_train/Annotations/VIS/4426.xml,1940,2026-08-22 04:52:41.560000,train
data_train/data_train/Annotations/VIS/4427.xml,842,2026-08-22 04:52:41.560000,train
data_train/data_train/Annotations/VIS/4428.xml,626,2026-08-22 04:52:41.546000,train
data_train/data_train/Annotations/VIS/4429.xml,621,2026-08-22 04:52:41.560000,train
data_train/data_train/Annotations/VIS/443.xml,2665,2026-08-22 04:52:41.553000,train
data_train/data_train/Annotations/VIS/4431.xml,627,2026-08-22 04:52:41.553000,train
data_train/data_train/Annotations/VIS/4433.xml,619,2026-08-22 04:52:41.565000,train
data_train/data_train/Annotations/VIS/4434.xml,1774,2026-08-22 04:52:41.560000,train
data_train/data_train/Annotations/VIS/4436.xml,623,2026-08-22 04:52:41.570000,train
data_train/data_train/Annotations/VIS/4437.xml,1315,2026-08-22 04:52:41.553000,train
data_train/data_train/Annotations/VIS/4439.xml,1300,2026-08-22 04:52:41.547000,train
data_train/data_train/Annotations/VIS/444.xml,1514,2026-08-22 04:52:41.553000,train
data_train/data_train/Annotations/VIS/4444.xml,856,2026-08-22 04:52:41.553000,train
data_train/data_train/Annotations/VIS/4445.xml,1775,2026-08-22 04:52:41.564000,train
data_train/data_train/Annotations/VIS/4446.xml,1079,2026-08-22 04:52:41.570000,train
data_train/data_train/Annotations/VIS/4447.xml,1298,2026-08-22 04:52:41.570000,train
data_train/data_train/Annotations/VIS/4449.xml,1068,2026-08-22 04:52:41.560000,train
data_train/data_train/Annotations/VIS/445.xml,1306,2026-08-22 04:52:41.560000,train
data_train/data_train/Annotations/VIS/4450.xml,1076,2026-08-22 04:52:41.553000,train
data_train/data_train/Annotations/VIS/4451.xml,2452,2026-08-22 04:52:41.553000,train
data_train/data_train/Annotations/VIS/4453.xml,860,2026-08-22 04:52:41.570000,train
data_train/data_train/Annotations/VIS/4454.xml,618,2026-08-22 04:52:41.564000,train
data_train/data_train/Annotations/VIS/4455.xml,627,2026-08-22 04:52:41.570000,train
data_train/data_train/Annotations/VIS/4456.xml,1087,2026-08-22 04:52:41.564000,train
data_train/data_train/Annotations/VIS/4457.xml,620,2026-08-22 04:52:41.576000,train
data_train/data_train/Annotations/VIS/4458.xml,1302,2026-08-22 04:52:41.570000,train
data_train/data_train/Annotations/VIS/4459.xml,1078,2026-08-22 04:52:41.582000,train
data_train/data_train/Annotations/VIS/446.xml,618,2026-08-22 04:52:41.570000,train
data_train/data_train/Annotations/VIS/4460.xml,2680,2026-08-22 04:52:41.576000,train
data_train/data_train/Annotations/VIS/4463.xml,1311,2026-08-22 04:52:41.576000,train
data_train/data_train/Annotations/VIS/4464.xml,621,2026-08-22 04:52:41.576000,train
data_train/data_train/Annotations/VIS/4466.xml,620,2026-08-22 04:52:41.582000,train
data_train/data_train/Annotations/VIS/4468.xml,1766,2026-08-22 04:52:41.570000,train
data_train/data_train/Annotations/VIS/4469.xml,1072,2026-08-22 04:52:41.576000,train
data_train/data_train/Annotations/VIS/447.xml,1533,2026-08-22 04:52:41.576000,train
data_train/data_train/Annotations/VIS/4470.xml,1524,2026-08-22 04:52:41.588000,train
data_train/data_train/Annotations/VIS/4471.xml,2446,2026-08-22 04:52:41.600000,train
data_train/data_train/Annotations/VIS/4472.xml,2197,2026-08-22 04:52:41.588000,train
data_train/data_train/Annotations/VIS/4473.xml,1309,2026-08-22 04:52:41.582000,train
data_train/data_train/Annotations/VIS/4476.xml,1307,2026-08-22 04:52:41.582000,train
data_train/data_train/Annotations/VIS/4477.xml,1090,2026-08-22 04:52:41.620000,train
data_train/data_train/Annotations/VIS/4478.xml,847,2026-08-22 04:52:41.595000,train
data_train/data_train/Annotations/VIS/4481.xml,844,2026-08-22 04:52:41.595000,train
data_train/data_train/Annotations/VIS/4484.xml,1070,2026-08-22 04:52:41.582000,train
data_train/data_train/Annotations/VIS/4485.xml,856,2026-08-22 04:52:41.614000,train
data_train/data_train/Annotations/VIS/4487.xml,850,2026-08-22 04:52:41.607000,train
data_train/data_train/Annotations/VIS/4488.xml,1079,2026-08-22 04:52:41.600000,train
data_train/data_train/Annotations/VIS/4489.xml,1975,2026-08-22 04:52:41.607000,train
data_train/data_train/Annotations/VIS/449.xml,850,2026-08-22 04:52:41.595000,train
data_train/data_train/Annotations/VIS/4490.xml,625,2026-08-22 04:52:41.607000,train
data_train/data_train/Annotations/VIS/4491.xml,853,2026-08-22 04:52:41.607000,train
data_train/data_train/Annotations/VIS/4492.xml,620,2026-08-22 04:52:41.620000,train
data_train/data_train/Annotations/VIS/4493.xml,2676,2026-08-22 04:52:41.614000,train
data_train/data_train/Annotations/VIS/4496.xml,620,2026-08-22 04:52:41.620000,train
data_train/data_train/Annotations/VIS/4497.xml,1078,2026-08-22 04:52:41.636000,train
data_train/data_train/Annotations/VIS/4498.xml,1072,2026-08-22 04:52:41.620000,train
data_train/data_train/Annotations/VIS/45.xml,1064,2026-08-22 04:52:41.614000,train
data_train/data_train/Annotations/VIS/450.xml,1536,2026-08-22 04:52:41.620000,train
data_train/data_train/Annotations/VIS/4501.xml,1768,2026-08-22 04:52:41.630000,train
data_train/data_train/Annotations/VIS/4502.xml,621,2026-08-22 04:52:41.630000,train
data_train/data_train/Annotations/VIS/4503.xml,1075,2026-08-22 04:52:41.641000,train
data_train/data_train/Annotations/VIS/4505.xml,2459,2026-08-22 04:52:41.636000,train
data_train/data_train/Annotations/VIS/4506.xml,1063,2026-08-22 04:52:41.630000,train
data_train/data_train/Annotations/VIS/4507.xml,625,2026-08-22 04:52:41.636000,train
data_train/data_train/Annotations/VIS/4508.xml,1546,2026-08-22 04:52:41.641000,train
data_train/data_train/Annotations/VIS/4509.xml,1778,2026-08-22 04:52:41.641000,train
data_train/data_train/Annotations/VIS/4510.xml,845,2026-08-22 04:52:41.664000,train
data_train/data_train/Annotations/VIS/4511.xml,1066,2026-08-22 04:52:41.648000,train
data_train/data_train/Annotations/VIS/4516.xml,1078,2026-08-22 04:52:41.641000,train
data_train/data_train/Annotations/VIS/4517.xml,1316,2026-08-22 04:52:41.648000,train
data_train/data_train/Annotations/VIS/4520.xml,847,2026-08-22 04:52:41.648000,train
data_train/data_train/Annotations/VIS/4521.xml,846,2026-08-22 04:52:41.655000,train
data_train/data_train/Annotations/VIS/4523.xml,618,2026-08-22 04:52:41.641000,train
data_train/data_train/Annotations/VIS/4527.xml,1084,2026-08-22 04:52:41.720000,train
data_train/data_train/Annotations/VIS/4528.xml,1298,2026-08-22 04:52:41.655000,train
data_train/data_train/Annotations/VIS/4529.xml,625,2026-08-22 04:52:41.664000,train
data_train/data_train/Annotations/VIS/4530.xml,627,2026-08-22 04:52:41.648000,train
data_train/data_train/Annotations/VIS/4531.xml,1080,2026-08-22 04:52:41.655000,train
data_train/data_train/Annotations/VIS/4535.xml,2402,2026-08-22 04:52:41.664000,train
data_train/data_train/Annotations/VIS/4536.xml,622,2026-08-22 04:52:41.655000,train
data_train/data_train/Annotations/VIS/4537.xml,622,2026-08-22 04:52:41.676000,train
data_train/data_train/Annotations/VIS/4539.xml,1078,2026-08-22 04:52:41.648000,train
data_train/data_train/Annotations/VIS/4541.xml,2634,2026-08-22 04:52:41.669000,train
data_train/data_train/Annotations/VIS/4542.xml,860,2026-08-22 04:52:41.698000,train
data_train/data_train/Annotations/VIS/4543.xml,1544,2026-08-22 04:52:41.664000,train
data_train/data_train/Annotations/VIS/4546.xml,1535,2026-08-22 04:52:41.690000,train
data_train/data_train/Annotations/VIS/4548.xml,1968,2026-08-22 04:52:41.655000,train
data_train/data_train/Annotations/VIS/455.xml,1314,2026-08-22 04:52:41.669000,train
data_train/data_train/Annotations/VIS/4552.xml,627,2026-08-22 04:52:41.664000,train
data_train/data_train/Annotations/VIS/4553.xml,621,2026-08-22 04:52:41.698000,train
data_train/data_train/Annotations/VIS/4554.xml,1316,2026-08-22 04:52:41.676000,train
data_train/data_train/Annotations/VIS/4555.xml,620,2026-08-22 04:52:41.676000,train
data_train/data_train/Annotations/VIS/4556.xml,622,2026-08-22 04:52:41.664000,train
data_train/data_train/Annotations/VIS/4558.xml,1079,2026-08-22 04:52:41.664000,train
data_train/data_train/Annotations/VIS/4559.xml,1315,2026-08-22 04:52:41.690000,train
data_train/data_train/Annotations/VIS/4560.xml,1522,2026-08-22 04:52:41.685000,train
data_train/data_train/Annotations/VIS/4563.xml,1314,2026-08-22 04:52:41.664000,train
data_train/data_train/Annotations/VIS/4565.xml,858,2026-08-22 04:52:41.685000,train
data_train/data_train/Annotations/VIS/4566.xml,860,2026-08-22 04:52:41.685000,train
data_train/data_train/Annotations/VIS/4567.xml,3578,2026-08-22 04:52:41.676000,train
data_train/data_train/Annotations/VIS/4568.xml,1315,2026-08-22 04:52:41.690000,train
data_train/data_train/Annotations/VIS/4569.xml,620,2026-08-22 04:52:41.707000,train
data_train/data_train/Annotations/VIS/4570.xml,843,2026-08-22 04:52:41.690000,train
data_train/data_train/Annotations/VIS/4571.xml,2675,2026-08-22 04:52:41.685000,train
data_train/data_train/Annotations/VIS/4572.xml,1065,2026-08-22 04:52:41.698000,train
data_train/data_train/Annotations/VIS/4573.xml,854,2026-08-22 04:52:41.690000,train
data_train/data_train/Annotations/VIS/4574.xml,622,2026-08-22 04:52:41.690000,train
data_train/data_train/Annotations/VIS/4577.xml,2453,2026-08-22 04:52:41.690000,train
data_train/data_train/Annotations/VIS/4578.xml,848,2026-08-22 04:52:41.720000,train
data_train/data_train/Annotations/VIS/4579.xml,854,2026-08-22 04:52:41.707000,train
data_train/data_train/Annotations/VIS/4580.xml,1077,2026-08-22 04:52:41.707000,train
data_train/data_train/Annotations/VIS/4581.xml,840,2026-08-22 04:52:41.698000,train
data_train/data_train/Annotations/VIS/4582.xml,622,2026-08-22 04:52:41.707000,train
data_train/data_train/Annotations/VIS/4583.xml,1969,2026-08-22 04:52:41.715000,train
data_train/data_train/Annotations/VIS/4584.xml,1299,2026-08-22 04:52:41.707000,train
data_train/data_train/Annotations/VIS/4585.xml,858,2026-08-22 04:52:41.729000,train
data_train/data_train/Annotations/VIS/4586.xml,1082,2026-08-22 04:52:41.730000,train
data_train/data_train/Annotations/VIS/4587.xml,1080,2026-08-22 04:52:41.715000,train
data_train/data_train/Annotations/VIS/4588.xml,1316,2026-08-22 04:52:41.720000,train
data_train/data_train/Annotations/VIS/459.xml,1543,2026-08-22 04:52:41.735000,train
data_train/data_train/Annotations/VIS/4590.xml,618,2026-08-22 04:52:41.720000,train
data_train/data_train/Annotations/VIS/4591.xml,1308,2026-08-22 04:52:41.720000,train
data_train/data_train/Annotations/VIS/4592.xml,1308,2026-08-22 04:52:41.730000,train
data_train/data_train/Annotations/VIS/4593.xml,856,2026-08-22 04:52:41.735000,train
data_train/data_train/Annotations/VIS/4594.xml,1550,2026-08-22 04:52:41.720000,train
data_train/data_train/Annotations/VIS/4595.xml,854,2026-08-22 04:52:41.740000,train
data_train/data_train/Annotations/VIS/4598.xml,843,2026-08-22 04:52:41.735000,train
data_train/data_train/Annotations/VIS/4599.xml,1538,2026-08-22 04:52:41.735000,train
data_train/data_train/Annotations/VIS/460.xml,855,2026-08-22 04:52:41.735000,train
data_train/data_train/Annotations/VIS/4603.xml,1316,2026-08-22 04:52:41.740000,train
data_train/data_train/Annotations/VIS/4604.xml,845,2026-08-22 04:52:41.729000,train
data_train/data_train/Annotations/VIS/4605.xml,1313,2026-08-22 04:52:41.748000,train
data_train/data_train/Annotations/VIS/4606.xml,1312,2026-08-22 04:52:41.755000,train
data_train/data_train/Annotations/VIS/4607.xml,1081,2026-08-22 04:52:41.787000,train
data_train/data_train/Annotations/VIS/4608.xml,1082,2026-08-22 04:52:41.740000,train
data_train/data_train/Annotations/VIS/461.xml,619,2026-08-22 04:52:41.735000,train
data_train/data_train/Annotations/VIS/4610.xml,1312,2026-08-22 04:52:41.748000,train
data_train/data_train/Annotations/VIS/4611.xml,1777,2026-08-22 04:52:41.740000,train
data_train/data_train/Annotations/VIS/4612.xml,860,2026-08-22 04:52:41.761000,train
data_train/data_train/Annotations/VIS/4617.xml,616,2026-08-22 04:52:41.755000,train
data_train/data_train/Annotations/VIS/4618.xml,1071,2026-08-22 04:52:41.766000,train
data_train/data_train/Annotations/VIS/4619.xml,1316,2026-08-22 04:52:41.761000,train
data_train/data_train/Annotations/VIS/4621.xml,845,2026-08-22 04:52:41.755000,train
data_train/data_train/Annotations/VIS/4623.xml,847,2026-08-22 04:52:41.755000,train
data_train/data_train/Annotations/VIS/4624.xml,627,2026-08-22 04:52:41.766000,train
data_train/data_train/Annotations/VIS/4628.xml,624,2026-08-22 04:52:41.755000,train
data_train/data_train/Annotations/VIS/463.xml,619,2026-08-22 04:52:41.766000,train
data_train/data_train/Annotations/VIS/4630.xml,1315,2026-08-22 04:52:41.755000,train
data_train/data_train/Annotations/VIS/4633.xml,1079,2026-08-22 04:52:41.761000,train
data_train/data_train/Annotations/VIS/4634.xml,1309,2026-08-22 04:52:41.761000,train
data_train/data_train/Annotations/VIS/4635.xml,1308,2026-08-22 04:52:41.773000,train
data_train/data_train/Annotations/VIS/4636.xml,846,2026-08-22 04:52:41.798000,train
data_train/data_train/Annotations/VIS/4637.xml,2674,2026-08-22 04:52:41.805000,train
data_train/data_train/Annotations/VIS/4639.xml,845,2026-08-22 04:52:41.773000,train
data_train/data_train/Annotations/VIS/464.xml,2446,2026-08-22 04:52:41.779000,train
data_train/data_train/Annotations/VIS/4640.xml,836,2026-08-22 04:52:41.779000,train
data_train/data_train/Annotations/VIS/4641.xml,840,2026-08-22 04:52:41.787000,train
data_train/data_train/Annotations/VIS/4644.xml,1071,2026-08-22 04:52:41.793000,train
data_train/data_train/Annotations/VIS/4645.xml,1773,2026-08-22 04:52:41.787000,train
data_train/data_train/Annotations/VIS/4646.xml,1308,2026-08-22 04:52:41.786000,train
data_train/data_train/Annotations/VIS/4648.xml,1302,2026-08-22 04:52:41.798000,train
data_train/data_train/Annotations/VIS/4649.xml,847,2026-08-22 04:52:41.787000,train
data_train/data_train/Annotations/VIS/465.xml,2451,2026-08-22 04:52:41.830000,train
data_train/data_train/Annotations/VIS/4651.xml,619,2026-08-22 04:52:41.786000,train
data_train/data_train/Annotations/VIS/4653.xml,1078,2026-08-22 04:52:41.793000,train
data_train/data_train/Annotations/VIS/4655.xml,1295,2026-08-22 04:52:41.787000,train
data_train/data_train/Annotations/VIS/4656.xml,1081,2026-08-22 04:52:41.793000,train
data_train/data_train/Annotations/VIS/466.xml,624,2026-08-22 04:52:41.880000,train
data_train/data_train/Annotations/VIS/4660.xml,846,2026-08-22 04:52:41.793000,train
data_train/data_train/Annotations/VIS/4661.xml,1769,2026-08-22 04:52:41.793000,train
data_train/data_train/Annotations/VIS/4668.xml,2473,2026-08-22 04:52:41.811000,train
data_train/data_train/Annotations/VIS/467.xml,1082,2026-08-22 04:52:41.805000,train
data_train/data_train/Annotations/VIS/4670.xml,618,2026-08-22 04:52:41.798000,train
data_train/data_train/Annotations/VIS/4671.xml,2680,2026-08-22 04:52:41.823000,train
data_train/data_train/Annotations/VIS/4673.xml,2442,2026-08-22 04:52:41.823000,train
data_train/data_train/Annotations/VIS/4676.xml,853,2026-08-22 04:52:41.811000,train
data_train/data_train/Annotations/VIS/4681.xml,1068,2026-08-22 04:52:41.811000,train
data_train/data_train/Annotations/VIS/4683.xml,622,2026-08-22 04:52:41.811000,train
data_train/data_train/Annotations/VIS/4684.xml,837,2026-08-22 04:52:41.805000,train
data_train/data_train/Annotations/VIS/4685.xml,622,2026-08-22 04:52:41.822000,train
data_train/data_train/Annotations/VIS/4686.xml,1080,2026-08-22 04:52:41.823000,train
data_train/data_train/Annotations/VIS/4688.xml,1081,2026-08-22 04:52:41.823000,train
data_train/data_train/Annotations/VIS/4689.xml,1069,2026-08-22 04:52:41.830000,train
data_train/data_train/Annotations/VIS/469.xml,620,2026-08-22 04:52:41.830000,train
data_train/data_train/Annotations/VIS/4690.xml,1545,2026-08-22 04:52:41.830000,train
data_train/data_train/Annotations/VIS/4691.xml,856,2026-08-22 04:52:41.823000,train
data_train/data_train/Annotations/VIS/4693.xml,1078,2026-08-22 04:52:41.823000,train
data_train/data_train/Annotations/VIS/4694.xml,622,2026-08-22 04:52:41.822000,train
data_train/data_train/Annotations/VIS/4695.xml,626,2026-08-22 04:52:41.844000,train
data_train/data_train/Annotations/VIS/4696.xml,1290,2026-08-22 04:52:41.850000,train
data_train/data_train/Annotations/VIS/4699.xml,620,2026-08-22 04:52:41.822000,train
data_train/data_train/Annotations/VIS/470.xml,840,2026-08-22 04:52:41.838000,train
data_train/data_train/Annotations/VIS/4700.xml,621,2026-08-22 04:52:41.830000,train
data_train/data_train/Annotations/VIS/4702.xml,1067,2026-08-22 04:52:41.822000,train
data_train/data_train/Annotations/VIS/4703.xml,624,2026-08-22 04:52:41.823000,train
data_train/data_train/Annotations/VIS/4707.xml,1538,2026-08-22 04:52:41.823000,train
data_train/data_train/Annotations/VIS/4708.xml,618,2026-08-22 04:52:41.838000,train
data_train/data_train/Annotations/VIS/4709.xml,1308,2026-08-22 04:52:41.850000,train
data_train/data_train/Annotations/VIS/471.xml,617,2026-08-22 04:52:41.838000,train
data_train/data_train/Annotations/VIS/4710.xml,619,2026-08-22 04:52:41.844000,train
data_train/data_train/Annotations/VIS/4712.xml,624,2026-08-22 04:52:41.856000,train
data_train/data_train/Annotations/VIS/4713.xml,1770,2026-08-22 04:52:41.850000,train
data_train/data_train/Annotations/VIS/4715.xml,625,2026-08-22 04:52:41.869000,train
data_train/data_train/Annotations/VIS/472.xml,1764,2026-08-22 04:52:41.862000,train
data_train/data_train/Annotations/VIS/4720.xml,1080,2026-08-22 04:52:41.856000,train
data_train/data_train/Annotations/VIS/4721.xml,1528,2026-08-22 04:52:41.862000,train
data_train/data_train/Annotations/VIS/4722.xml,622,2026-08-22 04:52:41.850000,train
data_train/data_train/Annotations/VIS/4725.xml,1529,2026-08-22 04:52:41.850000,train
data_train/data_train/Annotations/VIS/4726.xml,857,2026-08-22 04:52:41.856000,train
data_train/data_train/Annotations/VIS/4728.xml,843,2026-08-22 04:52:41.850000,train
data_train/data_train/Annotations/VIS/4729.xml,1967,2026-08-22 04:52:41.869000,train
data_train/data_train/Annotations/VIS/473.xml,1536,2026-08-22 04:52:41.856000,train
data_train/data_train/Annotations/VIS/4730.xml,1079,2026-08-22 04:52:41.869000,train
data_train/data_train/Annotations/VIS/4731.xml,620,2026-08-22 04:52:41.888000,train
data_train/data_train/Annotations/VIS/4732.xml,622,2026-08-22 04:52:41.869000,train
data_train/data_train/Annotations/VIS/4733.xml,854,2026-08-22 04:52:41.874000,train
data_train/data_train/Annotations/VIS/4734.xml,621,2026-08-22 04:52:41.874000,train
data_train/data_train/Annotations/VIS/4737.xml,1976,2026-08-22 04:52:41.888000,train
data_train/data_train/Annotations/VIS/4739.xml,621,2026-08-22 04:52:41.888000,train
data_train/data_train/Annotations/VIS/474.xml,840,2026-08-22 04:52:41.900000,train
data_train/data_train/Annotations/VIS/4740.xml,1083,2026-08-22 04:52:41.888000,train
data_train/data_train/Annotations/VIS/4741.xml,617,2026-08-22 04:52:41.900000,train
data_train/data_train/Annotations/VIS/4742.xml,855,2026-08-22 04:52:41.888000,train
data_train/data_train/Annotations/VIS/4744.xml,1084,2026-08-22 04:52:41.888000,train
data_train/data_train/Annotations/VIS/4745.xml,2676,2026-08-22 04:52:41.888000,train
data_train/data_train/Annotations/VIS/4746.xml,1538,2026-08-22 04:52:41.888000,train
data_train/data_train/Annotations/VIS/4747.xml,627,2026-08-22 04:52:41.894000,train
data_train/data_train/Annotations/VIS/475.xml,1080,2026-08-22 04:52:41.874000,train
data_train/data_train/Annotations/VIS/4751.xml,625,2026-08-22 04:52:41.894000,train
data_train/data_train/Annotations/VIS/4752.xml,621,2026-08-22 04:52:41.888000,train
data_train/data_train/Annotations/VIS/4755.xml,1083,2026-08-22 04:52:41.917000,train
data_train/data_train/Annotations/VIS/4758.xml,623,2026-08-22 04:52:41.900000,train
data_train/data_train/Annotations/VIS/4759.xml,1082,2026-08-22 04:52:41.900000,train
data_train/data_train/Annotations/VIS/476.xml,844,2026-08-22 04:52:41.894000,train
data_train/data_train/Annotations/VIS/4760.xml,1316,2026-08-22 04:52:41.900000,train
data_train/data_train/Annotations/VIS/4761.xml,847,2026-08-22 04:52:41.911000,train
data_train/data_train/Annotations/VIS/4763.xml,2409,2026-08-22 04:52:41.900000,train
data_train/data_train/Annotations/VIS/4765.xml,1767,2026-08-22 04:52:41.911000,train
data_train/data_train/Annotations/VIS/4769.xml,854,2026-08-22 04:52:41.917000,train
data_train/data_train/Annotations/VIS/4770.xml,2462,2026-08-22 04:52:41.922000,train
data_train/data_train/Annotations/VIS/4773.xml,855,2026-08-22 04:52:41.917000,train
data_train/data_train/Annotations/VIS/4776.xml,1079,2026-08-22 04:52:41.930000,train
data_train/data_train/Annotations/VIS/4777.xml,846,2026-08-22 04:52:41.930000,train
data_train/data_train/Annotations/VIS/4778.xml,621,2026-08-22 04:52:41.922000,train
data_train/data_train/Annotations/VIS/4779.xml,848,2026-08-22 04:52:41.959000,train
data_train/data_train/Annotations/VIS/478.xml,619,2026-08-22 04:52:41.922000,train
data_train/data_train/Annotations/VIS/4780.xml,618,2026-08-22 04:52:41.917000,train
data_train/data_train/Annotations/VIS/4781.xml,854,2026-08-22 04:52:41.917000,train
data_train/data_train/Annotations/VIS/4782.xml,1309,2026-08-22 04:52:41.930000,train
data_train/data_train/Annotations/VIS/4783.xml,624,2026-08-22 04:52:41.917000,train
data_train/data_train/Annotations/VIS/4785.xml,2447,2026-08-22 04:52:41.922000,train
data_train/data_train/Annotations/VIS/4786.xml,615,2026-08-22 04:52:41.917000,train
data_train/data_train/Annotations/VIS/4787.xml,842,2026-08-22 04:52:41.922000,train
data_train/data_train/Annotations/VIS/4788.xml,621,2026-08-22 04:52:41.922000,train
data_train/data_train/Annotations/VIS/4789.xml,860,2026-08-22 04:52:41.935000,train
data_train/data_train/Annotations/VIS/4793.xml,850,2026-08-22 04:52:41.930000,train
data_train/data_train/Annotations/VIS/4794.xml,2446,2026-08-22 04:52:41.930000,train
data_train/data_train/Annotations/VIS/4795.xml,2458,2026-08-22 04:52:41.948000,train
data_train/data_train/Annotations/VIS/4796.xml,1080,2026-08-22 04:52:41.953000,train
data_train/data_train/Annotations/VIS/4797.xml,846,2026-08-22 04:52:41.930000,train
data_train/data_train/Annotations/VIS/4798.xml,848,2026-08-22 04:52:41.942000,train
data_train/data_train/Annotations/VIS/4799.xml,1311,2026-08-22 04:52:41.948000,train
data_train/data_train/Annotations/VIS/480.xml,1305,2026-08-22 04:52:41.977000,train
data_train/data_train/Annotations/VIS/4801.xml,1551,2026-08-22 04:52:41.948000,train
data_train/data_train/Annotations/VIS/4802.xml,1967,2026-08-22 04:52:41.942000,train
data_train/data_train/Annotations/VIS/4803.xml,2205,2026-08-22 04:52:41.953000,train
data_train/data_train/Annotations/VIS/4804.xml,1081,2026-08-22 04:52:41.959000,train
data_train/data_train/Annotations/VIS/4806.xml,1976,2026-08-22 04:52:41.953000,train
data_train/data_train/Annotations/VIS/4808.xml,1308,2026-08-22 04:52:41.948000,train
data_train/data_train/Annotations/VIS/4811.xml,1314,2026-08-22 04:52:41.991000,train
data_train/data_train/Annotations/VIS/4813.xml,1315,2026-08-22 04:52:41.959000,train
data_train/data_train/Annotations/VIS/4814.xml,1084,2026-08-22 04:52:41.948000,train
data_train/data_train/Annotations/VIS/4815.xml,840,2026-08-22 04:52:41.948000,train
data_train/data_train/Annotations/VIS/4816.xml,622,2026-08-22 04:52:41.965000,train
data_train/data_train/Annotations/VIS/4818.xml,1728,2026-08-22 04:52:41.959000,train
data_train/data_train/Annotations/VIS/4819.xml,1072,2026-08-22 04:52:41.971000,train
data_train/data_train/Annotations/VIS/482.xml,852,2026-08-22 04:52:41.965000,train
data_train/data_train/Annotations/VIS/4821.xml,1313,2026-08-22 04:52:41.965000,train
data_train/data_train/Annotations/VIS/4823.xml,619,2026-08-22 04:52:41.977000,train
data_train/data_train/Annotations/VIS/4825.xml,619,2026-08-22 04:52:41.977000,train
data_train/data_train/Annotations/VIS/4827.xml,624,2026-08-22 04:52:41.977000,train
data_train/data_train/Annotations/VIS/4828.xml,1084,2026-08-22 04:52:41.991000,train
data_train/data_train/Annotations/VIS/483.xml,614,2026-08-22 04:52:41.984000,train
data_train/data_train/Annotations/VIS/4831.xml,626,2026-08-22 04:52:41.984000,train
data_train/data_train/Annotations/VIS/4833.xml,1083,2026-08-22 04:52:41.984000,train
data_train/data_train/Annotations/VIS/4834.xml,622,2026-08-22 04:52:42.002000,train
data_train/data_train/Annotations/VIS/4836.xml,1308,2026-08-22 04:52:41.991000,train
data_train/data_train/Annotations/VIS/484.xml,1764,2026-08-22 04:52:41.984000,train
data_train/data_train/Annotations/VIS/4840.xml,841,2026-08-22 04:52:41.984000,train
data_train/data_train/Annotations/VIS/4843.xml,1771,2026-08-22 04:52:41.991000,train
data_train/data_train/Annotations/VIS/4844.xml,1775,2026-08-22 04:52:41.996000,train
data_train/data_train/Annotations/VIS/4845.xml,2448,2026-08-22 04:52:41.991000,train
data_train/data_train/Annotations/VIS/4846.xml,1071,2026-08-22 04:52:42.002000,train
data_train/data_train/Annotations/VIS/4849.xml,619,2026-08-22 04:52:41.991000,train
data_train/data_train/Annotations/VIS/485.xml,849,2026-08-22 04:52:41.996000,train
data_train/data_train/Annotations/VIS/4850.xml,1083,2026-08-22 04:52:41.991000,train
data_train/data_train/Annotations/VIS/4851.xml,1084,2026-08-22 04:52:41.991000,train
data_train/data_train/Annotations/VIS/4852.xml,2456,2026-08-22 04:52:41.991000,train
data_train/data_train/Annotations/VIS/4855.xml,857,2026-08-22 04:52:41.991000,train
data_train/data_train/Annotations/VIS/4856.xml,1529,2026-08-22 04:52:42.002000,train
data_train/data_train/Annotations/VIS/4857.xml,1079,2026-08-22 04:52:42.017000,train
data_train/data_train/Annotations/VIS/4858.xml,621,2026-08-22 04:52:42.041000,train
data_train/data_train/Annotations/VIS/486.xml,1309,2026-08-22 04:52:42.002000,train
data_train/data_train/Annotations/VIS/4864.xml,1297,2026-08-22 04:52:42.011000,train
data_train/data_train/Annotations/VIS/4866.xml,2682,2026-08-22 04:52:42.017000,train
data_train/data_train/Annotations/VIS/4868.xml,1092,2026-08-22 04:52:42.017000,train
data_train/data_train/Annotations/VIS/4869.xml,626,2026-08-22 04:52:42.017000,train
data_train/data_train/Annotations/VIS/487.xml,1077,2026-08-22 04:52:42.017000,train
data_train/data_train/Annotations/VIS/4870.xml,1091,2026-08-22 04:52:42.011000,train
data_train/data_train/Annotations/VIS/4873.xml,621,2026-08-22 04:52:42.025000,train
data_train/data_train/Annotations/VIS/4874.xml,1081,2026-08-22 04:52:42.030000,train
data_train/data_train/Annotations/VIS/4875.xml,627,2026-08-22 04:52:42.025000,train
data_train/data_train/Annotations/VIS/4876.xml,1316,2026-08-22 04:52:42.017000,train
data_train/data_train/Annotations/VIS/4877.xml,1545,2026-08-22 04:52:42.025000,train
data_train/data_train/Annotations/VIS/4878.xml,622,2026-08-22 04:52:42.025000,train
data_train/data_train/Annotations/VIS/4879.xml,1310,2026-08-22 04:52:42.041000,train
data_train/data_train/Annotations/VIS/488.xml,839,2026-08-22 04:52:42.017000,train
data_train/data_train/Annotations/VIS/4880.xml,1552,2026-08-22 04:52:42.017000,train
data_train/data_train/Annotations/VIS/4881.xml,1550,2026-08-22 04:52:42.030000,train
data_train/data_train/Annotations/VIS/4882.xml,1083,2026-08-22 04:52:42.017000,train
data_train/data_train/Annotations/VIS/4884.xml,846,2026-08-22 04:52:42.035000,train
data_train/data_train/Annotations/VIS/4885.xml,860,2026-08-22 04:52:42.035000,train
data_train/data_train/Annotations/VIS/4886.xml,1083,2026-08-22 04:52:42.041000,train
data_train/data_train/Annotations/VIS/4887.xml,1081,2026-08-22 04:52:42.071000,train
data_train/data_train/Annotations/VIS/4889.xml,1082,2026-08-22 04:52:42.041000,train
data_train/data_train/Annotations/VIS/4890.xml,1077,2026-08-22 04:52:42.035000,train
data_train/data_train/Annotations/VIS/4891.xml,626,2026-08-22 04:52:42.053000,train
data_train/data_train/Annotations/VIS/4892.xml,1772,2026-08-22 04:52:42.065000,train
data_train/data_train/Annotations/VIS/4893.xml,619,2026-08-22 04:52:42.035000,train
data_train/data_train/Annotations/VIS/4894.xml,844,2026-08-22 04:52:42.071000,train
data_train/data_train/Annotations/VIS/4895.xml,855,2026-08-22 04:52:42.053000,train
data_train/data_train/Annotations/VIS/4896.xml,622,2026-08-22 04:52:42.058000,train
data_train/data_train/Annotations/VIS/4898.xml,2454,2026-08-22 04:52:42.065000,train
data_train/data_train/Annotations/VIS/49.xml,1072,2026-08-22 04:52:42.053000,train
data_train/data_train/Annotations/VIS/490.xml,1313,2026-08-22 04:52:42.053000,train
data_train/data_train/Annotations/VIS/4900.xml,1073,2026-08-22 04:52:42.058000,train
data_train/data_train/Annotations/VIS/4901.xml,850,2026-08-22 04:52:42.053000,train
data_train/data_train/Annotations/VIS/4903.xml,1084,2026-08-22 04:52:42.065000,train
data_train/data_train/Annotations/VIS/4905.xml,851,2026-08-22 04:52:42.058000,train
data_train/data_train/Annotations/VIS/4906.xml,842,2026-08-22 04:52:42.071000,train
data_train/data_train/Annotations/VIS/4909.xml,627,2026-08-22 04:52:42.071000,train
data_train/data_train/Annotations/VIS/491.xml,1077,2026-08-22 04:52:42.097000,train
data_train/data_train/Annotations/VIS/4910.xml,627,2026-08-22 04:52:42.112000,train
data_train/data_train/Annotations/VIS/4913.xml,1074,2026-08-22 04:52:42.083000,train
data_train/data_train/Annotations/VIS/4914.xml,2445,2026-08-22 04:52:42.123000,train
data_train/data_train/Annotations/VIS/4915.xml,620,2026-08-22 04:52:42.076000,train
data_train/data_train/Annotations/VIS/4917.xml,1538,2026-08-22 04:52:42.076000,train
data_train/data_train/Annotations/VIS/4919.xml,1765,2026-08-22 04:52:42.083000,train
data_train/data_train/Annotations/VIS/492.xml,1301,2026-08-22 04:52:42.076000,train
data_train/data_train/Annotations/VIS/4921.xml,850,2026-08-22 04:52:42.105000,train
data_train/data_train/Annotations/VIS/4922.xml,1083,2026-08-22 04:52:42.105000,train
data_train/data_train/Annotations/VIS/4924.xml,1316,2026-08-22 04:52:42.076000,train
data_train/data_train/Annotations/VIS/4926.xml,1078,2026-08-22 04:52:42.123000,train
data_train/data_train/Annotations/VIS/4928.xml,1072,2026-08-22 04:52:42.076000,train
data_train/data_train/Annotations/VIS/4929.xml,848,2026-08-22 04:52:42.076000,train
data_train/data_train/Annotations/VIS/4932.xml,4297,2026-08-22 04:52:42.083000,train
data_train/data_train/Annotations/VIS/4933.xml,1316,2026-08-22 04:52:42.083000,train
data_train/data_train/Annotations/VIS/4934.xml,853,2026-08-22 04:52:42.091000,train
data_train/data_train/Annotations/VIS/4937.xml,1305,2026-08-22 04:52:42.104000,train
data_train/data_train/Annotations/VIS/4938.xml,1083,2026-08-22 04:52:42.097000,train
data_train/data_train/Annotations/VIS/4940.xml,627,2026-08-22 04:52:42.091000,train
data_train/data_train/Annotations/VIS/4941.xml,1066,2026-08-22 04:52:42.091000,train
data_train/data_train/Annotations/VIS/4942.xml,844,2026-08-22 04:52:42.091000,train
data_train/data_train/Annotations/VIS/4944.xml,1534,2026-08-22 04:52:42.097000,train
data_train/data_train/Annotations/VIS/4945.xml,2462,2026-08-22 04:52:42.117000,train
data_train/data_train/Annotations/VIS/4946.xml,620,2026-08-22 04:52:42.104000,train
data_train/data_train/Annotations/VIS/4948.xml,1523,2026-08-22 04:52:42.112000,train
data_train/data_train/Annotations/VIS/495.xml,1091,2026-08-22 04:52:42.105000,train
data_train/data_train/Annotations/VIS/4952.xml,620,2026-08-22 04:52:42.112000,train
data_train/data_train/Annotations/VIS/4954.xml,622,2026-08-22 04:52:42.123000,train
data_train/data_train/Annotations/VIS/4955.xml,621,2026-08-22 04:52:42.105000,train
data_train/data_train/Annotations/VIS/4958.xml,622,2026-08-22 04:52:42.179000,train
data_train/data_train/Annotations/VIS/496.xml,1300,2026-08-22 04:52:42.112000,train
data_train/data_train/Annotations/VIS/4960.xml,1531,2026-08-22 04:52:42.123000,train
data_train/data_train/Annotations/VIS/4961.xml,1750,2026-08-22 04:52:42.105000,train
data_train/data_train/Annotations/VIS/4962.xml,854,2026-08-22 04:52:42.132000,train
data_train/data_train/Annotations/VIS/4965.xml,621,2026-08-22 04:52:42.112000,train
data_train/data_train/Annotations/VIS/4968.xml,624,2026-08-22 04:52:42.117000,train
data_train/data_train/Annotations/VIS/4969.xml,843,2026-08-22 04:52:42.123000,train
data_train/data_train/Annotations/VIS/4970.xml,1547,2026-08-22 04:52:42.123000,train
data_train/data_train/Annotations/VIS/4971.xml,1771,2026-08-22 04:52:42.123000,train
data_train/data_train/Annotations/VIS/4975.xml,2462,2026-08-22 04:52:42.123000,train
data_train/data_train/Annotations/VIS/4976.xml,1080,2026-08-22 04:52:42.185000,train
data_train/data_train/Annotations/VIS/4977.xml,619,2026-08-22 04:52:42.131000,train
data_train/data_train/Annotations/VIS/4979.xml,620,2026-08-22 04:52:42.123000,train
data_train/data_train/Annotations/VIS/498.xml,620,2026-08-22 04:52:42.123000,train
data_train/data_train/Annotations/VIS/4980.xml,1300,2026-08-22 04:52:42.123000,train
data_train/data_train/Annotations/VIS/4981.xml,623,2026-08-22 04:52:42.142000,train
data_train/data_train/Annotations/VIS/4982.xml,620,2026-08-22 04:52:42.131000,train
data_train/data_train/Annotations/VIS/4983.xml,854,2026-08-22 04:52:42.142000,train
data_train/data_train/Annotations/VIS/4984.xml,1084,2026-08-22 04:52:42.142000,train
data_train/data_train/Annotations/VIS/4985.xml,1533,2026-08-22 04:52:42.154000,train
data_train/data_train/Annotations/VIS/4986.xml,1538,2026-08-22 04:52:42.154000,train
data_train/data_train/Annotations/VIS/4988.xml,1532,2026-08-22 04:52:42.154000,train
data_train/data_train/Annotations/VIS/499.xml,1305,2026-08-22 04:52:42.147000,train
data_train/data_train/Annotations/VIS/4990.xml,1547,2026-08-22 04:52:42.154000,train
data_train/data_train/Annotations/VIS/4991.xml,1081,2026-08-22 04:52:42.147000,train
data_train/data_train/Annotations/VIS/4993.xml,3118,2026-08-22 04:52:42.154000,train
data_train/data_train/Annotations/VIS/4994.xml,1316,2026-08-22 04:52:42.213000,train
data_train/data_train/Annotations/VIS/4995.xml,1084,2026-08-22 04:52:42.160000,train
data_train/data_train/Annotations/VIS/4996.xml,1077,2026-08-22 04:52:42.160000,train
data_train/data_train/Annotations/VIS/4997.xml,1316,2026-08-22 04:52:42.168000,train
data_train/data_train/Annotations/VIS/4998.xml,1072,2026-08-22 04:52:42.173000,train
data_train/data_train/Annotations/VIS/4999.xml,620,2026-08-22 04:52:42.179000,train
data_train/data_train/Annotations/VIS/5.xml,1281,2026-08-22 04:52:42.168000,train
data_train/data_train/Annotations/VIS/50.xml,1774,2026-08-22 04:52:42.168000,train
data_train/data_train/Annotations/VIS/500.xml,613,2026-08-22 04:52:42.168000,train
data_train/data_train/Annotations/VIS/501.xml,615,2026-08-22 04:52:42.190000,train
data_train/data_train/Annotations/VIS/502.xml,2458,2026-08-22 04:52:42.168000,train
data_train/data_train/Annotations/VIS/503.xml,2199,2026-08-22 04:52:42.173000,train
data_train/data_train/Annotations/VIS/504.xml,1077,2026-08-22 04:52:42.173000,train
data_train/data_train/Annotations/VIS/506.xml,1536,2026-08-22 04:52:42.190000,train
data_train/data_train/Annotations/VIS/51.xml,843,2026-08-22 04:52:42.185000,train
data_train/data_train/Annotations/VIS/510.xml,842,2026-08-22 04:52:42.173000,train
data_train/data_train/Annotations/VIS/514.xml,1297,2026-08-22 04:52:42.179000,train
data_train/data_train/Annotations/VIS/515.xml,1064,2026-08-22 04:52:42.226000,train
data_train/data_train/Annotations/VIS/516.xml,1091,2026-08-22 04:52:42.185000,train
data_train/data_train/Annotations/VIS/518.xml,852,2026-08-22 04:52:42.179000,train
data_train/data_train/Annotations/VIS/519.xml,1306,2026-08-22 04:52:42.185000,train
data_train/data_train/Annotations/VIS/520.xml,1087,2026-08-22 04:52:42.195000,train
data_train/data_train/Annotations/VIS/521.xml,846,2026-08-22 04:52:42.190000,train
data_train/data_train/Annotations/VIS/523.xml,845,2026-08-22 04:52:42.195000,train
data_train/data_train/Annotations/VIS/527.xml,1078,2026-08-22 04:52:42.195000,train
data_train/data_train/Annotations/VIS/528.xml,624,2026-08-22 04:52:42.201000,train
data_train/data_train/Annotations/VIS/53.xml,1762,2026-08-22 04:52:42.201000,train
data_train/data_train/Annotations/VIS/531.xml,1307,2026-08-22 04:52:42.201000,train
data_train/data_train/Annotations/VIS/532.xml,852,2026-08-22 04:52:42.195000,train
data_train/data_train/Annotations/VIS/533.xml,619,2026-08-22 04:52:42.218000,train
data_train/data_train/Annotations/VIS/535.xml,1286,2026-08-22 04:52:42.207000,train
data_train/data_train/Annotations/VIS/536.xml,1974,2026-08-22 04:52:42.195000,train
data_train/data_train/Annotations/VIS/539.xml,2458,2026-08-22 04:52:42.207000,train
data_train/data_train/Annotations/VIS/54.xml,835,2026-08-22 04:52:42.190000,train
data_train/data_train/Annotations/VIS/543.xml,1293,2026-08-22 04:52:42.213000,train
data_train/data_train/Annotations/VIS/544.xml,1305,2026-08-22 04:52:42.213000,train
data_train/data_train/Annotations/VIS/545.xml,2675,2026-08-22 04:52:42.218000,train
data_train/data_train/Annotations/VIS/549.xml,1310,2026-08-22 04:52:42.226000,train
data_train/data_train/Annotations/VIS/550.xml,1533,2026-08-22 04:52:42.207000,train
data_train/data_train/Annotations/VIS/554.xml,1313,2026-08-22 04:52:42.218000,train
data_train/data_train/Annotations/VIS/556.xml,618,2026-08-22 04:52:42.207000,train
data_train/data_train/Annotations/VIS/558.xml,1294,2026-08-22 04:52:42.218000,train
data_train/data_train/Annotations/VIS/559.xml,3530,2026-08-22 04:52:42.207000,train
data_train/data_train/Annotations/VIS/56.xml,618,2026-08-22 04:52:42.237000,train
data_train/data_train/Annotations/VIS/560.xml,1530,2026-08-22 04:52:42.218000,train
data_train/data_train/Annotations/VIS/561.xml,613,2026-08-22 04:52:42.231000,train
data_train/data_train/Annotations/VIS/565.xml,1091,2026-08-22 04:52:42.218000,train
data_train/data_train/Annotations/VIS/567.xml,619,2026-08-22 04:52:42.218000,train
data_train/data_train/Annotations/VIS/568.xml,620,2026-08-22 04:52:42.213000,train
data_train/data_train/Annotations/VIS/569.xml,1314,2026-08-22 04:52:42.226000,train
data_train/data_train/Annotations/VIS/570.xml,844,2026-08-22 04:52:42.237000,train
data_train/data_train/Annotations/VIS/571.xml,1073,2026-08-22 04:52:42.251000,train
data_train/data_train/Annotations/VIS/572.xml,1082,2026-08-22 04:52:42.633000,train
data_train/data_train/Annotations/VIS/575.xml,1299,2026-08-22 04:52:42.237000,train
data_train/data_train/Annotations/VIS/578.xml,854,2026-08-22 04:52:42.244000,train
data_train/data_train/Annotations/VIS/579.xml,1308,2026-08-22 04:52:42.237000,train
data_train/data_train/Annotations/VIS/580.xml,620,2026-08-22 04:52:42.244000,train
data_train/data_train/Annotations/VIS/582.xml,1074,2026-08-22 04:52:42.251000,train
data_train/data_train/Annotations/VIS/583.xml,1966,2026-08-22 04:52:42.244000,train
data_train/data_train/Annotations/VIS/585.xml,619,2026-08-22 04:52:42.251000,train
data_train/data_train/Annotations/VIS/586.xml,840,2026-08-22 04:52:42.244000,train
data_train/data_train/Annotations/VIS/587.xml,1527,2026-08-22 04:52:42.237000,train
data_train/data_train/Annotations/VIS/588.xml,618,2026-08-22 04:52:42.263000,train
data_train/data_train/Annotations/VIS/589.xml,620,2026-08-22 04:52:42.251000,train
data_train/data_train/Annotations/VIS/59.xml,616,2026-08-22 04:52:42.263000,train
data_train/data_train/Annotations/VIS/590.xml,618,2026-08-22 04:52:42.270000,train
data_train/data_train/Annotations/VIS/592.xml,1547,2026-08-22 04:52:42.251000,train
data_train/data_train/Annotations/VIS/593.xml,620,2026-08-22 04:52:42.263000,train
data_train/data_train/Annotations/VIS/596.xml,848,2026-08-22 04:52:42.263000,train
data_train/data_train/Annotations/VIS/598.xml,1767,2026-08-22 04:52:42.332000,train
data_train/data_train/Annotations/VIS/599.xml,852,2026-08-22 04:52:42.270000,train
data_train/data_train/Annotations/VIS/6.xml,1744,2026-08-22 04:52:42.270000,train
data_train/data_train/Annotations/VIS/600.xml,849,2026-08-22 04:52:42.270000,train
data_train/data_train/Annotations/VIS/601.xml,1287,2026-08-22 04:52:42.270000,train
data_train/data_train/Annotations/VIS/604.xml,1509,2026-08-22 04:52:42.277000,train
data_train/data_train/Annotations/VIS/606.xml,855,2026-08-22 04:52:42.270000,train
data_train/data_train/Annotations/VIS/607.xml,836,2026-08-22 04:52:42.277000,train
data_train/data_train/Annotations/VIS/609.xml,1507,2026-08-22 04:52:42.289000,train
data_train/data_train/Annotations/VIS/610.xml,1300,2026-08-22 04:52:42.282000,train
data_train/data_train/Annotations/VIS/614.xml,2670,2026-08-22 04:52:42.321000,train
data_train/data_train/Annotations/VIS/617.xml,852,2026-08-22 04:52:42.289000,train
data_train/data_train/Annotations/VIS/618.xml,1082,2026-08-22 04:52:42.282000,train
data_train/data_train/Annotations/VIS/623.xml,842,2026-08-22 04:52:42.308000,train
data_train/data_train/Annotations/VIS/624.xml,619,2026-08-22 04:52:42.270000,train
data_train/data_train/Annotations/VIS/625.xml,1534,2026-08-22 04:52:42.326000,train
data_train/data_train/Annotations/VIS/627.xml,1512,2026-08-22 04:52:42.353000,train
data_train/data_train/Annotations/VIS/628.xml,1300,2026-08-22 04:52:42.294000,train
data_train/data_train/Annotations/VIS/629.xml,1299,2026-08-22 04:52:42.282000,train
data_train/data_train/Annotations/VIS/63.xml,1305,2026-08-22 04:52:42.289000,train
data_train/data_train/Annotations/VIS/631.xml,624,2026-08-22 04:52:42.294000,train
data_train/data_train/Annotations/VIS/632.xml,1062,2026-08-22 04:52:42.294000,train
data_train/data_train/Annotations/VIS/635.xml,1082,2026-08-22 04:52:42.294000,train
data_train/data_train/Annotations/VIS/638.xml,852,2026-08-22 04:52:42.301000,train
data_train/data_train/Annotations/VIS/640.xml,1307,2026-08-22 04:52:42.309000,train
data_train/data_train/Annotations/VIS/641.xml,861,2026-08-22 04:52:42.301000,train
data_train/data_train/Annotations/VIS/643.xml,619,2026-08-22 04:52:42.359000,train
data_train/data_train/Annotations/VIS/644.xml,1767,2026-08-22 04:52:42.308000,train
data_train/data_train/Annotations/VIS/645.xml,1079,2026-08-22 04:52:42.301000,train
data_train/data_train/Annotations/VIS/646.xml,850,2026-08-22 04:52:42.315000,train
data_train/data_train/Annotations/VIS/647.xml,618,2026-08-22 04:52:42.309000,train
data_train/data_train/Annotations/VIS/648.xml,844,2026-08-22 04:52:42.315000,train
data_train/data_train/Annotations/VIS/649.xml,1306,2026-08-22 04:52:42.309000,train
data_train/data_train/Annotations/VIS/65.xml,616,2026-08-22 04:52:42.315000,train
data_train/data_train/Annotations/VIS/650.xml,855,2026-08-22 04:52:42.314000,train
data_train/data_train/Annotations/VIS/654.xml,617,2026-08-22 04:52:42.321000,train
data_train/data_train/Annotations/VIS/655.xml,618,2026-08-22 04:52:42.301000,train
data_train/data_train/Annotations/VIS/657.xml,844,2026-08-22 04:52:42.309000,train
data_train/data_train/Annotations/VIS/658.xml,620,2026-08-22 04:52:42.309000,train
data_train/data_train/Annotations/VIS/659.xml,1078,2026-08-22 04:52:42.309000,train
data_train/data_train/Annotations/VIS/660.xml,855,2026-08-22 04:52:42.321000,train
data_train/data_train/Annotations/VIS/662.xml,1768,2026-08-22 04:52:42.353000,train
data_train/data_train/Annotations/VIS/663.xml,1082,2026-08-22 04:52:42.326000,train
data_train/data_train/Annotations/VIS/664.xml,842,2026-08-22 04:52:42.332000,train
data_train/data_train/Annotations/VIS/669.xml,1765,2026-08-22 04:52:42.332000,train
data_train/data_train/Annotations/VIS/67.xml,618,2026-08-22 04:52:42.332000,train
data_train/data_train/Annotations/VIS/670.xml,1525,2026-08-22 04:52:42.338000,train
data_train/data_train/Annotations/VIS/671.xml,625,2026-08-22 04:52:42.321000,train
data_train/data_train/Annotations/VIS/672.xml,615,2026-08-22 04:52:42.332000,train
data_train/data_train/Annotations/VIS/674.xml,1076,2026-08-22 04:52:42.347000,train
data_train/data_train/Annotations/VIS/675.xml,1536,2026-08-22 04:52:42.347000,train
data_train/data_train/Annotations/VIS/678.xml,1776,2026-08-22 04:52:42.347000,train
data_train/data_train/Annotations/VIS/68.xml,1079,2026-08-22 04:52:42.332000,train
data_train/data_train/Annotations/VIS/681.xml,1081,2026-08-22 04:52:42.338000,train
data_train/data_train/Annotations/VIS/684.xml,1529,2026-08-22 04:52:42.338000,train
data_train/data_train/Annotations/VIS/685.xml,1306,2026-08-22 04:52:42.338000,train
data_train/data_train/Annotations/VIS/686.xml,1076,2026-08-22 04:52:42.347000,train
data_train/data_train/Annotations/VIS/687.xml,852,2026-08-22 04:52:42.416000,train
data_train/data_train/Annotations/VIS/688.xml,1064,2026-08-22 04:52:42.389000,train
data_train/data_train/Annotations/VIS/69.xml,620,2026-08-22 04:52:42.359000,train
data_train/data_train/Annotations/VIS/691.xml,1527,2026-08-22 04:52:42.382000,train
data_train/data_train/Annotations/VIS/693.xml,619,2026-08-22 04:52:42.359000,train
data_train/data_train/Annotations/VIS/694.xml,1071,2026-08-22 04:52:42.359000,train
data_train/data_train/Annotations/VIS/695.xml,1082,2026-08-22 04:52:42.359000,train
data_train/data_train/Annotations/VIS/696.xml,2444,2026-08-22 04:52:42.353000,train
data_train/data_train/Annotations/VIS/699.xml,2445,2026-08-22 04:52:42.359000,train
data_train/data_train/Annotations/VIS/7.xml,615,2026-08-22 04:52:42.381000,train
data_train/data_train/Annotations/VIS/70.xml,853,2026-08-22 04:52:42.366000,train
data_train/data_train/Annotations/VIS/701.xml,1311,2026-08-22 04:52:42.366000,train
data_train/data_train/Annotations/VIS/702.xml,1529,2026-08-22 04:52:42.374000,train
data_train/data_train/Annotations/VIS/703.xml,1527,2026-08-22 04:52:42.374000,train
data_train/data_train/Annotations/VIS/704.xml,624,2026-08-22 04:52:42.366000,train
data_train/data_train/Annotations/VIS/705.xml,620,2026-08-22 04:52:42.389000,train
data_train/data_train/Annotations/VIS/707.xml,618,2026-08-22 04:52:42.374000,train
data_train/data_train/Annotations/VIS/708.xml,840,2026-08-22 04:52:42.389000,train
data_train/data_train/Annotations/VIS/71.xml,616,2026-08-22 04:52:42.389000,train
data_train/data_train/Annotations/VIS/711.xml,619,2026-08-22 04:52:42.398000,train
data_train/data_train/Annotations/VIS/712.xml,1975,2026-08-22 04:52:42.374000,train
data_train/data_train/Annotations/VIS/713.xml,616,2026-08-22 04:52:42.382000,train
data_train/data_train/Annotations/VIS/714.xml,617,2026-08-22 04:52:42.398000,train
data_train/data_train/Annotations/VIS/715.xml,851,2026-08-22 04:52:42.410000,train
data_train/data_train/Annotations/VIS/72.xml,1062,2026-08-22 04:52:42.398000,train
data_train/data_train/Annotations/VIS/721.xml,2652,2026-08-22 04:52:42.410000,train
data_train/data_train/Annotations/VIS/725.xml,621,2026-08-22 04:52:42.416000,train
data_train/data_train/Annotations/VIS/726.xml,5691,2026-08-22 04:52:42.398000,train
data_train/data_train/Annotations/VIS/727.xml,1076,2026-08-22 04:52:42.404000,train
data_train/data_train/Annotations/VIS/728.xml,850,2026-08-22 04:52:42.422000,train
data_train/data_train/Annotations/VIS/729.xml,859,2026-08-22 04:52:42.410000,train
data_train/data_train/Annotations/VIS/730.xml,620,2026-08-22 04:52:42.410000,train
data_train/data_train/Annotations/VIS/732.xml,1070,2026-08-22 04:52:42.404000,train
data_train/data_train/Annotations/VIS/733.xml,618,2026-08-22 04:52:42.422000,train
data_train/data_train/Annotations/VIS/734.xml,1546,2026-08-22 04:52:42.410000,train
data_train/data_train/Annotations/VIS/736.xml,1301,2026-08-22 04:52:42.410000,train
data_train/data_train/Annotations/VIS/738.xml,1310,2026-08-22 04:52:42.416000,train
data_train/data_train/Annotations/VIS/74.xml,612,2026-08-22 04:52:42.428000,train
data_train/data_train/Annotations/VIS/740.xml,1082,2026-08-22 04:52:42.410000,train
data_train/data_train/Annotations/VIS/741.xml,1309,2026-08-22 04:52:42.404000,train
data_train/data_train/Annotations/VIS/743.xml,1531,2026-08-22 04:52:42.416000,train
data_train/data_train/Annotations/VIS/747.xml,845,2026-08-22 04:52:42.416000,train
data_train/data_train/Annotations/VIS/749.xml,1776,2026-08-22 04:52:42.428000,train
data_train/data_train/Annotations/VIS/75.xml,838,2026-08-22 04:52:42.459000,train
data_train/data_train/Annotations/VIS/750.xml,2897,2026-08-22 04:52:42.422000,train
data_train/data_train/Annotations/VIS/751.xml,850,2026-08-22 04:52:42.434000,train
data_train/data_train/Annotations/VIS/752.xml,1080,2026-08-22 04:52:42.428000,train
data_train/data_train/Annotations/VIS/754.xml,843,2026-08-22 04:52:42.428000,train
data_train/data_train/Annotations/VIS/755.xml,1070,2026-08-22 04:52:42.445000,train
data_train/data_train/Annotations/VIS/757.xml,1313,2026-08-22 04:52:42.439000,train
data_train/data_train/Annotations/VIS/758.xml,842,2026-08-22 04:52:42.439000,train
data_train/data_train/Annotations/VIS/76.xml,1311,2026-08-22 04:52:42.422000,train
data_train/data_train/Annotations/VIS/760.xml,620,2026-08-22 04:52:42.445000,train
data_train/data_train/Annotations/VIS/762.xml,619,2026-08-22 04:52:42.434000,train
data_train/data_train/Annotations/VIS/763.xml,620,2026-08-22 04:52:42.439000,train
data_train/data_train/Annotations/VIS/765.xml,1313,2026-08-22 04:52:42.434000,train
data_train/data_train/Annotations/VIS/766.xml,620,2026-08-22 04:52:42.445000,train
data_train/data_train/Annotations/VIS/767.xml,1082,2026-08-22 04:52:42.451000,train
data_train/data_train/Annotations/VIS/769.xml,846,2026-08-22 04:52:42.451000,train
data_train/data_train/Annotations/VIS/77.xml,1078,2026-08-22 04:52:42.467000,train
data_train/data_train/Annotations/VIS/771.xml,617,2026-08-22 04:52:42.445000,train
data_train/data_train/Annotations/VIS/772.xml,2460,2026-08-22 04:52:42.445000,train
data_train/data_train/Annotations/VIS/774.xml,1077,2026-08-22 04:52:42.459000,train
data_train/data_train/Annotations/VIS/775.xml,848,2026-08-22 04:52:42.451000,train
data_train/data_train/Annotations/VIS/777.xml,625,2026-08-22 04:52:42.451000,train
data_train/data_train/Annotations/VIS/778.xml,620,2026-08-22 04:52:42.546000,train
data_train/data_train/Annotations/VIS/779.xml,2437,2026-08-22 04:52:42.445000,train
data_train/data_train/Annotations/VIS/78.xml,847,2026-08-22 04:52:42.483000,train
data_train/data_train/Annotations/VIS/781.xml,618,2026-08-22 04:52:42.476000,train
data_train/data_train/Annotations/VIS/784.xml,1082,2026-08-22 04:52:42.467000,train
data_train/data_train/Annotations/VIS/785.xml,839,2026-08-22 04:52:42.451000,train
data_train/data_train/Annotations/VIS/786.xml,620,2026-08-22 04:52:42.467000,train
data_train/data_train/Annotations/VIS/787.xml,619,2026-08-22 04:52:42.467000,train
data_train/data_train/Annotations/VIS/79.xml,1074,2026-08-22 04:52:42.459000,train
data_train/data_train/Annotations/VIS/791.xml,618,2026-08-22 04:52:42.467000,train
data_train/data_train/Annotations/VIS/793.xml,850,2026-08-22 04:52:42.459000,train
data_train/data_train/Annotations/VIS/794.xml,620,2026-08-22 04:52:42.476000,train
data_train/data_train/Annotations/VIS/796.xml,855,2026-08-22 04:52:42.483000,train
data_train/data_train/Annotations/VIS/797.xml,1064,2026-08-22 04:52:42.483000,train
data_train/data_train/Annotations/VIS/798.xml,852,2026-08-22 04:52:42.483000,train
data_train/data_train/Annotations/VIS/8.xml,614,2026-08-22 04:52:42.507000,train
data_train/data_train/Annotations/VIS/801.xml,1304,2026-08-22 04:52:42.483000,train
data_train/data_train/Annotations/VIS/802.xml,2208,2026-08-22 04:52:42.494000,train
data_train/data_train/Annotations/VIS/804.xml,1965,2026-08-22 04:52:42.495000,train
data_train/data_train/Annotations/VIS/807.xml,618,2026-08-22 04:52:42.500000,train
data_train/data_train/Annotations/VIS/809.xml,844,2026-08-22 04:52:42.494000,train
data_train/data_train/Annotations/VIS/81.xml,846,2026-08-22 04:52:42.512000,train
data_train/data_train/Annotations/VIS/811.xml,1524,2026-08-22 04:52:42.507000,train
data_train/data_train/Annotations/VIS/812.xml,1082,2026-08-22 04:52:42.494000,train
data_train/data_train/Annotations/VIS/813.xml,1064,2026-08-22 04:52:42.500000,train
data_train/data_train/Annotations/VIS/815.xml,1302,2026-08-22 04:52:42.512000,train
data_train/data_train/Annotations/VIS/820.xml,620,2026-08-22 04:52:42.507000,train
data_train/data_train/Annotations/VIS/821.xml,4033,2026-08-22 04:52:42.500000,train
data_train/data_train/Annotations/VIS/823.xml,855,2026-08-22 04:52:42.507000,train
data_train/data_train/Annotations/VIS/824.xml,1070,2026-08-22 04:52:42.529000,train
data_train/data_train/Annotations/VIS/825.xml,618,2026-08-22 04:52:42.507000,train
data_train/data_train/Annotations/VIS/826.xml,1065,2026-08-22 04:52:42.524000,train
data_train/data_train/Annotations/VIS/827.xml,1071,2026-08-22 04:52:42.507000,train
data_train/data_train/Annotations/VIS/828.xml,616,2026-08-22 04:52:42.500000,train
data_train/data_train/Annotations/VIS/83.xml,2458,2026-08-22 04:52:42.500000,train
data_train/data_train/Annotations/VIS/831.xml,1071,2026-08-22 04:52:42.507000,train
data_train/data_train/Annotations/VIS/832.xml,1772,2026-08-22 04:52:42.518000,train
data_train/data_train/Annotations/VIS/833.xml,1304,2026-08-22 04:52:42.518000,train
data_train/data_train/Annotations/VIS/834.xml,618,2026-08-22 04:52:42.518000,train
data_train/data_train/Annotations/VIS/835.xml,848,2026-08-22 04:52:42.529000,train
data_train/data_train/Annotations/VIS/836.xml,616,2026-08-22 04:52:42.524000,train
data_train/data_train/Annotations/VIS/837.xml,1312,2026-08-22 04:52:42.507000,train
data_train/data_train/Annotations/VIS/838.xml,1076,2026-08-22 04:52:42.512000,train
data_train/data_train/Annotations/VIS/84.xml,1306,2026-08-22 04:52:42.529000,train
data_train/data_train/Annotations/VIS/841.xml,843,2026-08-22 04:52:42.529000,train
data_train/data_train/Annotations/VIS/842.xml,1079,2026-08-22 04:52:42.540000,train
data_train/data_train/Annotations/VIS/844.xml,1298,2026-08-22 04:52:42.546000,train
data_train/data_train/Annotations/VIS/845.xml,2672,2026-08-22 04:52:42.535000,train
data_train/data_train/Annotations/VIS/848.xml,2442,2026-08-22 04:52:42.524000,train
data_train/data_train/Annotations/VIS/85.xml,1064,2026-08-22 04:52:42.540000,train
data_train/data_train/Annotations/VIS/850.xml,625,2026-08-22 04:52:42.567000,train
data_train/data_train/Annotations/VIS/851.xml,1075,2026-08-22 04:52:42.573000,train
data_train/data_train/Annotations/VIS/856.xml,852,2026-08-22 04:52:42.546000,train
data_train/data_train/Annotations/VIS/86.xml,1301,2026-08-22 04:52:42.546000,train
data_train/data_train/Annotations/VIS/860.xml,2456,2026-08-22 04:52:42.535000,train
data_train/data_train/Annotations/VIS/861.xml,1540,2026-08-22 04:52:42.553000,train
data_train/data_train/Annotations/VIS/862.xml,1074,2026-08-22 04:52:42.546000,train
data_train/data_train/Annotations/VIS/870.xml,619,2026-08-22 04:52:42.540000,train
data_train/data_train/Annotations/VIS/872.xml,2450,2026-08-22 04:52:42.553000,train
data_train/data_train/Annotations/VIS/876.xml,1076,2026-08-22 04:52:42.560000,train
data_train/data_train/Annotations/VIS/877.xml,615,2026-08-22 04:52:42.553000,train
data_train/data_train/Annotations/VIS/879.xml,1074,2026-08-22 04:52:42.546000,train
data_train/data_train/Annotations/VIS/880.xml,1306,2026-08-22 04:52:42.546000,train
data_train/data_train/Annotations/VIS/882.xml,622,2026-08-22 04:52:42.567000,train
data_train/data_train/Annotations/VIS/883.xml,616,2026-08-22 04:52:42.560000,train
data_train/data_train/Annotations/VIS/884.xml,1311,2026-08-22 04:52:42.552000,train
data_train/data_train/Annotations/VIS/885.xml,1082,2026-08-22 04:52:42.567000,train
data_train/data_train/Annotations/VIS/886.xml,622,2026-08-22 04:52:42.560000,train
data_train/data_train/Annotations/VIS/887.xml,858,2026-08-22 04:52:42.567000,train
data_train/data_train/Annotations/VIS/888.xml,625,2026-08-22 04:52:42.560000,train
data_train/data_train/Annotations/VIS/89.xml,1540,2026-08-22 04:52:42.580000,train
data_train/data_train/Annotations/VIS/891.xml,1307,2026-08-22 04:52:42.580000,train
data_train/data_train/Annotations/VIS/892.xml,621,2026-08-22 04:52:42.573000,train
data_train/data_train/Annotations/VIS/894.xml,618,2026-08-22 04:52:42.580000,train
data_train/data_train/Annotations/VIS/897.xml,844,2026-08-22 04:52:42.599000,train
data_train/data_train/Annotations/VIS/898.xml,1519,2026-08-22 04:52:42.585000,train
data_train/data_train/Annotations/VIS/9.xml,1065,2026-08-22 04:52:42.592000,train
data_train/data_train/Annotations/VIS/90.xml,2424,2026-08-22 04:52:42.618000,train
data_train/data_train/Annotations/VIS/900.xml,1755,2026-08-22 04:52:42.592000,train
data_train/data_train/Annotations/VIS/904.xml,1085,2026-08-22 04:52:42.592000,train
data_train/data_train/Annotations/VIS/905.xml,844,2026-08-22 04:52:42.580000,train
data_train/data_train/Annotations/VIS/907.xml,1082,2026-08-22 04:52:42.592000,train
data_train/data_train/Annotations/VIS/908.xml,843,2026-08-22 04:52:42.592000,train
data_train/data_train/Annotations/VIS/909.xml,1065,2026-08-22 04:52:42.662000,train
data_train/data_train/Annotations/VIS/910.xml,844,2026-08-22 04:52:42.592000,train
data_train/data_train/Annotations/VIS/912.xml,1967,2026-08-22 04:52:42.607000,train
data_train/data_train/Annotations/VIS/913.xml,1070,2026-08-22 04:52:42.612000,train
data_train/data_train/Annotations/VIS/915.xml,1077,2026-08-22 04:52:42.650000,train
data_train/data_train/Annotations/VIS/916.xml,623,2026-08-22 04:52:42.639000,train
data_train/data_train/Annotations/VIS/92.xml,1057,2026-08-22 04:52:42.592000,train
data_train/data_train/Annotations/VIS/920.xml,1064,2026-08-22 04:52:42.626000,train
data_train/data_train/Annotations/VIS/923.xml,618,2026-08-22 04:52:42.607000,train
data_train/data_train/Annotations/VIS/924.xml,1314,2026-08-22 04:52:42.607000,train
data_train/data_train/Annotations/VIS/925.xml,620,2026-08-22 04:52:42.618000,train
data_train/data_train/Annotations/VIS/927.xml,858,2026-08-22 04:52:42.612000,train
data_train/data_train/Annotations/VIS/928.xml,840,2026-08-22 04:52:42.612000,train
data_train/data_train/Annotations/VIS/93.xml,1310,2026-08-22 04:52:42.607000,train
data_train/data_train/Annotations/VIS/930.xml,620,2026-08-22 04:52:42.612000,train
data_train/data_train/Annotations/VIS/932.xml,1509,2026-08-22 04:52:42.626000,train
data_train/data_train/Annotations/VIS/933.xml,2673,2026-08-22 04:52:42.612000,train
data_train/data_train/Annotations/VIS/934.xml,840,2026-08-22 04:52:42.626000,train
data_train/data_train/Annotations/VIS/935.xml,620,2026-08-22 04:52:42.612000,train
data_train/data_train/Annotations/VIS/936.xml,1522,2026-08-22 04:52:42.612000,train
data_train/data_train/Annotations/VIS/937.xml,1766,2026-08-22 04:52:42.626000,train
data_train/data_train/Annotations/VIS/939.xml,1749,2026-08-22 04:52:42.639000,train
data_train/data_train/Annotations/VIS/941.xml,2442,2026-08-22 04:52:42.626000,train
data_train/data_train/Annotations/VIS/944.xml,1083,2026-08-22 04:52:42.626000,train
data_train/data_train/Annotations/VIS/945.xml,1077,2026-08-22 04:52:42.626000,train
data_train/data_train/Annotations/VIS/946.xml,1770,2026-08-22 04:52:42.626000,train
data_train/data_train/Annotations/VIS/947.xml,1529,2026-08-22 04:52:42.633000,train
data_train/data_train/Annotations/VIS/949.xml,852,2026-08-22 04:52:42.633000,train
data_train/data_train/Annotations/VIS/950.xml,1076,2026-08-22 04:52:42.626000,train
data_train/data_train/Annotations/VIS/953.xml,840,2026-08-22 04:52:42.656000,train
data_train/data_train/Annotations/VIS/954.xml,5458,2026-08-22 04:52:42.645000,train
data_train/data_train/Annotations/VIS/955.xml,1089,2026-08-22 04:52:42.656000,train
data_train/data_train/Annotations/VIS/957.xml,620,2026-08-22 04:52:42.650000,train
data_train/data_train/Annotations/VIS/959.xml,2898,2026-08-22 04:52:42.645000,train
data_train/data_train/Annotations/VIS/96.xml,2884,2026-08-22 04:52:42.645000,train
data_train/data_train/Annotations/VIS/961.xml,1943,2026-08-22 04:52:42.645000,train
data_train/data_train/Annotations/VIS/962.xml,848,2026-08-22 04:52:42.645000,train
data_train/data_train/Annotations/VIS/963.xml,1079,2026-08-22 04:52:42.656000,train
data_train/data_train/Annotations/VIS/964.xml,1081,2026-08-22 04:52:42.639000,train
data_train/data_train/Annotations/VIS/966.xml,850,2026-08-22 04:52:42.645000,train
data_train/data_train/Annotations/VIS/969.xml,1072,2026-08-22 04:52:42.662000,train
data_train/data_train/Annotations/VIS/97.xml,616,2026-08-22 04:52:42.662000,train
data_train/data_train/Annotations/VIS/970.xml,1081,2026-08-22 04:52:42.650000,train
data_train/data_train/Annotations/VIS/971.xml,1543,2026-08-22 04:52:42.650000,train
data_train/data_train/Annotations/VIS/972.xml,853,2026-08-22 04:52:42.670000,train
data_train/data_train/Annotations/VIS/973.xml,620,2026-08-22 04:52:42.662000,train
data_train/data_train/Annotations/VIS/974.xml,624,2026-08-22 04:52:42.688000,train
data_train/data_train/Annotations/VIS/975.xml,1526,2026-08-22 04:52:42.670000,train
data_train/data_train/Annotations/VIS/979.xml,1527,2026-08-22 04:52:42.679000,train
data_train/data_train/Annotations/VIS/98.xml,1532,2026-08-22 04:52:42.662000,train
data_train/data_train/Annotations/VIS/981.xml,622,2026-08-22 04:52:42.670000,train
data_train/data_train/Annotations/VIS/982.xml,614,2026-08-22 04:52:42.671000,train
data_train/data_train/Annotations/VIS/984.xml,1314,2026-08-22 04:52:42.679000,train
data_train/data_train/Annotations/VIS/985.xml,1076,2026-08-22 04:52:42.662000,train
data_train/data_train/Annotations/VIS/988.xml,1080,2026-08-22 04:52:42.688000,train
data_train/data_train/Annotations/VIS/989.xml,620,2026-08-22 04:52:42.679000,train
data_train/data_train/Annotations/VIS/99.xml,1526,2026-08-22 04:52:42.688000,train
data_train/data_train/Annotations/VIS/990.xml,2460,2026-08-22 04:52:42.688000,train
data_train/data_train/Annotations/VIS/993.xml,620,2026-08-22 04:52:42.697000,train
data_train/data_train/Annotations/VIS/998.xml,1080,2026-08-22 04:52:42.688000,train
data_train/data_train/Annotations/VIS/999.xml,852,2026-08-22 04:52:42.697000,train
data_train/data_train/VIS/10.png,3809151,2026-08-22 04:52:42.993000,train
data_train/data_train/VIS/1000.png,3999380,2026-08-22 04:52:43.350000,train
data_train/data_train/VIS/1001.png,3919810,2026-08-22 04:52:43.105000,train
data_train/data_train/VIS/1002.png,3911346,2026-08-22 04:52:43.179000,train
data_train/data_train/VIS/1003.png,3959531,2026-08-22 04:52:42.855000,train
data_train/data_train/VIS/1004.png,4015513,2026-08-22 04:52:42.818000,train
data_train/data_train/VIS/1008.png,3934552,2026-08-22 04:52:43.186000,train
data_train/data_train/VIS/101.png,3762884,2026-08-22 04:52:43.121000,train
data_train/data_train/VIS/1010.png,3919666,2026-08-22 04:52:43.179000,train
data_train/data_train/VIS/1012.png,4055556,2026-08-22 04:52:43.723000,train
data_train/data_train/VIS/1013.png,3975476,2026-08-22 04:52:43.196000,train
data_train/data_train/VIS/1015.png,4087881,2026-08-22 04:52:42.868000,train
data_train/data_train/VIS/1017.png,3684779,2026-08-22 04:52:42.849000,train
data_train/data_train/VIS/102.png,3601020,2026-08-22 04:52:42.914000,train
data_train/data_train/VIS/1021.png,3546097,2026-08-22 04:52:43.268000,train
data_train/data_train/VIS/1022.png,3898577,2026-08-22 04:52:43.339000,train
data_train/data_train/VIS/1023.png,3628886,2026-08-22 04:52:43.429000,train
data_train/data_train/VIS/1024.png,3799938,2026-08-22 04:52:43.238000,train
data_train/data_train/VIS/1025.png,4103712,2026-08-22 04:52:43.162000,train
data_train/data_train/VIS/1029.png,3943571,2026-08-22 04:52:42.999000,train
data_train/data_train/VIS/1031.png,3896097,2026-08-22 04:52:42.979000,train
data_train/data_train/VIS/1035.png,4103712,2026-08-22 04:52:43.031000,train
data_train/data_train/VIS/1036.png,3878715,2026-08-22 04:52:43.322000,train
data_train/data_train/VIS/1037.png,3801709,2026-08-22 04:52:43.434000,train
data_train/data_train/VIS/104.png,3896058,2026-08-22 04:52:43.422000,train
data_train/data_train/VIS/1041.png,3762837,2026-08-22 04:52:43.385000,train
data_train/data_train/VIS/1043.png,3950935,2026-08-22 04:52:43.277000,train
data_train/data_train/VIS/1045.png,3880077,2026-08-22 04:52:43.263000,train
data_train/data_train/VIS/1047.png,4063326,2026-08-22 04:52:43.186000,train
data_train/data_train/VIS/1051.png,3793966,2026-08-22 04:52:43.196000,train
data_train/data_train/VIS/1052.png,3939607,2026-08-22 04:52:43.371000,train
data_train/data_train/VIS/1053.png,3470212,2026-08-22 04:52:43.268000,train
data_train/data_train/VIS/1057.png,3895921,2026-08-22 04:52:43.277000,train
data_train/data_train/VIS/1058.png,4144737,2026-08-22 04:52:43.313000,train
data_train/data_train/VIS/1060.png,4103712,2026-08-22 04:52:43.408000,train
data_train/data_train/VIS/1061.png,3999020,2026-08-22 04:52:43.397000,train
data_train/data_train/VIS/1062.png,4103712,2026-08-22 04:52:43.356000,train
data_train/data_train/VIS/1063.png,3778255,2026-08-22 04:52:43.391000,train
data_train/data_train/VIS/1064.png,4103712,2026-08-22 04:52:43.385000,train
data_train/data_train/VIS/1066.png,3808522,2026-08-22 04:52:43.408000,train
data_train/data_train/VIS/1068.png,3776354,2026-08-22 04:52:43.469000,train
data_train/data_train/VIS/1070.png,4136533,2026-08-22 04:52:43.573000,train
data_train/data_train/VIS/1072.png,3801457,2026-08-22 04:52:43.772000,train
data_train/data_train/VIS/1074.png,3903773,2026-08-22 04:52:43.682000,train
data_train/data_train/VIS/1075.png,3607419,2026-08-22 04:52:43.552000,train
data_train/data_train/VIS/1076.png,3919705,2026-08-22 04:52:43.675000,train
data_train/data_train/VIS/1077.png,3895341,2026-08-22 04:52:43.604000,train
data_train/data_train/VIS/108.png,3951116,2026-08-22 04:52:43.492000,train
data_train/data_train/VIS/1080.png,3637163,2026-08-22 04:52:43.573000,train
data_train/data_train/VIS/1082.png,3652874,2026-08-22 04:52:43.524000,train
data_train/data_train/VIS/1084.png,3888109,2026-08-22 04:52:43.655000,train
data_train/data_train/VIS/1088.png,3943558,2026-08-22 04:52:43.675000,train
data_train/data_train/VIS/1089.png,4047010,2026-08-22 04:52:43.552000,train
data_train/data_train/VIS/1090.png,4055606,2026-08-22 04:52:43.729000,train
data_train/data_train/VIS/1091.png,3785245,2026-08-22 04:52:43.706000,train
data_train/data_train/VIS/1092.png,3747308,2026-08-22 04:52:43.669000,train
data_train/data_train/VIS/1094.png,3693715,2026-08-22 04:52:43.604000,train
data_train/data_train/VIS/1097.png,4062682,2026-08-22 04:52:43.682000,train
data_train/data_train/VIS/1099.png,4103712,2026-08-22 04:52:43.744000,train
data_train/data_train/VIS/11.png,3662057,2026-08-22 04:52:44.131000,train
data_train/data_train/VIS/110.png,3991054,2026-08-22 04:52:43.739000,train
data_train/data_train/VIS/1101.png,4096127,2026-08-22 04:52:43.729000,train
data_train/data_train/VIS/1102.png,4079975,2026-08-22 04:52:43.806000,train
data_train/data_train/VIS/1104.png,4079791,2026-08-22 04:52:43.800000,train
data_train/data_train/VIS/1105.png,3959407,2026-08-22 04:52:44.004000,train
data_train/data_train/VIS/1107.png,4014857,2026-08-22 04:52:43.800000,train
data_train/data_train/VIS/1108.png,4015491,2026-08-22 04:52:44.044000,train
data_train/data_train/VIS/1109.png,3809341,2026-08-22 04:52:43.772000,train
data_train/data_train/VIS/111.png,4015163,2026-08-22 04:52:43.905000,train
data_train/data_train/VIS/1111.png,3895661,2026-08-22 04:52:43.863000,train
data_train/data_train/VIS/1112.png,3450237,2026-08-22 04:52:43.792000,train
data_train/data_train/VIS/1114.png,3880042,2026-08-22 04:52:43.928000,train
data_train/data_train/VIS/1115.png,3935406,2026-08-22 04:52:44.084000,train
data_train/data_train/VIS/1116.png,3809371,2026-08-22 04:52:43.842000,train
data_train/data_train/VIS/1118.png,4062682,2026-08-22 04:52:43.850000,train
data_train/data_train/VIS/1119.png,3864440,2026-08-22 04:52:43.812000,train
data_train/data_train/VIS/1120.png,3939607,2026-08-22 04:52:43.850000,train
data_train/data_train/VIS/1121.png,3880265,2026-08-22 04:52:44.095000,train
data_train/data_train/VIS/1125.png,3840472,2026-08-22 04:52:43.928000,train
data_train/data_train/VIS/1126.png,3919810,2026-08-22 04:52:44.044000,train
data_train/data_train/VIS/1128.png,3886121,2026-08-22 04:52:44.024000,train
data_train/data_train/VIS/1129.png,3926941,2026-08-22 04:52:44.004000,train
data_train/data_train/VIS/113.png,3886789,2026-08-22 04:52:44.038000,train
data_train/data_train/VIS/1130.png,4128494,2026-08-22 04:52:44.095000,train
data_train/data_train/VIS/1131.png,3815883,2026-08-22 04:52:44.016000,train
data_train/data_train/VIS/1132.png,3990236,2026-08-22 04:52:44.063000,train
data_train/data_train/VIS/1136.png,3911370,2026-08-22 04:52:44.063000,train
data_train/data_train/VIS/1137.png,4144737,2026-08-22 04:52:44.147000,train
data_train/data_train/VIS/1140.png,3310184,2026-08-22 04:52:44.084000,train
data_train/data_train/VIS/1141.png,4047616,2026-08-22 04:52:44.125000,train
data_train/data_train/VIS/1142.png,3998376,2026-08-22 04:52:44.174000,train
data_train/data_train/VIS/1143.png,3855528,2026-08-22 04:52:44.345000,train
data_train/data_train/VIS/1145.png,3990744,2026-08-22 04:52:44.174000,train
data_train/data_train/VIS/1146.png,3856024,2026-08-22 04:52:44.141000,train
data_train/data_train/VIS/1147.png,3925840,2026-08-22 04:52:44.118000,train
data_train/data_train/VIS/1149.png,3880225,2026-08-22 04:52:44.147000,train
data_train/data_train/VIS/115.png,3217815,2026-08-22 04:52:44.161000,train
data_train/data_train/VIS/1154.png,4007469,2026-08-22 04:52:44.250000,train
data_train/data_train/VIS/1158.png,4071831,2026-08-22 04:52:44.236000,train
data_train/data_train/VIS/1159.png,3825265,2026-08-22 04:52:44.167000,train
data_train/data_train/VIS/1160.png,3903353,2026-08-22 04:52:44.141000,train
data_train/data_train/VIS/1162.png,3958737,2026-08-22 04:52:44.360000,train
data_train/data_train/VIS/1164.png,3973221,2026-08-22 04:52:44.395000,train
data_train/data_train/VIS/1165.png,4103712,2026-08-22 04:52:44.401000,train
data_train/data_train/VIS/1166.png,3935406,2026-08-22 04:52:44.553000,train
data_train/data_train/VIS/1167.png,3592547,2026-08-22 04:52:44.264000,train
data_train/data_train/VIS/1168.png,3457636,2026-08-22 04:52:44.595000,train
data_train/data_train/VIS/1169.png,3808993,2026-08-22 04:52:44.517000,train
data_train/data_train/VIS/1170.png,3832366,2026-08-22 04:52:44.345000,train
data_train/data_train/VIS/1173.png,4047465,2026-08-22 04:52:44.475000,train
data_train/data_train/VIS/1176.png,3966041,2026-08-22 04:52:44.345000,train
data_train/data_train/VIS/1181.png,3975222,2026-08-22 04:52:44.395000,train
data_train/data_train/VIS/1183.png,3925840,2026-08-22 04:52:44.528000,train
data_train/data_train/VIS/1185.png,4144682,2026-08-22 04:52:44.589000,train
data_train/data_train/VIS/1187.png,3942663,2026-08-22 04:52:44.436000,train
data_train/data_train/VIS/1188.png,3903973,2026-08-22 04:52:44.581000,train
data_train/data_train/VIS/119.png,4103712,2026-08-22 04:52:44.609000,train
data_train/data_train/VIS/1190.png,3927726,2026-08-22 04:52:44.538000,train
data_train/data_train/VIS/1192.png,3990150,2026-08-22 04:52:44.626000,train
data_train/data_train/VIS/1194.png,3848578,2026-08-22 04:52:44.564000,train
data_train/data_train/VIS/1195.png,4054478,2026-08-22 04:52:44.619000,train
data_train/data_train/VIS/1196.png,3636295,2026-08-22 04:52:44.595000,train
data_train/data_train/VIS/1197.png,4055346,2026-08-22 04:52:44.511000,train
data_train/data_train/VIS/1198.png,4023181,2026-08-22 04:52:44.528000,train
data_train/data_train/VIS/1199.png,3639514,2026-08-22 04:52:44.589000,train
data_train/data_train/VIS/12.png,3793882,2026-08-22 04:52:44.575000,train
data_train/data_train/VIS/1202.png,3939607,2026-08-22 04:52:44.614000,train
data_train/data_train/VIS/1204.png,4006434,2026-08-22 04:52:44.636000,train
data_train/data_train/VIS/1205.png,4144737,2026-08-22 04:52:44.701000,train
data_train/data_train/VIS/1206.png,3967419,2026-08-22 04:52:44.728000,train
data_train/data_train/VIS/1208.png,4095908,2026-08-22 04:52:44.783000,train
data_train/data_train/VIS/1209.png,4063271,2026-08-22 04:52:44.827000,train
data_train/data_train/VIS/121.png,3851138,2026-08-22 04:52:44.879000,train
data_train/data_train/VIS/1210.png,3754558,2026-08-22 04:52:44.906000,train
data_train/data_train/VIS/1213.png,4015468,2026-08-22 04:52:44.968000,train
data_train/data_train/VIS/1215.png,3887299,2026-08-22 04:52:44.996000,train
data_train/data_train/VIS/1217.png,4103712,2026-08-22 04:52:45.019000,train
data_train/data_train/VIS/1219.png,4087634,2026-08-22 04:52:45.108000,train
data_train/data_train/VIS/1220.png,3685031,2026-08-22 04:52:45.129000,train
data_train/data_train/VIS/1221.png,3919166,2026-08-22 04:52:45.137000,train
data_train/data_train/VIS/1222.png,3975431,2026-08-22 04:52:45.192000,train
data_train/data_train/VIS/1227.png,3872356,2026-08-22 04:52:45.254000,train
data_train/data_train/VIS/1228.png,3911646,2026-08-22 04:52:45.254000,train
data_train/data_train/VIS/1229.png,3785979,2026-08-22 04:52:45.265000,train
data_train/data_train/VIS/123.png,4023388,2026-08-22 04:52:45.327000,train
data_train/data_train/VIS/1231.png,3999160,2026-08-22 04:52:45.355000,train
data_train/data_train/VIS/1232.png,4015213,2026-08-22 04:52:45.377000,train
data_train/data_train/VIS/1235.png,3646076,2026-08-22 04:52:45.377000,train
data_train/data_train/VIS/1236.png,3967059,2026-08-22 04:52:45.455000,train
data_train/data_train/VIS/1238.png,4079925,2026-08-22 04:52:45.486000,train
data_train/data_train/VIS/1239.png,3784658,2026-08-22 04:52:45.522000,train
data_train/data_train/VIS/1240.png,4047694,2026-08-22 04:52:45.607000,train
data_train/data_train/VIS/1242.png,2629499,2026-08-22 04:52:45.573000,train
data_train/data_train/VIS/1243.png,4128494,2026-08-22 04:52:45.634000,train
data_train/data_train/VIS/1244.png,3864440,2026-08-22 04:52:45.647000,train
data_train/data_train/VIS/1246.png,3872356,2026-08-22 04:52:45.666000,train
data_train/data_train/VIS/1247.png,3935642,2026-08-22 04:52:45.700000,train
data_train/data_train/VIS/1249.png,3540102,2026-08-22 04:52:45.734000,train
data_train/data_train/VIS/125.png,3707480,2026-08-22 04:52:45.758000,train
data_train/data_train/VIS/1251.png,3939607,2026-08-22 04:52:45.818000,train
data_train/data_train/VIS/1252.png,4071335,2026-08-22 04:52:45.829000,train
data_train/data_train/VIS/1257.png,3903353,2026-08-22 04:52:45.848000,train
data_train/data_train/VIS/1259.png,4071335,2026-08-22 04:52:45.905000,train
data_train/data_train/VIS/126.png,3927359,2026-08-22 04:52:45.933000,train
data_train/data_train/VIS/1260.png,3793936,2026-08-22 04:52:45.997000,train
data_train/data_train/VIS/1261.png,4071335,2026-08-22 04:52:46.034000,train
data_train/data_train/VIS/1262.png,4023512,2026-08-22 04:52:46.110000,train
data_train/data_train/VIS/1263.png,4144737,2026-08-22 04:52:46.122000,train
data_train/data_train/VIS/1264.png,3863263,2026-08-22 04:52:46.179000,train
data_train/data_train/VIS/1265.png,4054986,2026-08-22 04:52:46.218000,train
data_train/data_train/VIS/1266.png,3943067,2026-08-22 04:52:46.253000,train
data_train/data_train/VIS/1268.png,3966891,2026-08-22 04:52:46.288000,train
data_train/data_train/VIS/127.png,3941996,2026-08-22 04:52:46.315000,train
data_train/data_train/VIS/1270.png,4038642,2026-08-22 04:52:46.374000,train
data_train/data_train/VIS/1271.png,3895938,2026-08-22 04:52:46.397000,train
data_train/data_train/VIS/1272.png,3898577,2026-08-22 04:52:46.397000,train
data_train/data_train/VIS/1274.png,4193966,2026-08-22 04:52:46.487000,train
data_train/data_train/VIS/1276.png,3571241,2026-08-22 04:52:46.487000,train
data_train/data_train/VIS/1277.png,4031401,2026-08-22 04:52:46.523000,train
data_train/data_train/VIS/1279.png,3769921,2026-08-22 04:52:46.553000,train
data_train/data_train/VIS/1282.png,4063618,2026-08-22 04:52:46.609000,train
data_train/data_train/VIS/1283.png,3871904,2026-08-22 04:52:46.732000,train
data_train/data_train/VIS/1286.png,4103712,2026-08-22 04:52:46.687000,train
data_train/data_train/VIS/1287.png,3926476,2026-08-22 04:52:46.745000,train
data_train/data_train/VIS/1292.png,4039540,2026-08-22 04:52:46.763000,train
data_train/data_train/VIS/1294.png,3901832,2026-08-22 04:52:46.773000,train
data_train/data_train/VIS/1295.png,4047544,2026-08-22 04:52:46.938000,train
data_train/data_train/VIS/1297.png,3894197,2026-08-22 04:52:46.970000,train
data_train/data_train/VIS/1298.png,4007529,2026-08-22 04:52:47.008000,train
data_train/data_train/VIS/1299.png,3863288,2026-08-22 04:52:47.056000,train
data_train/data_train/VIS/13.png,3872201,2026-08-22 04:52:47.081000,train
data_train/data_train/VIS/1305.png,3943067,2026-08-22 04:52:47.097000,train
data_train/data_train/VIS/1306.png,3983008,2026-08-22 04:52:47.149000,train
data_train/data_train/VIS/1308.png,4071335,2026-08-22 04:52:47.161000,train
data_train/data_train/VIS/131.png,3692765,2026-08-22 04:52:47.171000,train
data_train/data_train/VIS/1311.png,3919705,2026-08-22 04:52:47.206000,train
data_train/data_train/VIS/1313.png,4079820,2026-08-22 04:52:47.268000,train
data_train/data_train/VIS/1314.png,3975272,2026-08-22 04:52:47.296000,train
data_train/data_train/VIS/1316.png,3871751,2026-08-22 04:52:47.332000,train
data_train/data_train/VIS/1320.png,3975476,2026-08-22 04:52:47.378000,train
data_train/data_train/VIS/1321.png,4079975,2026-08-22 04:52:47.429000,train
data_train/data_train/VIS/1324.png,3817239,2026-08-22 04:52:47.459000,train
data_train/data_train/VIS/1325.png,4144737,2026-08-22 04:52:47.510000,train
data_train/data_train/VIS/1329.png,3911370,2026-08-22 04:52:47.541000,train
data_train/data_train/VIS/133.png,3783155,2026-08-22 04:52:47.587000,train
data_train/data_train/VIS/1330.png,3975272,2026-08-22 04:52:47.595000,train
data_train/data_train/VIS/1331.png,4062682,2026-08-22 04:52:47.640000,train
data_train/data_train/VIS/1334.png,3943067,2026-08-22 04:52:47.663000,train
data_train/data_train/VIS/1335.png,3975431,2026-08-22 04:52:47.705000,train
data_train/data_train/VIS/1337.png,4103712,2026-08-22 04:52:47.761000,train
data_train/data_train/VIS/1338.png,3942581,2026-08-22 04:52:47.783000,train
data_train/data_train/VIS/134.png,3864440,2026-08-22 04:52:47.839000,train
data_train/data_train/VIS/1340.png,3614078,2026-08-22 04:52:47.850000,train
data_train/data_train/VIS/1341.png,3871751,2026-08-22 04:52:47.897000,train
data_train/data_train/VIS/1344.png,4023141,2026-08-22 04:52:47.922000,train
data_train/data_train/VIS/1345.png,3328804,2026-08-22 04:52:47.984000,train
data_train/data_train/VIS/1347.png,4063818,2026-08-22 04:52:48.004000,train
data_train/data_train/VIS/1348.png,4015441,2026-08-22 04:52:48.042000,train
data_train/data_train/VIS/135.png,4039331,2026-08-22 04:52:48.078000,train
data_train/data_train/VIS/1351.png,3822407,2026-08-22 04:52:48.095000,train
data_train/data_train/VIS/1353.png,3919347,2026-08-22 04:52:48.142000,train
data_train/data_train/VIS/1354.png,3951591,2026-08-22 04:52:48.164000,train
data_train/data_train/VIS/1355.png,3967059,2026-08-22 04:52:48.233000,train
data_train/data_train/VIS/1356.png,3731222,2026-08-22 04:52:48.250000,train
data_train/data_train/VIS/1357.png,4015491,2026-08-22 04:52:48.340000,train
data_train/data_train/VIS/1358.png,3832976,2026-08-22 04:52:48.340000,train
data_train/data_train/VIS/1360.png,3898577,2026-08-22 04:52:48.363000,train
data_train/data_train/VIS/1362.png,4087299,2026-08-22 04:52:48.430000,train
data_train/data_train/VIS/1363.png,3999380,2026-08-22 04:52:48.469000,train
data_train/data_train/VIS/1368.png,4007215,2026-08-22 04:52:48.504000,train
data_train/data_train/VIS/1369.png,3755121,2026-08-22 04:52:48.585000,train
data_train/data_train/VIS/1370.png,3943362,2026-08-22 04:52:48.614000,train
data_train/data_train/VIS/1371.png,4120437,2026-08-22 04:52:48.614000,train
data_train/data_train/VIS/1372.png,3547762,2026-08-22 04:52:48.658000,train
data_train/data_train/VIS/1374.png,4103712,2026-08-22 04:52:48.711000,train
data_train/data_train/VIS/1376.png,3895921,2026-08-22 04:52:48.820000,train
data_train/data_train/VIS/1378.png,3940563,2026-08-22 04:52:48.807000,train
data_train/data_train/VIS/1379.png,3816939,2026-08-22 04:52:48.833000,train
data_train/data_train/VIS/1381.png,3754153,2026-08-22 04:52:48.879000,train
data_train/data_train/VIS/1383.png,3747308,2026-08-22 04:52:48.902000,train
data_train/data_train/VIS/1385.png,3747195,2026-08-22 04:52:48.967000,train
data_train/data_train/VIS/1386.png,3975431,2026-08-22 04:52:48.979000,train
data_train/data_train/VIS/139.png,3990236,2026-08-22 04:52:49.045000,train
data_train/data_train/VIS/1390.png,3991364,2026-08-22 04:52:49.045000,train
data_train/data_train/VIS/1391.png,3769413,2026-08-22 04:52:49.095000,train
data_train/data_train/VIS/1394.png,4031601,2026-08-22 04:52:49.151000,train
data_train/data_train/VIS/1396.png,3878020,2026-08-22 04:52:49.201000,train
data_train/data_train/VIS/1398.png,3991460,2026-08-22 04:52:49.247000,train
data_train/data_train/VIS/1403.png,3194252,2026-08-22 04:52:49.266000,train
data_train/data_train/VIS/1405.png,3762444,2026-08-22 04:52:49.316000,train
data_train/data_train/VIS/1406.png,3950739,2026-08-22 04:52:49.345000,train
data_train/data_train/VIS/1408.png,4103712,2026-08-22 04:52:49.406000,train
data_train/data_train/VIS/141.png,3919522,2026-08-22 04:52:49.446000,train
data_train/data_train/VIS/1413.png,3951395,2026-08-22 04:52:49.487000,train
data_train/data_train/VIS/1414.png,4007236,2026-08-22 04:52:49.530000,train
data_train/data_train/VIS/1415.png,3778454,2026-08-22 04:52:49.557000,train
data_train/data_train/VIS/1417.png,4055573,2026-08-22 04:52:49.614000,train
data_train/data_train/VIS/1419.png,3863252,2026-08-22 04:52:49.691000,train
data_train/data_train/VIS/142.png,3693383,2026-08-22 04:52:49.677000,train
data_train/data_train/VIS/1420.png,3670282,2026-08-22 04:52:49.697000,train
data_train/data_train/VIS/1421.png,3830451,2026-08-22 04:52:49.767000,train
data_train/data_train/VIS/1422.png,2417108,2026-08-22 04:52:49.735000,train
data_train/data_train/VIS/1425.png,3911670,2026-08-22 04:52:49.780000,train
data_train/data_train/VIS/1427.png,3895721,2026-08-22 04:52:49.834000,train
data_train/data_train/VIS/143.png,3956907,2026-08-22 04:52:49.887000,train
data_train/data_train/VIS/1430.png,4006925,2026-08-22 04:52:49.905000,train
data_train/data_train/VIS/1432.png,4071651,2026-08-22 04:52:49.958000,train
data_train/data_train/VIS/1434.png,4144737,2026-08-22 04:52:50.017000,train
data_train/data_train/VIS/1435.png,3624232,2026-08-22 04:52:50.075000,train
data_train/data_train/VIS/1436.png,3816875,2026-08-22 04:52:50.072000,train
data_train/data_train/VIS/1437.png,3778424,2026-08-22 04:52:50.116000,train
data_train/data_train/VIS/1439.png,3464204,2026-08-22 04:52:50.146000,train
data_train/data_train/VIS/144.png,3692795,2026-08-22 04:52:50.179000,train
data_train/data_train/VIS/1440.png,3770296,2026-08-22 04:52:50.230000,train
data_train/data_train/VIS/1442.png,3983292,2026-08-22 04:52:50.247000,train
data_train/data_train/VIS/1443.png,3581860,2026-08-22 04:52:50.300000,train
data_train/data_train/VIS/1444.png,4063326,2026-08-22 04:52:50.321000,train
data_train/data_train/VIS/1445.png,4128544,2026-08-22 04:52:50.367000,train
data_train/data_train/VIS/1446.png,3662670,2026-08-22 04:52:50.408000,train
data_train/data_train/VIS/1447.png,3895311,2026-08-22 04:52:50.460000,train
data_train/data_train/VIS/1448.png,4144737,2026-08-22 04:52:50.492000,train
data_train/data_train/VIS/1450.png,3911625,2026-08-22 04:52:50.545000,train
data_train/data_train/VIS/1451.png,3975423,2026-08-22 04:52:50.576000,train
data_train/data_train/VIS/1452.png,3786210,2026-08-22 04:52:50.583000,train
data_train/data_train/VIS/1455.png,3731036,2026-08-22 04:52:50.621000,train
data_train/data_train/VIS/1459.png,4202180,2026-08-22 04:52:50.690000,train
data_train/data_train/VIS/146.png,4079095,2026-08-22 04:52:50.773000,train
data_train/data_train/VIS/1460.png,3911335,2026-08-22 04:52:50.756000,train
data_train/data_train/VIS/1461.png,3731883,2026-08-22 04:52:50.853000,train
data_train/data_train/VIS/1462.png,3904013,2026-08-22 04:52:50.907000,train
data_train/data_train/VIS/1464.png,3863263,2026-08-22 04:52:50.884000,train
data_train/data_train/VIS/1465.png,3898577,2026-08-22 04:52:50.912000,train
data_train/data_train/VIS/1467.png,3918940,2026-08-22 04:52:50.957000,train
data_train/data_train/VIS/1468.png,3840047,2026-08-22 04:52:50.985000,train
data_train/data_train/VIS/147.png,3879737,2026-08-22 04:52:50.995000,train
data_train/data_train/VIS/1472.png,3933216,2026-08-22 04:52:51.043000,train
data_train/data_train/VIS/1475.png,3911646,2026-08-22 04:52:51.093000,train
data_train/data_train/VIS/1476.png,4087881,2026-08-22 04:52:51.116000,train
data_train/data_train/VIS/1477.png,3739498,2026-08-22 04:52:51.153000,train
data_train/data_train/VIS/1478.png,3122532,2026-08-22 04:52:51.174000,train
data_train/data_train/VIS/148.png,3832366,2026-08-22 04:52:51.234000,train
data_train/data_train/VIS/1482.png,4144737,2026-08-22 04:52:51.228000,train
data_train/data_train/VIS/1483.png,3242094,2026-08-22 04:52:51.277000,train
data_train/data_train/VIS/1484.png,4136726,2026-08-22 04:52:51.309000,train
data_train/data_train/VIS/1486.png,4120492,2026-08-22 04:52:51.321000,train
data_train/data_train/VIS/1487.png,3973921,2026-08-22 04:52:51.357000,train
data_train/data_train/VIS/1488.png,3856673,2026-08-22 04:52:51.413000,train
data_train/data_train/VIS/1489.png,3870255,2026-08-22 04:52:51.459000,train
data_train/data_train/VIS/1490.png,3999160,2026-08-22 04:52:51.483000,train
data_train/data_train/VIS/1492.png,3832993,2026-08-22 04:52:51.505000,train
data_train/data_train/VIS/1494.png,3706780,2026-08-22 04:52:51.552000,train
data_train/data_train/VIS/1496.png,3840912,2026-08-22 04:52:51.599000,train
data_train/data_train/VIS/1497.png,3991336,2026-08-22 04:52:51.663000,train
data_train/data_train/VIS/15.png,3692765,2026-08-22 04:52:51.708000,train
data_train/data_train/VIS/150.png,3999431,2026-08-22 04:52:51.743000,train
data_train/data_train/VIS/1501.png,3918637,2026-08-22 04:52:51.808000,train
data_train/data_train/VIS/1503.png,3927594,2026-08-22 04:52:51.807000,train
data_train/data_train/VIS/1504.png,3676664,2026-08-22 04:52:51.853000,train
data_train/data_train/VIS/1506.png,4103712,2026-08-22 04:52:51.895000,train
data_train/data_train/VIS/1507.png,3951116,2026-08-22 04:52:51.916000,train
data_train/data_train/VIS/1508.png,3807502,2026-08-22 04:52:51.927000,train
data_train/data_train/VIS/151.png,4039582,2026-08-22 04:52:51.968000,train
data_train/data_train/VIS/1511.png,3974932,2026-08-22 04:52:51.973000,train
data_train/data_train/VIS/1512.png,3864529,2026-08-22 04:52:52.014000,train
data_train/data_train/VIS/1513.png,3935028,2026-08-22 04:52:52.022000,train
data_train/data_train/VIS/1514.png,4104161,2026-08-22 04:52:52.078000,train
data_train/data_train/VIS/1515.png,3967419,2026-08-22 04:52:52.104000,train
data_train/data_train/VIS/1517.png,3967306,2026-08-22 04:52:52.145000,train
data_train/data_train/VIS/1519.png,3885689,2026-08-22 04:52:52.169000,train
data_train/data_train/VIS/1522.png,3896097,2026-08-22 04:52:52.217000,train
data_train/data_train/VIS/1523.png,4103712,2026-08-22 04:52:52.222000,train
data_train/data_train/VIS/1525.png,4120437,2026-08-22 04:52:52.293000,train
data_train/data_train/VIS/1526.png,3847818,2026-08-22 04:52:52.347000,train
data_train/data_train/VIS/1527.png,3817225,2026-08-22 04:52:52.348000,train
data_train/data_train/VIS/1529.png,4079820,2026-08-22 04:52:52.406000,train
data_train/data_train/VIS/1530.png,4031351,2026-08-22 04:52:52.433000,train
data_train/data_train/VIS/1531.png,3601370,2026-08-22 04:52:52.499000,train
data_train/data_train/VIS/1532.png,3164393,2026-08-22 04:52:52.458000,train
data_train/data_train/VIS/1534.png,3887836,2026-08-22 04:52:52.506000,train
data_train/data_train/VIS/1535.png,3801457,2026-08-22 04:52:52.538000,train
data_train/data_train/VIS/1536.png,3825188,2026-08-22 04:52:52.588000,train
data_train/data_train/VIS/1537.png,3783155,2026-08-22 04:52:52.609000,train
data_train/data_train/VIS/1538.png,4144737,2026-08-22 04:52:52.657000,train
data_train/data_train/VIS/1539.png,3692795,2026-08-22 04:52:52.648000,train
data_train/data_train/VIS/154.png,4144737,2026-08-22 04:52:52.707000,train
data_train/data_train/VIS/1541.png,4161145,2026-08-22 04:52:52.756000,train
data_train/data_train/VIS/1542.png,3950885,2026-08-22 04:52:52.791000,train
data_train/data_train/VIS/1545.png,3666895,2026-08-22 04:52:52.803000,train
data_train/data_train/VIS/1546.png,4202180,2026-08-22 04:52:52.860000,train
data_train/data_train/VIS/1547.png,3918682,2026-08-22 04:52:52.870000,train
data_train/data_train/VIS/1548.png,4031464,2026-08-22 04:52:52.932000,train
data_train/data_train/VIS/155.png,3910926,2026-08-22 04:52:52.970000,train
data_train/data_train/VIS/1550.png,3419983,2026-08-22 04:52:52.994000,train
data_train/data_train/VIS/1555.png,3840087,2026-08-22 04:52:53.025000,train
data_train/data_train/VIS/1556.png,4071776,2026-08-22 04:52:53.055000,train
data_train/data_train/VIS/1557.png,3784698,2026-08-22 04:52:53.092000,train
data_train/data_train/VIS/1559.png,3659471,2026-08-22 04:52:53.119000,train
data_train/data_train/VIS/156.png,3925870,2026-08-22 04:52:53.148000,train
data_train/data_train/VIS/1560.png,4014857,2026-08-22 04:52:53.172000,train
data_train/data_train/VIS/1562.png,4128586,2026-08-22 04:52:53.324000,train
data_train/data_train/VIS/1563.png,3449652,2026-08-22 04:52:53.224000,train
data_train/data_train/VIS/1564.png,4128544,2026-08-22 04:52:53.263000,train
data_train/data_train/VIS/1565.png,3980632,2026-08-22 04:52:53.315000,train
data_train/data_train/VIS/1568.png,3855528,2026-08-22 04:52:53.354000,train
data_train/data_train/VIS/157.png,4055366,2026-08-22 04:52:53.378000,train
data_train/data_train/VIS/1570.png,3904013,2026-08-22 04:52:53.400000,train
data_train/data_train/VIS/1577.png,3966589,2026-08-22 04:52:53.485000,train
data_train/data_train/VIS/1578.png,4079820,2026-08-22 04:52:53.488000,train
data_train/data_train/VIS/1579.png,4023512,2026-08-22 04:52:53.493000,train
data_train/data_train/VIS/158.png,3359805,2026-08-22 04:52:53.533000,train
data_train/data_train/VIS/1580.png,4055697,2026-08-22 04:52:53.591000,train
data_train/data_train/VIS/1581.png,4103712,2026-08-22 04:52:53.604000,train
data_train/data_train/VIS/1582.png,3967419,2026-08-22 04:52:53.664000,train
data_train/data_train/VIS/1583.png,3840314,2026-08-22 04:52:53.688000,train
data_train/data_train/VIS/1585.png,4006965,2026-08-22 04:52:53.715000,train
data_train/data_train/VIS/1586.png,3646536,2026-08-22 04:52:53.750000,train
data_train/data_train/VIS/1588.png,3872356,2026-08-22 04:52:53.784000,train
data_train/data_train/VIS/159.png,4136721,2026-08-22 04:52:53.829000,train
data_train/data_train/VIS/1590.png,3903353,2026-08-22 04:52:53.836000,train
data_train/data_train/VIS/1591.png,3882646,2026-08-22 04:52:53.883000,train
data_train/data_train/VIS/1592.png,3848753,2026-08-22 04:52:53.894000,train
data_train/data_train/VIS/1595.png,3880077,2026-08-22 04:52:53.969000,train
data_train/data_train/VIS/1596.png,3863766,2026-08-22 04:52:53.974000,train
data_train/data_train/VIS/1597.png,3919705,2026-08-22 04:52:54.012000,train
data_train/data_train/VIS/1599.png,4120437,2026-08-22 04:52:54.046000,train
data_train/data_train/VIS/160.png,4055573,2026-08-22 04:52:54.122000,train
data_train/data_train/VIS/1601.png,3958780,2026-08-22 04:52:54.117000,train
data_train/data_train/VIS/1604.png,3911646,2026-08-22 04:52:54.224000,train
data_train/data_train/VIS/1605.png,3779776,2026-08-22 04:52:54.171000,train
data_train/data_train/VIS/1606.png,3339512,2026-08-22 04:52:54.181000,train
data_train/data_train/VIS/1607.png,3958737,2026-08-22 04:52:54.223000,train
data_train/data_train/VIS/1608.png,3856673,2026-08-22 04:52:54.271000,train
data_train/data_train/VIS/1609.png,4023433,2026-08-22 04:52:54.314000,train
data_train/data_train/VIS/1613.png,4144737,2026-08-22 04:52:54.344000,train
data_train/data_train/VIS/1614.png,3983443,2026-08-22 04:52:54.352000,train
data_train/data_train/VIS/1617.png,4023433,2026-08-22 04:52:54.466000,train
data_train/data_train/VIS/1619.png,3616809,2026-08-22 04:52:54.421000,train
data_train/data_train/VIS/162.png,4103712,2026-08-22 04:52:54.490000,train
data_train/data_train/VIS/1621.png,4007461,2026-08-22 04:52:54.510000,train
data_train/data_train/VIS/1623.png,3770266,2026-08-22 04:52:54.549000,train
data_train/data_train/VIS/1625.png,4079462,2026-08-22 04:52:54.663000,train
data_train/data_train/VIS/1626.png,3747359,2026-08-22 04:52:54.624000,train
data_train/data_train/VIS/1628.png,3871300,2026-08-22 04:52:54.687000,train
data_train/data_train/VIS/1629.png,3919666,2026-08-22 04:52:54.694000,train
data_train/data_train/VIS/163.png,3983008,2026-08-22 04:52:54.734000,train
data_train/data_train/VIS/1630.png,3919631,2026-08-22 04:52:54.830000,train
data_train/data_train/VIS/1631.png,4023371,2026-08-22 04:52:54.814000,train
data_train/data_train/VIS/1634.png,3895921,2026-08-22 04:52:54.900000,train
data_train/data_train/VIS/1635.png,3215072,2026-08-22 04:52:55.001000,train
data_train/data_train/VIS/1636.png,3942663,2026-08-22 04:52:54.929000,train
data_train/data_train/VIS/1639.png,3848816,2026-08-22 04:52:55.014000,train
data_train/data_train/VIS/164.png,3989565,2026-08-22 04:52:54.970000,train
data_train/data_train/VIS/1641.png,3825265,2026-08-22 04:52:54.991000,train
data_train/data_train/VIS/1642.png,3597888,2026-08-22 04:52:55.045000,train
data_train/data_train/VIS/1644.png,3722557,2026-08-22 04:52:55.062000,train
data_train/data_train/VIS/1646.png,4128494,2026-08-22 04:52:55.103000,train
data_train/data_train/VIS/1648.png,4071335,2026-08-22 04:52:55.147000,train
data_train/data_train/VIS/1649.png,4144737,2026-08-22 04:52:55.169000,train
data_train/data_train/VIS/165.png,3959531,2026-08-22 04:52:55.194000,train
data_train/data_train/VIS/1652.png,4103712,2026-08-22 04:52:55.237000,train
data_train/data_train/VIS/1653.png,3612150,2026-08-22 04:52:55.256000,train
data_train/data_train/VIS/1657.png,3669137,2026-08-22 04:52:55.254000,train
data_train/data_train/VIS/166.png,3888146,2026-08-22 04:52:55.318000,train
data_train/data_train/VIS/1660.png,3669847,2026-08-22 04:52:55.336000,train
data_train/data_train/VIS/1661.png,3911670,2026-08-22 04:52:55.424000,train
data_train/data_train/VIS/1663.png,3991104,2026-08-22 04:52:55.418000,train
data_train/data_train/VIS/1664.png,3864440,2026-08-22 04:52:55.454000,train
data_train/data_train/VIS/1665.png,4047594,2026-08-22 04:52:55.512000,train
data_train/data_train/VIS/1668.png,3662381,2026-08-22 04:52:55.537000,train
data_train/data_train/VIS/1670.png,3911826,2026-08-22 04:52:55.603000,train
data_train/data_train/VIS/1671.png,3770266,2026-08-22 04:52:55.610000,train
data_train/data_train/VIS/1672.png,3872372,2026-08-22 04:52:55.636000,train
data_train/data_train/VIS/1674.png,3832993,2026-08-22 04:52:55.707000,train
data_train/data_train/VIS/1675.png,3864440,2026-08-22 04:52:55.718000,train
data_train/data_train/VIS/1679.png,3825188,2026-08-22 04:52:55.762000,train
data_train/data_train/VIS/168.png,3877947,2026-08-22 04:52:55.828000,train
data_train/data_train/VIS/1680.png,3935371,2026-08-22 04:52:55.819000,train
data_train/data_train/VIS/1681.png,3817503,2026-08-22 04:52:55.878000,train
data_train/data_train/VIS/1682.png,3927394,2026-08-22 04:52:55.881000,train
data_train/data_train/VIS/1685.png,4054478,2026-08-22 04:52:55.921000,train
data_train/data_train/VIS/1687.png,3872413,2026-08-22 04:52:55.938000,train
data_train/data_train/VIS/1689.png,2753562,2026-08-22 04:52:55.946000,train
data_train/data_train/VIS/1691.png,4062682,2026-08-22 04:52:56.042000,train
data_train/data_train/VIS/1694.png,4022761,2026-08-22 04:52:56.037000,train
data_train/data_train/VIS/1695.png,4039540,2026-08-22 04:52:56.084000,train
data_train/data_train/VIS/1696.png,4128494,2026-08-22 04:52:56.133000,train
data_train/data_train/VIS/1697.png,4087299,2026-08-22 04:52:56.130000,train
data_train/data_train/VIS/1698.png,3958780,2026-08-22 04:52:56.207000,train
data_train/data_train/VIS/1699.png,4007424,2026-08-22 04:52:56.224000,train
data_train/data_train/VIS/17.png,3999467,2026-08-22 04:52:56.280000,train
data_train/data_train/VIS/170.png,3809591,2026-08-22 04:52:56.286000,train
data_train/data_train/VIS/1700.png,3853308,2026-08-22 04:52:56.321000,train
data_train/data_train/VIS/1703.png,3983292,2026-08-22 04:52:56.345000,train
data_train/data_train/VIS/1704.png,3982782,2026-08-22 04:52:56.418000,train
data_train/data_train/VIS/1705.png,3943083,2026-08-22 04:52:56.428000,train
data_train/data_train/VIS/1707.png,3983332,2026-08-22 04:52:56.465000,train
data_train/data_train/VIS/1708.png,4007236,2026-08-22 04:52:56.564000,train
data_train/data_train/VIS/171.png,4136726,2026-08-22 04:52:56.531000,train
data_train/data_train/VIS/1711.png,3911646,2026-08-22 04:52:56.577000,train
data_train/data_train/VIS/1712.png,4079095,2026-08-22 04:52:56.613000,train
data_train/data_train/VIS/1714.png,4120441,2026-08-22 04:52:56.654000,train
data_train/data_train/VIS/1717.png,4063158,2026-08-22 04:52:56.686000,train
data_train/data_train/VIS/172.png,3839227,2026-08-22 04:52:56.704000,train
data_train/data_train/VIS/1720.png,3896097,2026-08-22 04:52:56.761000,train
data_train/data_train/VIS/1725.png,3958307,2026-08-22 04:52:56.794000,train
data_train/data_train/VIS/1728.png,3880077,2026-08-22 04:52:56.827000,train
data_train/data_train/VIS/173.png,4128586,2026-08-22 04:52:56.850000,train
data_train/data_train/VIS/1731.png,3991376,2026-08-22 04:52:56.881000,train
data_train/data_train/VIS/1733.png,3832323,2026-08-22 04:52:56.904000,train
data_train/data_train/VIS/1738.png,3801102,2026-08-22 04:52:56.952000,train
data_train/data_train/VIS/1739.png,4062682,2026-08-22 04:52:56.978000,train
data_train/data_train/VIS/1741.png,3935473,2026-08-22 04:52:57.029000,train
data_train/data_train/VIS/1742.png,4063732,2026-08-22 04:52:57.056000,train
data_train/data_train/VIS/1744.png,3234253,2026-08-22 04:52:57.075000,train
data_train/data_train/VIS/1745.png,4103712,2026-08-22 04:52:57.140000,train
data_train/data_train/VIS/1747.png,3903353,2026-08-22 04:52:57.179000,train
data_train/data_train/VIS/1748.png,3455320,2026-08-22 04:52:57.298000,train
data_train/data_train/VIS/1749.png,4136533,2026-08-22 04:52:57.217000,train
data_train/data_train/VIS/1753.png,4007424,2026-08-22 04:52:57.211000,train
data_train/data_train/VIS/1754.png,3880225,2026-08-22 04:52:57.261000,train
data_train/data_train/VIS/1755.png,3845716,2026-08-22 04:52:57.277000,train
data_train/data_train/VIS/1756.png,3919822,2026-08-22 04:52:57.391000,train
data_train/data_train/VIS/1757.png,4063818,2026-08-22 04:52:57.418000,train
data_train/data_train/VIS/1758.png,3751977,2026-08-22 04:52:57.413000,train
data_train/data_train/VIS/1759.png,3911826,2026-08-22 04:52:57.462000,train
data_train/data_train/VIS/176.png,3864410,2026-08-22 04:52:57.487000,train
data_train/data_train/VIS/1760.png,4071335,2026-08-22 04:52:57.494000,train
data_train/data_train/VIS/1761.png,3943067,2026-08-22 04:52:57.542000,train
data_train/data_train/VIS/1763.png,4014616,2026-08-22 04:52:57.548000,train
data_train/data_train/VIS/1765.png,3903481,2026-08-22 04:52:57.610000,train
data_train/data_train/VIS/1766.png,4103712,2026-08-22 04:52:57.632000,train
data_train/data_train/VIS/1768.png,3871776,2026-08-22 04:52:57.687000,train
data_train/data_train/VIS/177.png,3720044,2026-08-22 04:52:57.706000,train
data_train/data_train/VIS/1770.png,3999312,2026-08-22 04:52:57.746000,train
data_train/data_train/VIS/1774.png,4023388,2026-08-22 04:52:57.763000,train
data_train/data_train/VIS/1776.png,3951474,2026-08-22 04:52:57.794000,train
data_train/data_train/VIS/1777.png,3824418,2026-08-22 04:52:57.821000,train
data_train/data_train/VIS/178.png,4202180,2026-08-22 04:52:57.866000,train
data_train/data_train/VIS/1781.png,3785655,2026-08-22 04:52:57.916000,train
data_train/data_train/VIS/1784.png,3980632,2026-08-22 04:52:57.943000,train
data_train/data_train/VIS/1785.png,3864529,2026-08-22 04:52:57.966000,train
data_train/data_train/VIS/1787.png,3864188,2026-08-22 04:52:57.989000,train
data_train/data_train/VIS/1788.png,2600493,2026-08-22 04:52:57.999000,train
data_train/data_train/VIS/1789.png,3911934,2026-08-22 04:52:58.042000,train
data_train/data_train/VIS/179.png,3634158,2026-08-22 04:52:58.055000,train
data_train/data_train/VIS/1790.png,3983471,2026-08-22 04:52:58.098000,train
data_train/data_train/VIS/1792.png,3980632,2026-08-22 04:52:58.143000,train
data_train/data_train/VIS/1793.png,3911834,2026-08-22 04:52:58.169000,train
data_train/data_train/VIS/1794.png,3943033,2026-08-22 04:52:58.217000,train
data_train/data_train/VIS/1795.png,4120441,2026-08-22 04:52:58.268000,train
data_train/data_train/VIS/1797.png,3991460,2026-08-22 04:52:58.276000,train
data_train/data_train/VIS/1799.png,3959390,2026-08-22 04:52:58.294000,train
data_train/data_train/VIS/1800.png,4063271,2026-08-22 04:52:58.325000,train
data_train/data_train/VIS/1806.png,4095503,2026-08-22 04:52:58.385000,train
data_train/data_train/VIS/1807.png,3721884,2026-08-22 04:52:58.408000,train
data_train/data_train/VIS/1808.png,3616705,2026-08-22 04:52:58.406000,train
data_train/data_train/VIS/181.png,3927730,2026-08-22 04:52:58.459000,train
data_train/data_train/VIS/1813.png,3911686,2026-08-22 04:52:58.480000,train
data_train/data_train/VIS/1814.png,4007484,2026-08-22 04:52:58.550000,train
data_train/data_train/VIS/1818.png,3785689,2026-08-22 04:52:58.545000,train
data_train/data_train/VIS/1819.png,3825109,2026-08-22 04:52:58.580000,train
data_train/data_train/VIS/182.png,4144737,2026-08-22 04:52:58.617000,train
data_train/data_train/VIS/1820.png,3951291,2026-08-22 04:52:58.672000,train
data_train/data_train/VIS/1822.png,3888069,2026-08-22 04:52:58.719000,train
data_train/data_train/VIS/1823.png,4128600,2026-08-22 04:52:58.769000,train
data_train/data_train/VIS/1825.png,3832366,2026-08-22 04:52:58.811000,train
data_train/data_train/VIS/1829.png,3848268,2026-08-22 04:52:58.786000,train
data_train/data_train/VIS/1830.png,4088005,2026-08-22 04:52:58.859000,train
data_train/data_train/VIS/1831.png,4071635,2026-08-22 04:52:58.880000,train
data_train/data_train/VIS/1832.png,3974948,2026-08-22 04:52:58.929000,train
data_train/data_train/VIS/1833.png,3793598,2026-08-22 04:52:58.952000,train
data_train/data_train/VIS/1834.png,4144737,2026-08-22 04:52:58.984000,train
data_train/data_train/VIS/1835.png,3998812,2026-08-22 04:52:59.035000,train
data_train/data_train/VIS/1836.png,3872356,2026-08-22 04:52:59.069000,train
data_train/data_train/VIS/1837.png,3784698,2026-08-22 04:52:59.119000,train
data_train/data_train/VIS/184.png,3435664,2026-08-22 04:52:59.124000,train
data_train/data_train/VIS/1840.png,3958307,2026-08-22 04:52:59.178000,train
data_train/data_train/VIS/1841.png,3864440,2026-08-22 04:52:59.200000,train
data_train/data_train/VIS/1842.png,4079592,2026-08-22 04:52:59.222000,train
data_train/data_train/VIS/1843.png,3777963,2026-08-22 04:52:59.242000,train
data_train/data_train/VIS/1844.png,3872372,2026-08-22 04:52:59.324000,train
data_train/data_train/VIS/1847.png,4079875,2026-08-22 04:52:59.375000,train
data_train/data_train/VIS/1848.png,4023557,2026-08-22 04:52:59.373000,train
data_train/data_train/VIS/185.png,4006886,2026-08-22 04:52:59.413000,train
data_train/data_train/VIS/1852.png,3880325,2026-08-22 04:52:59.457000,train
data_train/data_train/VIS/1853.png,3370189,2026-08-22 04:52:59.471000,train
data_train/data_train/VIS/1855.png,3872356,2026-08-22 04:52:59.529000,train
data_train/data_train/VIS/1856.png,4079095,2026-08-22 04:52:59.563000,train
data_train/data_train/VIS/1857.png,3723944,2026-08-22 04:52:59.581000,train
data_train/data_train/VIS/1858.png,4088051,2026-08-22 04:52:59.611000,train
data_train/data_train/VIS/1859.png,4153006,2026-08-22 04:52:59.647000,train
data_train/data_train/VIS/1861.png,4103712,2026-08-22 04:52:59.670000,train
data_train/data_train/VIS/1862.png,3983443,2026-08-22 04:52:59.744000,train
data_train/data_train/VIS/1866.png,3501731,2026-08-22 04:52:59.730000,train
data_train/data_train/VIS/1869.png,3778148,2026-08-22 04:52:59.770000,train
data_train/data_train/VIS/187.png,4015541,2026-08-22 04:52:59.805000,train
data_train/data_train/VIS/1871.png,3998600,2026-08-22 04:52:59.859000,train
data_train/data_train/VIS/1872.png,4015441,2026-08-22 04:52:59.891000,train
data_train/data_train/VIS/1875.png,4152941,2026-08-22 04:52:59.926000,train
data_train/data_train/VIS/1876.png,3864440,2026-08-22 04:52:59.975000,train
data_train/data_train/VIS/1878.png,3943107,2026-08-22 04:53:00.020000,train
data_train/data_train/VIS/1879.png,3707480,2026-08-22 04:53:00.012000,train
data_train/data_train/VIS/1880.png,3888025,2026-08-22 04:53:00.047000,train
data_train/data_train/VIS/1882.png,3919477,2026-08-22 04:53:00.089000,train
data_train/data_train/VIS/1884.png,4015513,2026-08-22 04:53:00.127000,train
data_train/data_train/VIS/1885.png,4023433,2026-08-22 04:53:00.175000,train
data_train/data_train/VIS/1888.png,3943571,2026-08-22 04:53:00.174000,train
data_train/data_train/VIS/1889.png,4079791,2026-08-22 04:53:00.249000,train
data_train/data_train/VIS/189.png,3495265,2026-08-22 04:53:00.237000,train
data_train/data_train/VIS/1890.png,3812328,2026-08-22 04:53:00.297000,train
data_train/data_train/VIS/1891.png,3903353,2026-08-22 04:53:00.306000,train
data_train/data_train/VIS/1894.png,4071335,2026-08-22 04:53:00.342000,train
data_train/data_train/VIS/1895.png,3887329,2026-08-22 04:53:00.398000,train
data_train/data_train/VIS/1896.png,4144737,2026-08-22 04:53:00.449000,train
data_train/data_train/VIS/1897.png,3840344,2026-08-22 04:53:00.437000,train
data_train/data_train/VIS/1898.png,4177558,2026-08-22 04:53:00.501000,train
data_train/data_train/VIS/1900.png,4095503,2026-08-22 04:53:00.521000,train
data_train/data_train/VIS/1901.png,3870931,2026-08-22 04:53:00.579000,train
data_train/data_train/VIS/1902.png,3102444,2026-08-22 04:53:00.578000,train
data_train/data_train/VIS/1903.png,4087864,2026-08-22 04:53:00.622000,train
data_train/data_train/VIS/1904.png,4079462,2026-08-22 04:53:00.672000,train
data_train/data_train/VIS/1905.png,3777963,2026-08-22 04:53:00.720000,train
data_train/data_train/VIS/1907.png,3959531,2026-08-22 04:53:00.749000,train
data_train/data_train/VIS/1909.png,3895921,2026-08-22 04:53:00.781000,train
data_train/data_train/VIS/191.png,4071651,2026-08-22 04:53:00.847000,train
data_train/data_train/VIS/1910.png,3864440,2026-08-22 04:53:00.866000,train
data_train/data_train/VIS/1913.png,3786218,2026-08-22 04:53:00.911000,train
data_train/data_train/VIS/1914.png,4047644,2026-08-22 04:53:00.935000,train
data_train/data_train/VIS/1915.png,3951395,2026-08-22 04:53:00.975000,train
data_train/data_train/VIS/1916.png,4087881,2026-08-22 04:53:01.034000,train
data_train/data_train/VIS/1918.png,4047010,2026-08-22 04:53:01.083000,train
data_train/data_train/VIS/192.png,3794066,2026-08-22 04:53:01.083000,train
data_train/data_train/VIS/1920.png,4079875,2026-08-22 04:53:01.165000,train
data_train/data_train/VIS/1923.png,4128586,2026-08-22 04:53:01.193000,train
data_train/data_train/VIS/1927.png,3872124,2026-08-22 04:53:01.240000,train
data_train/data_train/VIS/1929.png,3903353,2026-08-22 04:53:01.257000,train
data_train/data_train/VIS/193.png,4047644,2026-08-22 04:53:01.286000,train
data_train/data_train/VIS/1932.png,3951151,2026-08-22 04:53:01.349000,train
data_train/data_train/VIS/1934.png,4031244,2026-08-22 04:53:01.390000,train
data_train/data_train/VIS/1935.png,3586433,2026-08-22 04:53:01.388000,train
data_train/data_train/VIS/1937.png,3983516,2026-08-22 04:53:01.436000,train
data_train/data_train/VIS/1938.png,3754153,2026-08-22 04:53:01.492000,train
data_train/data_train/VIS/1939.png,4038642,2026-08-22 04:53:01.495000,train
data_train/data_train/VIS/1940.png,3870671,2026-08-22 04:53:01.560000,train
data_train/data_train/VIS/1941.png,3951519,2026-08-22 04:53:01.598000,train
data_train/data_train/VIS/1943.png,4039582,2026-08-22 04:53:01.615000,train
data_train/data_train/VIS/1944.png,4128586,2026-08-22 04:53:01.663000,train
data_train/data_train/VIS/1945.png,4087276,2026-08-22 04:53:01.690000,train
data_train/data_train/VIS/1946.png,4103712,2026-08-22 04:53:01.721000,train
data_train/data_train/VIS/1947.png,3926979,2026-08-22 04:53:01.780000,train
data_train/data_train/VIS/1948.png,3925840,2026-08-22 04:53:01.807000,train
data_train/data_train/VIS/1949.png,4063818,2026-08-22 04:53:01.827000,train
data_train/data_train/VIS/195.png,3975288,2026-08-22 04:53:01.893000,train
data_train/data_train/VIS/1951.png,3967511,2026-08-22 04:53:01.980000,train
data_train/data_train/VIS/1953.png,3911301,2026-08-22 04:53:01.929000,train
data_train/data_train/VIS/1956.png,4079095,2026-08-22 04:53:01.961000,train
data_train/data_train/VIS/1958.png,3951151,2026-08-22 04:53:02.025000,train
data_train/data_train/VIS/196.png,4030689,2026-08-22 04:53:02.026000,train
data_train/data_train/VIS/1960.png,2374356,2026-08-22 04:53:02.056000,train
data_train/data_train/VIS/1962.png,3724127,2026-08-22 04:53:02.107000,train
data_train/data_train/VIS/1963.png,3723594,2026-08-22 04:53:02.126000,train
data_train/data_train/VIS/1965.png,3700722,2026-08-22 04:53:02.182000,train
data_train/data_train/VIS/1966.png,4047616,2026-08-22 04:53:02.215000,train
data_train/data_train/VIS/1968.png,3806334,2026-08-22 04:53:02.259000,train
data_train/data_train/VIS/1969.png,4144838,2026-08-22 04:53:02.290000,train
data_train/data_train/VIS/197.png,4031464,2026-08-22 04:53:02.357000,train
data_train/data_train/VIS/1970.png,3815923,2026-08-22 04:53:02.377000,train
data_train/data_train/VIS/1971.png,4079095,2026-08-22 04:53:02.537000,train
data_train/data_train/VIS/1974.png,4103712,2026-08-22 04:53:02.462000,train
data_train/data_train/VIS/1975.png,3552537,2026-08-22 04:53:02.461000,train
data_train/data_train/VIS/1976.png,3336195,2026-08-22 04:53:02.506000,train
data_train/data_train/VIS/1977.png,4144737,2026-08-22 04:53:02.543000,train
data_train/data_train/VIS/1978.png,3880285,2026-08-22 04:53:02.568000,train
data_train/data_train/VIS/1979.png,3769543,2026-08-22 04:53:02.603000,train
data_train/data_train/VIS/198.png,3808993,2026-08-22 04:53:02.656000,train
data_train/data_train/VIS/1983.png,3880225,2026-08-22 04:53:02.674000,train
data_train/data_train/VIS/1986.png,4103712,2026-08-22 04:53:02.734000,train
data_train/data_train/VIS/1988.png,4144737,2026-08-22 04:53:02.744000,train
data_train/data_train/VIS/1989.png,3872413,2026-08-22 04:53:02.787000,train
data_train/data_train/VIS/199.png,3975431,2026-08-22 04:53:02.815000,train
data_train/data_train/VIS/1991.png,3967351,2026-08-22 04:53:02.890000,train
data_train/data_train/VIS/1992.png,4079462,2026-08-22 04:53:02.882000,train
data_train/data_train/VIS/1995.png,4103712,2026-08-22 04:53:02.972000,train
data_train/data_train/VIS/1997.png,3896097,2026-08-22 04:53:02.971000,train
data_train/data_train/VIS/1999.png,4136721,2026-08-22 04:53:02.987000,train
data_train/data_train/VIS/2000.png,3785979,2026-08-22 04:53:03.039000,train
data_train/data_train/VIS/2002.png,4015357,2026-08-22 04:53:03.122000,train
data_train/data_train/VIS/2004.png,4047694,2026-08-22 04:53:03.137000,train
data_train/data_train/VIS/2006.png,3770531,2026-08-22 04:53:03.142000,train
data_train/data_train/VIS/2007.png,3755096,2026-08-22 04:53:03.176000,train
data_train/data_train/VIS/2008.png,4023388,2026-08-22 04:53:03.248000,train
data_train/data_train/VIS/2009.png,3731883,2026-08-22 04:53:03.275000,train
data_train/data_train/VIS/201.png,4104012,2026-08-22 04:53:03.321000,train
data_train/data_train/VIS/2010.png,3896097,2026-08-22 04:53:03.358000,train
data_train/data_train/VIS/2013.png,4063461,2026-08-22 04:53:03.393000,train
data_train/data_train/VIS/2016.png,3939607,2026-08-22 04:53:03.472000,train
data_train/data_train/VIS/2017.png,3754617,2026-08-22 04:53:03.459000,train
data_train/data_train/VIS/2019.png,3832976,2026-08-22 04:53:03.508000,train
data_train/data_train/VIS/202.png,4096163,2026-08-22 04:53:03.586000,train
data_train/data_train/VIS/2021.png,2816808,2026-08-22 04:53:03.535000,train
data_train/data_train/VIS/2022.png,3825223,2026-08-22 04:53:03.606000,train
data_train/data_train/VIS/2023.png,3864440,2026-08-22 04:53:03.629000,train
data_train/data_train/VIS/2026.png,3967014,2026-08-22 04:53:03.673000,train
data_train/data_train/VIS/2028.png,3762469,2026-08-22 04:53:03.702000,train
data_train/data_train/VIS/203.png,4103712,2026-08-22 04:53:03.751000,train
data_train/data_train/VIS/2031.png,4023508,2026-08-22 04:53:03.780000,train
data_train/data_train/VIS/2032.png,3693358,2026-08-22 04:53:03.828000,train
data_train/data_train/VIS/2033.png,3785689,2026-08-22 04:53:03.851000,train
data_train/data_train/VIS/2038.png,3817413,2026-08-22 04:53:03.853000,train
data_train/data_train/VIS/2039.png,4054478,2026-08-22 04:53:03.918000,train
data_train/data_train/VIS/2040.png,3951151,2026-08-22 04:53:03.939000,train
data_train/data_train/VIS/2041.png,3872356,2026-08-22 04:53:03.989000,train
data_train/data_train/VIS/2044.png,3999312,2026-08-22 04:53:04.037000,train
data_train/data_train/VIS/2045.png,3647321,2026-08-22 04:53:04.027000,train
data_train/data_train/VIS/2046.png,4063773,2026-08-22 04:53:04.086000,train
data_train/data_train/VIS/2047.png,3840472,2026-08-22 04:53:04.165000,train
data_train/data_train/VIS/2048.png,3864440,2026-08-22 04:53:04.168000,train
data_train/data_train/VIS/205.png,3879317,2026-08-22 04:53:04.198000,train
data_train/data_train/VIS/2052.png,3552537,2026-08-22 04:53:04.217000,train
data_train/data_train/VIS/2054.png,4063681,2026-08-22 04:53:04.283000,train
data_train/data_train/VIS/2058.png,3838002,2026-08-22 04:53:04.290000,train
data_train/data_train/VIS/2059.png,3887711,2026-08-22 04:53:04.379000,train
data_train/data_train/VIS/2063.png,3700891,2026-08-22 04:53:04.404000,train
data_train/data_train/VIS/2064.png,3911670,2026-08-22 04:53:04.397000,train
data_train/data_train/VIS/2065.png,3895938,2026-08-22 04:53:04.481000,train
data_train/data_train/VIS/2068.png,4047694,2026-08-22 04:53:04.467000,train
data_train/data_train/VIS/207.png,4055366,2026-08-22 04:53:04.498000,train
data_train/data_train/VIS/2070.png,3716156,2026-08-22 04:53:04.515000,train
data_train/data_train/VIS/2071.png,3959160,2026-08-22 04:53:04.554000,train
data_train/data_train/VIS/2072.png,3778148,2026-08-22 04:53:04.607000,train
data_train/data_train/VIS/2074.png,3895686,2026-08-22 04:53:04.646000,train
data_train/data_train/VIS/2075.png,4030689,2026-08-22 04:53:04.699000,train
data_train/data_train/VIS/2076.png,3739528,2026-08-22 04:53:04.828000,train
data_train/data_train/VIS/2077.png,3840933,2026-08-22 04:53:04.847000,train
data_train/data_train/VIS/2078.png,3927646,2026-08-22 04:53:04.793000,train
data_train/data_train/VIS/2079.png,3975288,2026-08-22 04:53:04.844000,train
data_train/data_train/VIS/2080.png,3754917,2026-08-22 04:53:04.903000,train
data_train/data_train/VIS/2081.png,3896097,2026-08-22 04:53:04.940000,train
data_train/data_train/VIS/2082.png,4169354,2026-08-22 04:53:04.992000,train
data_train/data_train/VIS/2086.png,3864440,2026-08-22 04:53:05.061000,train
data_train/data_train/VIS/2087.png,3902877,2026-08-22 04:53:05.074000,train
data_train/data_train/VIS/2091.png,3863796,2026-08-22 04:53:05.082000,train
data_train/data_train/VIS/2092.png,3887741,2026-08-22 04:53:05.157000,train
data_train/data_train/VIS/2094.png,3983292,2026-08-22 04:53:05.195000,train
data_train/data_train/VIS/2096.png,3817225,2026-08-22 04:53:05.224000,train
data_train/data_train/VIS/2097.png,3623940,2026-08-22 04:53:05.296000,train
data_train/data_train/VIS/2098.png,3753581,2026-08-22 04:53:05.345000,train
data_train/data_train/VIS/210.png,3215076,2026-08-22 04:53:05.337000,train
data_train/data_train/VIS/2101.png,3685169,2026-08-22 04:53:05.419000,train
data_train/data_train/VIS/2104.png,4071635,2026-08-22 04:53:05.435000,train
data_train/data_train/VIS/2105.png,4103712,2026-08-22 04:53:05.507000,train
data_train/data_train/VIS/211.png,3778148,2026-08-22 04:53:05.536000,train
data_train/data_train/VIS/2110.png,4047666,2026-08-22 04:53:05.602000,train
data_train/data_train/VIS/2111.png,4014616,2026-08-22 04:53:05.722000,train
data_train/data_train/VIS/2112.png,3856524,2026-08-22 04:53:05.755000,train
data_train/data_train/VIS/2113.png,3808547,2026-08-22 04:53:05.818000,train
data_train/data_train/VIS/2114.png,3990196,2026-08-22 04:53:05.869000,train
data_train/data_train/VIS/2115.png,3606679,2026-08-22 04:53:05.939000,train
data_train/data_train/VIS/2116.png,3935642,2026-08-22 04:53:05.972000,train
data_train/data_train/VIS/2118.png,4031601,2026-08-22 04:53:06.016000,train
data_train/data_train/VIS/2121.png,3989565,2026-08-22 04:53:06.089000,train
data_train/data_train/VIS/2123.png,3832363,2026-08-22 04:53:06.148000,train
data_train/data_train/VIS/2124.png,4015213,2026-08-22 04:53:06.200000,train
data_train/data_train/VIS/2125.png,3864440,2026-08-22 04:53:06.268000,train
data_train/data_train/VIS/2127.png,3871751,2026-08-22 04:53:06.381000,train
data_train/data_train/VIS/2128.png,3951395,2026-08-22 04:53:06.399000,train
data_train/data_train/VIS/213.png,3943603,2026-08-22 04:53:06.485000,train
data_train/data_train/VIS/2130.png,3825293,2026-08-22 04:53:06.475000,train
data_train/data_train/VIS/2131.png,4079925,2026-08-22 04:53:06.554000,train
data_train/data_train/VIS/2132.png,3959130,2026-08-22 04:53:06.633000,train
data_train/data_train/VIS/2134.png,3935028,2026-08-22 04:53:06.671000,train
data_train/data_train/VIS/2140.png,3193216,2026-08-22 04:53:06.702000,train
data_train/data_train/VIS/2142.png,3769921,2026-08-22 04:53:06.792000,train
data_train/data_train/VIS/2143.png,4023388,2026-08-22 04:53:06.777000,train
data_train/data_train/VIS/2144.png,4046526,2026-08-22 04:53:06.844000,train
data_train/data_train/VIS/2145.png,3959527,2026-08-22 04:53:06.884000,train
data_train/data_train/VIS/2146.png,3832323,2026-08-22 04:53:06.913000,train
data_train/data_train/VIS/2147.png,4007411,2026-08-22 04:53:07.003000,train
data_train/data_train/VIS/2149.png,3809151,2026-08-22 04:53:07.026000,train
data_train/data_train/VIS/2150.png,3919666,2026-08-22 04:53:07.077000,train
data_train/data_train/VIS/2153.png,3878715,2026-08-22 04:53:07.117000,train
data_train/data_train/VIS/2155.png,3975222,2026-08-22 04:53:07.145000,train
data_train/data_train/VIS/2156.png,3856524,2026-08-22 04:53:07.191000,train
data_train/data_train/VIS/2158.png,3911834,2026-08-22 04:53:07.217000,train
data_train/data_train/VIS/2159.png,3693323,2026-08-22 04:53:07.218000,train
data_train/data_train/VIS/216.png,4120372,2026-08-22 04:53:07.257000,train
data_train/data_train/VIS/2160.png,4031289,2026-08-22 04:53:07.313000,train
data_train/data_train/VIS/2161.png,3982782,2026-08-22 04:53:07.337000,train
data_train/data_train/VIS/2162.png,4007469,2026-08-22 04:53:07.443000,train
data_train/data_train/VIS/2163.png,4153006,2026-08-22 04:53:07.447000,train
data_train/data_train/VIS/2164.png,3951519,2026-08-22 04:53:07.474000,train
data_train/data_train/VIS/2165.png,3785238,2026-08-22 04:53:07.483000,train
data_train/data_train/VIS/2166.png,4039650,2026-08-22 04:53:07.532000,train
data_train/data_train/VIS/2168.png,3770296,2026-08-22 04:53:07.553000,train
data_train/data_train/VIS/217.png,3793573,2026-08-22 04:53:07.608000,train
data_train/data_train/VIS/2173.png,3983138,2026-08-22 04:53:07.642000,train
data_train/data_train/VIS/2174.png,3832993,2026-08-22 04:53:07.688000,train
data_train/data_train/VIS/2175.png,3927359,2026-08-22 04:53:07.728000,train
data_train/data_train/VIS/2177.png,4015541,2026-08-22 04:53:07.814000,train
data_train/data_train/VIS/2178.png,4031401,2026-08-22 04:53:07.852000,train
data_train/data_train/VIS/2180.png,4128544,2026-08-22 04:53:07.889000,train
data_train/data_train/VIS/2181.png,3888181,2026-08-22 04:53:07.921000,train
data_train/data_train/VIS/2182.png,3939607,2026-08-22 04:53:07.986000,train
data_train/data_train/VIS/2184.png,4047181,2026-08-22 04:53:08.078000,train
data_train/data_train/VIS/2185.png,3746478,2026-08-22 04:53:08.088000,train
data_train/data_train/VIS/2187.png,3792646,2026-08-22 04:53:08.128000,train
data_train/data_train/VIS/2190.png,4128494,2026-08-22 04:53:08.154000,train
data_train/data_train/VIS/2192.png,3864158,2026-08-22 04:53:08.185000,train
data_train/data_train/VIS/2194.png,4169354,2026-08-22 04:53:08.246000,train
data_train/data_train/VIS/2196.png,3708742,2026-08-22 04:53:08.266000,train
data_train/data_train/VIS/2198.png,3998341,2026-08-22 04:53:08.317000,train
data_train/data_train/VIS/2199.png,3927726,2026-08-22 04:53:08.375000,train
data_train/data_train/VIS/22.png,4031059,2026-08-22 04:53:08.402000,train
data_train/data_train/VIS/220.png,3274272,2026-08-22 04:53:08.416000,train
data_train/data_train/VIS/2200.png,4039540,2026-08-22 04:53:08.488000,train
data_train/data_train/VIS/2201.png,4047694,2026-08-22 04:53:08.549000,train
data_train/data_train/VIS/2205.png,3747395,2026-08-22 04:53:08.587000,train
data_train/data_train/VIS/2207.png,3927329,2026-08-22 04:53:08.636000,train
data_train/data_train/VIS/2208.png,3975288,2026-08-22 04:53:08.669000,train
data_train/data_train/VIS/2209.png,4006434,2026-08-22 04:53:08.748000,train
data_train/data_train/VIS/2210.png,3809647,2026-08-22 04:53:08.769000,train
data_train/data_train/VIS/2211.png,3888146,2026-08-22 04:53:08.813000,train
data_train/data_train/VIS/2213.png,4103712,2026-08-22 04:53:08.863000,train
data_train/data_train/VIS/2214.png,3783910,2026-08-22 04:53:08.881000,train
data_train/data_train/VIS/2215.png,3840314,2026-08-22 04:53:08.918000,train
data_train/data_train/VIS/2217.png,3896093,2026-08-22 04:53:08.976000,train
data_train/data_train/VIS/2218.png,3851816,2026-08-22 04:53:09.013000,train
data_train/data_train/VIS/2219.png,3762469,2026-08-22 04:53:09.047000,train
data_train/data_train/VIS/222.png,3911335,2026-08-22 04:53:09.090000,train
data_train/data_train/VIS/2220.png,3708610,2026-08-22 04:53:09.091000,train
data_train/data_train/VIS/2221.png,3817468,2026-08-22 04:53:09.140000,train
data_train/data_train/VIS/2222.png,3809341,2026-08-22 04:53:09.203000,train
data_train/data_train/VIS/2223.png,3276082,2026-08-22 04:53:09.248000,train
data_train/data_train/VIS/2227.png,3755181,2026-08-22 04:53:09.265000,train
data_train/data_train/VIS/2228.png,3809151,2026-08-22 04:53:09.279000,train
data_train/data_train/VIS/2229.png,3967511,2026-08-22 04:53:09.331000,train
data_train/data_train/VIS/2230.png,3959195,2026-08-22 04:53:09.427000,train
data_train/data_train/VIS/2231.png,3911834,2026-08-22 04:53:09.607000,train
data_train/data_train/VIS/2232.png,3951241,2026-08-22 04:53:09.541000,train
data_train/data_train/VIS/2234.png,4079975,2026-08-22 04:53:09.570000,train
data_train/data_train/VIS/2235.png,3887711,2026-08-22 04:53:09.556000,train
data_train/data_train/VIS/2236.png,4103712,2026-08-22 04:53:09.732000,train
data_train/data_train/VIS/2237.png,3846564,2026-08-22 04:53:09.641000,train
data_train/data_train/VIS/224.png,3879731,2026-08-22 04:53:09.832000,train
data_train/data_train/VIS/2240.png,3903353,2026-08-22 04:53:09.713000,train
data_train/data_train/VIS/2244.png,4120120,2026-08-22 04:53:09.832000,train
data_train/data_train/VIS/2247.png,3939607,2026-08-22 04:53:09.842000,train
data_train/data_train/VIS/2248.png,3974496,2026-08-22 04:53:09.844000,train
data_train/data_train/VIS/225.png,3864440,2026-08-22 04:53:09.871000,train
data_train/data_train/VIS/2251.png,3801457,2026-08-22 04:53:09.898000,train
data_train/data_train/VIS/2253.png,4063726,2026-08-22 04:53:09.957000,train
data_train/data_train/VIS/2255.png,4007215,2026-08-22 04:53:09.999000,train
data_train/data_train/VIS/2256.png,4202180,2026-08-22 04:53:09.997000,train
data_train/data_train/VIS/2257.png,3793738,2026-08-22 04:53:10.051000,train
data_train/data_train/VIS/2258.png,4071849,2026-08-22 04:53:10.130000,train
data_train/data_train/VIS/2259.png,3991364,2026-08-22 04:53:10.086000,train
data_train/data_train/VIS/2263.png,3840472,2026-08-22 04:53:10.158000,train
data_train/data_train/VIS/2265.png,4039386,2026-08-22 04:53:10.192000,train
data_train/data_train/VIS/2268.png,4120322,2026-08-22 04:53:10.270000,train
data_train/data_train/VIS/2269.png,3888181,2026-08-22 04:53:10.289000,train
data_train/data_train/VIS/227.png,3189508,2026-08-22 04:53:10.290000,train
data_train/data_train/VIS/2271.png,4071651,2026-08-22 04:53:10.350000,train
data_train/data_train/VIS/2272.png,4079820,2026-08-22 04:53:10.418000,train
data_train/data_train/VIS/2273.png,3990709,2026-08-22 04:53:10.475000,train
data_train/data_train/VIS/2274.png,4007236,2026-08-22 04:53:10.459000,train
data_train/data_train/VIS/2275.png,4120492,2026-08-22 04:53:10.532000,train
data_train/data_train/VIS/2276.png,3847224,2026-08-22 04:53:10.532000,train
data_train/data_train/VIS/2277.png,3880325,2026-08-22 04:53:10.580000,train
data_train/data_train/VIS/2279.png,3801709,2026-08-22 04:53:10.618000,train
data_train/data_train/VIS/2280.png,3975248,2026-08-22 04:53:10.653000,train
data_train/data_train/VIS/2281.png,3927766,2026-08-22 04:53:10.695000,train
data_train/data_train/VIS/2284.png,3999380,2026-08-22 04:53:10.737000,train
data_train/data_train/VIS/2285.png,3367232,2026-08-22 04:53:10.767000,train
data_train/data_train/VIS/2286.png,3911934,2026-08-22 04:53:10.813000,train
data_train/data_train/VIS/2287.png,3935028,2026-08-22 04:53:10.859000,train
data_train/data_train/VIS/2288.png,3939607,2026-08-22 04:53:10.896000,train
data_train/data_train/VIS/2289.png,3927726,2026-08-22 04:53:10.972000,train
data_train/data_train/VIS/229.png,4054986,2026-08-22 04:53:11.018000,train
data_train/data_train/VIS/2292.png,3959130,2026-08-22 04:53:11.040000,train
data_train/data_train/VIS/2293.png,3888181,2026-08-22 04:53:11.072000,train
data_train/data_train/VIS/2294.png,3967059,2026-08-22 04:53:11.202000,train
data_train/data_train/VIS/230.png,3832366,2026-08-22 04:53:11.145000,train
data_train/data_train/VIS/2304.png,4071776,2026-08-22 04:53:11.194000,train
data_train/data_train/VIS/2305.png,3738329,2026-08-22 04:53:11.249000,train
data_train/data_train/VIS/2306.png,4144737,2026-08-22 04:53:11.288000,train
data_train/data_train/VIS/2307.png,4087996,2026-08-22 04:53:11.342000,train
data_train/data_train/VIS/2309.png,4070846,2026-08-22 04:53:11.375000,train
data_train/data_train/VIS/231.png,3799874,2026-08-22 04:53:11.424000,train
data_train/data_train/VIS/2310.png,4055606,2026-08-22 04:53:11.444000,train
data_train/data_train/VIS/2315.png,3990666,2026-08-22 04:53:11.485000,train
data_train/data_train/VIS/2316.png,3785979,2026-08-22 04:53:11.528000,train
data_train/data_train/VIS/2317.png,3998600,2026-08-22 04:53:11.578000,train
data_train/data_train/VIS/2320.png,3578880,2026-08-22 04:53:11.593000,train
data_train/data_train/VIS/2322.png,3724114,2026-08-22 04:53:11.628000,train
data_train/data_train/VIS/2323.png,4023512,2026-08-22 04:53:11.671000,train
data_train/data_train/VIS/2325.png,3951395,2026-08-22 04:53:11.700000,train
data_train/data_train/VIS/2327.png,4031464,2026-08-22 04:53:11.748000,train
data_train/data_train/VIS/2329.png,4103712,2026-08-22 04:53:11.776000,train
data_train/data_train/VIS/2331.png,3919477,2026-08-22 04:53:11.835000,train
data_train/data_train/VIS/2332.png,3943362,2026-08-22 04:53:11.855000,train
data_train/data_train/VIS/2334.png,3958780,2026-08-22 04:53:11.908000,train
data_train/data_train/VIS/2337.png,3988789,2026-08-22 04:53:11.963000,train
data_train/data_train/VIS/2338.png,3935642,2026-08-22 04:53:12,train
data_train/data_train/VIS/2339.png,4007529,2026-08-22 04:53:12.027000,train
data_train/data_train/VIS/2343.png,4120070,2026-08-22 04:53:12.073000,train
data_train/data_train/VIS/2345.png,3864116,2026-08-22 04:53:12.130000,train
data_train/data_train/VIS/2346.png,3983292,2026-08-22 04:53:12.157000,train
data_train/data_train/VIS/2348.png,3903701,2026-08-22 04:53:12.193000,train
data_train/data_train/VIS/2349.png,4023141,2026-08-22 04:53:12.225000,train
data_train/data_train/VIS/2350.png,4103712,2026-08-22 04:53:12.291000,train
data_train/data_train/VIS/2352.png,4144682,2026-08-22 04:53:12.351000,train
data_train/data_train/VIS/2353.png,4096113,2026-08-22 04:53:12.415000,train
data_train/data_train/VIS/2355.png,3824995,2026-08-22 04:53:12.442000,train
data_train/data_train/VIS/2356.png,3919522,2026-08-22 04:53:12.474000,train
data_train/data_train/VIS/2357.png,4063618,2026-08-22 04:53:12.558000,train
data_train/data_train/VIS/236.png,3863766,2026-08-22 04:53:12.587000,train
data_train/data_train/VIS/2361.png,3840877,2026-08-22 04:53:12.618000,train
data_train/data_train/VIS/2363.png,4006886,2026-08-22 04:53:12.701000,train
data_train/data_train/VIS/2365.png,4104216,2026-08-22 04:53:12.732000,train
data_train/data_train/VIS/2366.png,3526032,2026-08-22 04:53:12.780000,train
data_train/data_train/VIS/2367.png,3983138,2026-08-22 04:53:12.839000,train
data_train/data_train/VIS/2368.png,4088005,2026-08-22 04:53:12.868000,train
data_train/data_train/VIS/2372.png,3801722,2026-08-22 04:53:12.971000,train
data_train/data_train/VIS/2373.png,4054478,2026-08-22 04:53:13.065000,train
data_train/data_train/VIS/2374.png,4103712,2026-08-22 04:53:13.114000,train
data_train/data_train/VIS/2376.png,4079095,2026-08-22 04:53:13.173000,train
data_train/data_train/VIS/2377.png,3991451,2026-08-22 04:53:13.220000,train
data_train/data_train/VIS/2379.png,3991460,2026-08-22 04:53:13.320000,train
data_train/data_train/VIS/2380.png,3896097,2026-08-22 04:53:13.389000,train
data_train/data_train/VIS/2381.png,3919750,2026-08-22 04:53:13.389000,train
data_train/data_train/VIS/2383.png,4070846,2026-08-22 04:53:13.447000,train
data_train/data_train/VIS/2384.png,4071651,2026-08-22 04:53:13.522000,train
data_train/data_train/VIS/2385.png,4144737,2026-08-22 04:53:13.583000,train
data_train/data_train/VIS/2391.png,4039650,2026-08-22 04:53:13.607000,train
data_train/data_train/VIS/2392.png,3791501,2026-08-22 04:53:13.652000,train
data_train/data_train/VIS/2393.png,3896062,2026-08-22 04:53:13.695000,train
data_train/data_train/VIS/2394.png,4015213,2026-08-22 04:53:13.727000,train
data_train/data_train/VIS/2397.png,4096127,2026-08-22 04:53:13.769000,train
data_train/data_train/VIS/2398.png,3786188,2026-08-22 04:53:13.796000,train
data_train/data_train/VIS/24.png,3684749,2026-08-22 04:53:13.851000,train
data_train/data_train/VIS/240.png,3306971,2026-08-22 04:53:13.880000,train
data_train/data_train/VIS/2402.png,4014807,2026-08-22 04:53:13.941000,train
data_train/data_train/VIS/2405.png,4039041,2026-08-22 04:53:14.031000,train
data_train/data_train/VIS/2407.png,3869964,2026-08-22 04:53:14.100000,train
data_train/data_train/VIS/2408.png,3855816,2026-08-22 04:53:14.127000,train
data_train/data_train/VIS/241.png,3824443,2026-08-22 04:53:14.163000,train
data_train/data_train/VIS/2411.png,4063773,2026-08-22 04:53:14.208000,train
data_train/data_train/VIS/2412.png,3864440,2026-08-22 04:53:14.287000,train
data_train/data_train/VIS/2413.png,3895938,2026-08-22 04:53:14.305000,train
data_train/data_train/VIS/2414.png,4103978,2026-08-22 04:53:14.347000,train
data_train/data_train/VIS/2415.png,4144737,2026-08-22 04:53:14.413000,train
data_train/data_train/VIS/2416.png,4071776,2026-08-22 04:53:14.448000,train
data_train/data_train/VIS/2417.png,3943571,2026-08-22 04:53:14.496000,train
data_train/data_train/VIS/2418.png,4103712,2026-08-22 04:53:14.542000,train
data_train/data_train/VIS/2419.png,4054958,2026-08-22 04:53:14.631000,train
data_train/data_train/VIS/2420.png,4054438,2026-08-22 04:53:14.676000,train
data_train/data_train/VIS/2421.png,3684749,2026-08-22 04:53:14.745000,train
data_train/data_train/VIS/2422.png,4006481,2026-08-22 04:53:14.791000,train
data_train/data_train/VIS/2429.png,3446047,2026-08-22 04:53:14.764000,train
data_train/data_train/VIS/243.png,3878745,2026-08-22 04:53:14.816000,train
data_train/data_train/VIS/2432.png,3856673,2026-08-22 04:53:14.863000,train
data_train/data_train/VIS/2435.png,3943603,2026-08-22 04:53:14.945000,train
data_train/data_train/VIS/2436.png,3951116,2026-08-22 04:53:14.945000,train
data_train/data_train/VIS/2437.png,4096127,2026-08-22 04:53:14.995000,train
data_train/data_train/VIS/2439.png,4128494,2026-08-22 04:53:15.039000,train
data_train/data_train/VIS/2441.png,3943423,2026-08-22 04:53:15.102000,train
data_train/data_train/VIS/2442.png,4022761,2026-08-22 04:53:15.135000,train
data_train/data_train/VIS/2444.png,3840764,2026-08-22 04:53:15.171000,train
data_train/data_train/VIS/2445.png,3991084,2026-08-22 04:53:15.225000,train
data_train/data_train/VIS/2446.png,4120120,2026-08-22 04:53:15.324000,train
data_train/data_train/VIS/2448.png,4144737,2026-08-22 04:53:15.309000,train
data_train/data_train/VIS/2451.png,3352947,2026-08-22 04:53:15.324000,train
data_train/data_train/VIS/2453.png,4031565,2026-08-22 04:53:15.413000,train
data_train/data_train/VIS/2454.png,4022202,2026-08-22 04:53:15.442000,train
data_train/data_train/VIS/2455.png,4128600,2026-08-22 04:53:15.483000,train
data_train/data_train/VIS/2456.png,3980632,2026-08-22 04:53:15.518000,train
data_train/data_train/VIS/2457.png,3770663,2026-08-22 04:53:15.621000,train
data_train/data_train/VIS/2458.png,3927730,2026-08-22 04:53:15.611000,train
data_train/data_train/VIS/2459.png,3840933,2026-08-22 04:53:15.681000,train
data_train/data_train/VIS/246.png,3967306,2026-08-22 04:53:15.679000,train
data_train/data_train/VIS/2461.png,4095503,2026-08-22 04:53:15.780000,train
data_train/data_train/VIS/2462.png,3723184,2026-08-22 04:53:15.768000,train
data_train/data_train/VIS/2463.png,3871776,2026-08-22 04:53:15.810000,train
data_train/data_train/VIS/2464.png,3927634,2026-08-22 04:53:15.860000,train
data_train/data_train/VIS/2465.png,4136522,2026-08-22 04:53:15.886000,train
data_train/data_train/VIS/2467.png,3738329,2026-08-22 04:53:15.925000,train
data_train/data_train/VIS/2468.png,3846564,2026-08-22 04:53:15.975000,train
data_train/data_train/VIS/2469.png,4047616,2026-08-22 04:53:16.022000,train
data_train/data_train/VIS/2470.png,3887995,2026-08-22 04:53:16.129000,train
data_train/data_train/VIS/2471.png,3343292,2026-08-22 04:53:16.087000,train
data_train/data_train/VIS/2472.png,3825188,2026-08-22 04:53:16.210000,train
data_train/data_train/VIS/2476.png,3785714,2026-08-22 04:53:16.201000,train
data_train/data_train/VIS/2479.png,3927766,2026-08-22 04:53:16.258000,train
data_train/data_train/VIS/248.png,4144737,2026-08-22 04:53:16.301000,train
data_train/data_train/VIS/2480.png,3864525,2026-08-22 04:53:16.355000,train
data_train/data_train/VIS/2481.png,3918682,2026-08-22 04:53:16.407000,train
data_train/data_train/VIS/2482.png,4112329,2026-08-22 04:53:16.478000,train
data_train/data_train/VIS/2483.png,3792898,2026-08-22 04:53:16.516000,train
data_train/data_train/VIS/2486.png,3991084,2026-08-22 04:53:16.545000,train
data_train/data_train/VIS/2487.png,3951395,2026-08-22 04:53:16.591000,train
data_train/data_train/VIS/2488.png,3746478,2026-08-22 04:53:16.619000,train
data_train/data_train/VIS/249.png,4031109,2026-08-22 04:53:16.688000,train
data_train/data_train/VIS/2490.png,3959160,2026-08-22 04:53:16.720000,train
data_train/data_train/VIS/2492.png,3903813,2026-08-22 04:53:16.737000,train
data_train/data_train/VIS/2495.png,3754908,2026-08-22 04:53:16.789000,train
data_train/data_train/VIS/2496.png,3449652,2026-08-22 04:53:16.887000,train
data_train/data_train/VIS/2499.png,3919477,2026-08-22 04:53:16.886000,train
data_train/data_train/VIS/25.png,3927634,2026-08-22 04:53:16.917000,train
data_train/data_train/VIS/250.png,3825188,2026-08-22 04:53:16.969000,train
data_train/data_train/VIS/2502.png,3991104,2026-08-22 04:53:17.026000,train
data_train/data_train/VIS/2504.png,3809371,2026-08-22 04:53:17.037000,train
data_train/data_train/VIS/2506.png,3801734,2026-08-22 04:53:17.109000,train
data_train/data_train/VIS/2509.png,3991104,2026-08-22 04:53:17.153000,train
data_train/data_train/VIS/251.png,4015491,2026-08-22 04:53:17.177000,train
data_train/data_train/VIS/2510.png,4062682,2026-08-22 04:53:17.251000,train
data_train/data_train/VIS/2511.png,3785238,2026-08-22 04:53:17.270000,train
data_train/data_train/VIS/2512.png,4055742,2026-08-22 04:53:17.329000,train
data_train/data_train/VIS/2513.png,3983443,2026-08-22 04:53:17.352000,train
data_train/data_train/VIS/2514.png,4055573,2026-08-22 04:53:17.431000,train
data_train/data_train/VIS/2515.png,3723184,2026-08-22 04:53:17.453000,train
data_train/data_train/VIS/2517.png,3173187,2026-08-22 04:53:17.453000,train
data_train/data_train/VIS/2518.png,3888181,2026-08-22 04:53:17.521000,train
data_train/data_train/VIS/2519.png,4014616,2026-08-22 04:53:17.558000,train
data_train/data_train/VIS/2520.png,4079095,2026-08-22 04:53:17.599000,train
data_train/data_train/VIS/2521.png,3896097,2026-08-22 04:53:17.666000,train
data_train/data_train/VIS/2522.png,4144737,2026-08-22 04:53:17.701000,train
data_train/data_train/VIS/2523.png,3991451,2026-08-22 04:53:17.800000,train
data_train/data_train/VIS/2524.png,3707945,2026-08-22 04:53:17.798000,train
data_train/data_train/VIS/2525.png,3879761,2026-08-22 04:53:17.836000,train
data_train/data_train/VIS/2526.png,4023512,2026-08-22 04:53:17.868000,train
data_train/data_train/VIS/2527.png,4079291,2026-08-22 04:53:18.067000,train
data_train/data_train/VIS/2528.png,4103712,2026-08-22 04:53:17.948000,train
data_train/data_train/VIS/253.png,4007265,2026-08-22 04:53:18.019000,train
data_train/data_train/VIS/2530.png,3839863,2026-08-22 04:53:18.019000,train
data_train/data_train/VIS/2531.png,3918070,2026-08-22 04:53:18.072000,train
data_train/data_train/VIS/2532.png,4063618,2026-08-22 04:53:18.123000,train
data_train/data_train/VIS/2533.png,4095503,2026-08-22 04:53:18.199000,train
data_train/data_train/VIS/2534.png,3983138,2026-08-22 04:53:18.209000,train
data_train/data_train/VIS/2536.png,3919477,2026-08-22 04:53:18.230000,train
data_train/data_train/VIS/2537.png,4039386,2026-08-22 04:53:18.294000,train
data_train/data_train/VIS/2538.png,4015033,2026-08-22 04:53:18.352000,train
data_train/data_train/VIS/2539.png,3982782,2026-08-22 04:53:18.380000,train
data_train/data_train/VIS/254.png,3958307,2026-08-22 04:53:18.405000,train
data_train/data_train/VIS/2540.png,3935028,2026-08-22 04:53:18.463000,train
data_train/data_train/VIS/2541.png,3888169,2026-08-22 04:53:18.516000,train
data_train/data_train/VIS/2542.png,4046814,2026-08-22 04:53:18.558000,train
data_train/data_train/VIS/2543.png,3636295,2026-08-22 04:53:18.598000,train
data_train/data_train/VIS/2544.png,4136726,2026-08-22 04:53:18.638000,train
data_train/data_train/VIS/2548.png,3975476,2026-08-22 04:53:18.692000,train
data_train/data_train/VIS/255.png,3974496,2026-08-22 04:53:18.705000,train
data_train/data_train/VIS/2550.png,4006481,2026-08-22 04:53:18.749000,train
data_train/data_train/VIS/2551.png,4103978,2026-08-22 04:53:18.804000,train
data_train/data_train/VIS/2553.png,3848788,2026-08-22 04:53:18.834000,train
data_train/data_train/VIS/2554.png,4071290,2026-08-22 04:53:18.893000,train
data_train/data_train/VIS/2555.png,4144737,2026-08-22 04:53:18.969000,train
data_train/data_train/VIS/2556.png,4079875,2026-08-22 04:53:18.993000,train
data_train/data_train/VIS/256.png,3878715,2026-08-22 04:53:19.032000,train
data_train/data_train/VIS/2560.png,3887041,2026-08-22 04:53:19.087000,train
data_train/data_train/VIS/2561.png,3898577,2026-08-22 04:53:19.139000,train
data_train/data_train/VIS/2562.png,3840314,2026-08-22 04:53:19.143000,train
data_train/data_train/VIS/2563.png,3982348,2026-08-22 04:53:19.303000,train
data_train/data_train/VIS/2564.png,4063732,2026-08-22 04:53:19.324000,train
data_train/data_train/VIS/2566.png,4055366,2026-08-22 04:53:19.312000,train
data_train/data_train/VIS/2567.png,3808993,2026-08-22 04:53:19.389000,train
data_train/data_train/VIS/2568.png,3685359,2026-08-22 04:53:19.378000,train
data_train/data_train/VIS/2570.png,3794712,2026-08-22 04:53:19.432000,train
data_train/data_train/VIS/2572.png,3888181,2026-08-22 04:53:19.475000,train
data_train/data_train/VIS/2573.png,3793882,2026-08-22 04:53:19.521000,train
data_train/data_train/VIS/2575.png,3927359,2026-08-22 04:53:19.556000,train
data_train/data_train/VIS/2576.png,3910354,2026-08-22 04:53:19.604000,train
data_train/data_train/VIS/2578.png,4087679,2026-08-22 04:53:19.654000,train
data_train/data_train/VIS/2579.png,3903056,2026-08-22 04:53:19.683000,train
data_train/data_train/VIS/2580.png,3762807,2026-08-22 04:53:19.708000,train
data_train/data_train/VIS/2581.png,3669137,2026-08-22 04:53:19.769000,train
data_train/data_train/VIS/2583.png,3848262,2026-08-22 04:53:19.783000,train
data_train/data_train/VIS/2585.png,3777538,2026-08-22 04:53:19.799000,train
data_train/data_train/VIS/2586.png,3991084,2026-08-22 04:53:19.851000,train
data_train/data_train/VIS/2587.png,4055556,2026-08-22 04:53:19.901000,train
data_train/data_train/VIS/259.png,4096163,2026-08-22 04:53:20.003000,train
data_train/data_train/VIS/2591.png,3927329,2026-08-22 04:53:20.009000,train
data_train/data_train/VIS/2595.png,3731752,2026-08-22 04:53:20.012000,train
data_train/data_train/VIS/2596.png,3911934,2026-08-22 04:53:20.073000,train
data_train/data_train/VIS/2597.png,3918940,2026-08-22 04:53:20.118000,train
data_train/data_train/VIS/2599.png,3863263,2026-08-22 04:53:20.168000,train
data_train/data_train/VIS/26.png,4144737,2026-08-22 04:53:20.224000,train
data_train/data_train/VIS/260.png,3967306,2026-08-22 04:53:20.272000,train
data_train/data_train/VIS/2601.png,3935058,2026-08-22 04:53:20.319000,train
data_train/data_train/VIS/2602.png,3911335,2026-08-22 04:53:20.356000,train
data_train/data_train/VIS/2603.png,3999160,2026-08-22 04:53:20.390000,train
data_train/data_train/VIS/2604.png,3951116,2026-08-22 04:53:20.417000,train
data_train/data_train/VIS/2606.png,3785689,2026-08-22 04:53:20.526000,train
data_train/data_train/VIS/261.png,4030901,2026-08-22 04:53:20.522000,train
data_train/data_train/VIS/2610.png,3652874,2026-08-22 04:53:20.551000,train
data_train/data_train/VIS/2611.png,4039386,2026-08-22 04:53:20.671000,train
data_train/data_train/VIS/2613.png,3367838,2026-08-22 04:53:20.712000,train
data_train/data_train/VIS/2616.png,3864158,2026-08-22 04:53:20.734000,train
data_train/data_train/VIS/2618.png,3731911,2026-08-22 04:53:20.787000,train
data_train/data_train/VIS/2619.png,3918970,2026-08-22 04:53:20.814000,train
data_train/data_train/VIS/262.png,3819256,2026-08-22 04:53:20.931000,train
data_train/data_train/VIS/2620.png,4039582,2026-08-22 04:53:20.946000,train
data_train/data_train/VIS/2622.png,3872356,2026-08-22 04:53:21.001000,train
data_train/data_train/VIS/2623.png,3903973,2026-08-22 04:53:21.063000,train
data_train/data_train/VIS/2626.png,3958780,2026-08-22 04:53:21.120000,train
data_train/data_train/VIS/2627.png,3903353,2026-08-22 04:53:21.189000,train
data_train/data_train/VIS/2629.png,3975431,2026-08-22 04:53:21.231000,train
data_train/data_train/VIS/263.png,3505817,2026-08-22 04:53:21.260000,train
data_train/data_train/VIS/2631.png,3809612,2026-08-22 04:53:21.313000,train
data_train/data_train/VIS/2632.png,3871484,2026-08-22 04:53:21.348000,train
data_train/data_train/VIS/2634.png,3959571,2026-08-22 04:53:21.399000,train
data_train/data_train/VIS/2635.png,3919522,2026-08-22 04:53:21.438000,train
data_train/data_train/VIS/2637.png,3935682,2026-08-22 04:53:21.491000,train
data_train/data_train/VIS/2638.png,4144737,2026-08-22 04:53:21.547000,train
data_train/data_train/VIS/264.png,4144737,2026-08-22 04:53:21.589000,train
data_train/data_train/VIS/2640.png,4087881,2026-08-22 04:53:21.629000,train
data_train/data_train/VIS/2641.png,3927329,2026-08-22 04:53:21.709000,train
data_train/data_train/VIS/2642.png,4096163,2026-08-22 04:53:21.727000,train
data_train/data_train/VIS/2643.png,4088005,2026-08-22 04:53:21.781000,train
data_train/data_train/VIS/2644.png,3911866,2026-08-22 04:53:21.827000,train
data_train/data_train/VIS/2645.png,4120120,2026-08-22 04:53:21.881000,train
data_train/data_train/VIS/2646.png,3973956,2026-08-22 04:53:21.936000,train
data_train/data_train/VIS/2647.png,4079925,2026-08-22 04:53:21.983000,train
data_train/data_train/VIS/265.png,3677855,2026-08-22 04:53:22.105000,train
data_train/data_train/VIS/2651.png,3943558,2026-08-22 04:53:22.086000,train
data_train/data_train/VIS/2653.png,3935586,2026-08-22 04:53:22.159000,train
data_train/data_train/VIS/2654.png,3806681,2026-08-22 04:53:22.192000,train
data_train/data_train/VIS/2655.png,4055618,2026-08-22 04:53:22.223000,train
data_train/data_train/VIS/2656.png,3762037,2026-08-22 04:53:22.257000,train
data_train/data_train/VIS/2658.png,4144737,2026-08-22 04:53:22.320000,train
data_train/data_train/VIS/266.png,4112329,2026-08-22 04:53:22.363000,train
data_train/data_train/VIS/2663.png,3919166,2026-08-22 04:53:22.437000,train
data_train/data_train/VIS/2664.png,3864393,2026-08-22 04:53:22.452000,train
data_train/data_train/VIS/2666.png,3848608,2026-08-22 04:53:22.509000,train
data_train/data_train/VIS/2669.png,3855984,2026-08-22 04:53:22.546000,train
data_train/data_train/VIS/2670.png,3904013,2026-08-22 04:53:22.596000,train
data_train/data_train/VIS/2671.png,4144737,2026-08-22 04:53:22.638000,train
data_train/data_train/VIS/2672.png,3160335,2026-08-22 04:53:22.717000,train
data_train/data_train/VIS/2673.png,3911625,2026-08-22 04:53:22.768000,train
data_train/data_train/VIS/2674.png,3927766,2026-08-22 04:53:22.798000,train
data_train/data_train/VIS/2675.png,3856524,2026-08-22 04:53:22.831000,train
data_train/data_train/VIS/2677.png,3919631,2026-08-22 04:53:22.879000,train
data_train/data_train/VIS/2678.png,4079925,2026-08-22 04:53:22.939000,train
data_train/data_train/VIS/2679.png,3840472,2026-08-22 04:53:22.992000,train
data_train/data_train/VIS/2681.png,3919121,2026-08-22 04:53:23.032000,train
data_train/data_train/VIS/2683.png,3226797,2026-08-22 04:53:23.040000,train
data_train/data_train/VIS/2684.png,4103712,2026-08-22 04:53:23.107000,train
data_train/data_train/VIS/2686.png,3847776,2026-08-22 04:53:23.129000,train
data_train/data_train/VIS/2687.png,4006941,2026-08-22 04:53:23.211000,train
data_train/data_train/VIS/2689.png,3896058,2026-08-22 04:53:23.245000,train
data_train/data_train/VIS/2690.png,3998600,2026-08-22 04:53:23.322000,train
data_train/data_train/VIS/2691.png,3982298,2026-08-22 04:53:23.333000,train
data_train/data_train/VIS/2692.png,3974898,2026-08-22 04:53:23.378000,train
data_train/data_train/VIS/2693.png,3902273,2026-08-22 04:53:23.437000,train
data_train/data_train/VIS/2694.png,3959527,2026-08-22 04:53:23.484000,train
data_train/data_train/VIS/2696.png,3901832,2026-08-22 04:53:23.524000,train
data_train/data_train/VIS/2697.png,3959435,2026-08-22 04:53:23.606000,train
data_train/data_train/VIS/2699.png,3935678,2026-08-22 04:53:23.634000,train
data_train/data_train/VIS/270.png,4144737,2026-08-22 04:53:23.692000,train
data_train/data_train/VIS/2700.png,4039062,2026-08-22 04:53:23.834000,train
data_train/data_train/VIS/2704.png,4006886,2026-08-22 04:53:23.895000,train
data_train/data_train/VIS/2706.png,3967351,2026-08-22 04:53:23.932000,train
data_train/data_train/VIS/2707.png,3559863,2026-08-22 04:53:24.002000,train
data_train/data_train/VIS/2709.png,3328620,2026-08-22 04:53:24.018000,train
data_train/data_train/VIS/271.png,3777354,2026-08-22 04:53:24.047000,train
data_train/data_train/VIS/2712.png,4136533,2026-08-22 04:53:24.091000,train
data_train/data_train/VIS/2713.png,3943407,2026-08-22 04:53:24.151000,train
data_train/data_train/VIS/2714.png,4144737,2026-08-22 04:53:24.182000,train
data_train/data_train/VIS/2716.png,3801828,2026-08-22 04:53:24.216000,train
data_train/data_train/VIS/2718.png,3685169,2026-08-22 04:53:24.251000,train
data_train/data_train/VIS/2719.png,4022202,2026-08-22 04:53:24.306000,train
data_train/data_train/VIS/272.png,3872236,2026-08-22 04:53:24.377000,train
data_train/data_train/VIS/2720.png,3864158,2026-08-22 04:53:24.386000,train
data_train/data_train/VIS/2722.png,3951551,2026-08-22 04:53:24.436000,train
data_train/data_train/VIS/2723.png,3980632,2026-08-22 04:53:24.512000,train
data_train/data_train/VIS/2724.png,4103712,2026-08-22 04:53:24.552000,train
data_train/data_train/VIS/2725.png,3919705,2026-08-22 04:53:24.567000,train
data_train/data_train/VIS/2726.png,3582820,2026-08-22 04:53:24.617000,train
data_train/data_train/VIS/2727.png,3751107,2026-08-22 04:53:24.669000,train
data_train/data_train/VIS/2730.png,4103712,2026-08-22 04:53:24.706000,train
data_train/data_train/VIS/2731.png,4103712,2026-08-22 04:53:24.781000,train
data_train/data_train/VIS/2733.png,3815223,2026-08-22 04:53:24.812000,train
data_train/data_train/VIS/2735.png,3793852,2026-08-22 04:53:24.851000,train
data_train/data_train/VIS/2736.png,4047465,2026-08-22 04:53:24.895000,train
data_train/data_train/VIS/2738.png,3967351,2026-08-22 04:53:24.965000,train
data_train/data_train/VIS/274.png,3902553,2026-08-22 04:53:24.983000,train
data_train/data_train/VIS/2743.png,3525895,2026-08-22 04:53:25.012000,train
data_train/data_train/VIS/2744.png,4047465,2026-08-22 04:53:25.098000,train
data_train/data_train/VIS/2745.png,4055618,2026-08-22 04:53:25.130000,train
data_train/data_train/VIS/2747.png,3975222,2026-08-22 04:53:25.198000,train
data_train/data_train/VIS/2748.png,3943362,2026-08-22 04:53:25.193000,train
data_train/data_train/VIS/2749.png,3855528,2026-08-22 04:53:25.245000,train
data_train/data_train/VIS/275.png,4103712,2026-08-22 04:53:25.297000,train
data_train/data_train/VIS/2750.png,4103712,2026-08-22 04:53:25.325000,train
data_train/data_train/VIS/2753.png,3777830,2026-08-22 04:53:25.355000,train
data_train/data_train/VIS/2754.png,4007215,2026-08-22 04:53:25.432000,train
data_train/data_train/VIS/2755.png,3856524,2026-08-22 04:53:25.439000,train
data_train/data_train/VIS/2757.png,3903886,2026-08-22 04:53:25.482000,train
data_train/data_train/VIS/2758.png,3939607,2026-08-22 04:53:25.531000,train
data_train/data_train/VIS/2760.png,3888109,2026-08-22 04:53:25.537000,train
data_train/data_train/VIS/2761.png,3967515,2026-08-22 04:53:25.617000,train
data_train/data_train/VIS/2764.png,3927611,2026-08-22 04:53:25.655000,train
data_train/data_train/VIS/2767.png,4095503,2026-08-22 04:53:25.683000,train
data_train/data_train/VIS/277.png,4103712,2026-08-22 04:53:25.725000,train
data_train/data_train/VIS/2771.png,3800574,2026-08-22 04:53:25.748000,train
data_train/data_train/VIS/2772.png,3856524,2026-08-22 04:53:25.776000,train
data_train/data_train/VIS/2778.png,3943626,2026-08-22 04:53:25.829000,train
data_train/data_train/VIS/2779.png,3821488,2026-08-22 04:53:25.868000,train
data_train/data_train/VIS/278.png,3754617,2026-08-22 04:53:25.874000,train
data_train/data_train/VIS/2780.png,4079947,2026-08-22 04:53:25.933000,train
data_train/data_train/VIS/2781.png,3895268,2026-08-22 04:53:25.957000,train
data_train/data_train/VIS/2783.png,3991336,2026-08-22 04:53:25.991000,train
data_train/data_train/VIS/2784.png,3901541,2026-08-22 04:53:26.011000,train
data_train/data_train/VIS/2786.png,3950199,2026-08-22 04:53:26.052000,train
data_train/data_train/VIS/2787.png,4103712,2026-08-22 04:53:26.107000,train
data_train/data_train/VIS/2789.png,3833108,2026-08-22 04:53:26.169000,train
data_train/data_train/VIS/279.png,3631822,2026-08-22 04:53:26.184000,train
data_train/data_train/VIS/2790.png,3991104,2026-08-22 04:53:26.191000,train
data_train/data_train/VIS/2793.png,4087919,2026-08-22 04:53:26.256000,train
data_train/data_train/VIS/2794.png,4055606,2026-08-22 04:53:26.265000,train
data_train/data_train/VIS/2796.png,3817204,2026-08-22 04:53:26.305000,train
data_train/data_train/VIS/2797.png,3935473,2026-08-22 04:53:26.343000,train
data_train/data_train/VIS/28.png,3793852,2026-08-22 04:53:26.398000,train
data_train/data_train/VIS/280.png,3943558,2026-08-22 04:53:26.432000,train
data_train/data_train/VIS/2802.png,4031601,2026-08-22 04:53:26.451000,train
data_train/data_train/VIS/2803.png,3864440,2026-08-22 04:53:26.483000,train
data_train/data_train/VIS/2805.png,3856524,2026-08-22 04:53:26.528000,train
data_train/data_train/VIS/2806.png,4054478,2026-08-22 04:53:26.650000,train
data_train/data_train/VIS/2807.png,3999512,2026-08-22 04:53:26.623000,train
data_train/data_train/VIS/2808.png,4031351,2026-08-22 04:53:26.686000,train
data_train/data_train/VIS/2809.png,3903773,2026-08-22 04:53:26.684000,train
data_train/data_train/VIS/281.png,3935181,2026-08-22 04:53:26.733000,train
data_train/data_train/VIS/2810.png,3872372,2026-08-22 04:53:26.766000,train
data_train/data_train/VIS/2811.png,3731752,2026-08-22 04:53:26.791000,train
data_train/data_train/VIS/2812.png,3745925,2026-08-22 04:53:26.817000,train
data_train/data_train/VIS/2813.png,4103712,2026-08-22 04:53:26.889000,train
data_train/data_train/VIS/2814.png,4055618,2026-08-22 04:53:26.889000,train
data_train/data_train/VIS/2815.png,4062682,2026-08-22 04:53:26.940000,train
data_train/data_train/VIS/2816.png,4015213,2026-08-22 04:53:26.993000,train
data_train/data_train/VIS/2817.png,4088055,2026-08-22 04:53:27.035000,train
data_train/data_train/VIS/2818.png,3895938,2026-08-22 04:53:27.086000,train
data_train/data_train/VIS/2819.png,3785714,2026-08-22 04:53:27.075000,train
data_train/data_train/VIS/282.png,4047644,2026-08-22 04:53:27.122000,train
data_train/data_train/VIS/2821.png,4144737,2026-08-22 04:53:27.159000,train
data_train/data_train/VIS/2823.png,3475847,2026-08-22 04:53:27.183000,train
data_train/data_train/VIS/2827.png,3870671,2026-08-22 04:53:27.234000,train
data_train/data_train/VIS/2828.png,4039402,2026-08-22 04:53:27.253000,train
data_train/data_train/VIS/2829.png,4144737,2026-08-22 04:53:27.289000,train
data_train/data_train/VIS/283.png,4120120,2026-08-22 04:53:27.351000,train
data_train/data_train/VIS/2831.png,3991319,2026-08-22 04:53:27.371000,train
data_train/data_train/VIS/2832.png,3693303,2026-08-22 04:53:27.421000,train
data_train/data_train/VIS/2834.png,3880325,2026-08-22 04:53:27.483000,train
data_train/data_train/VIS/2836.png,3878745,2026-08-22 04:53:27.509000,train
data_train/data_train/VIS/2838.png,4144737,2026-08-22 04:53:27.525000,train
data_train/data_train/VIS/284.png,4144737,2026-08-22 04:53:27.568000,train
data_train/data_train/VIS/2840.png,3903353,2026-08-22 04:53:27.597000,train
data_train/data_train/VIS/2842.png,4038642,2026-08-22 04:53:27.643000,train
data_train/data_train/VIS/2843.png,4144682,2026-08-22 04:53:27.713000,train
data_train/data_train/VIS/2845.png,3856380,2026-08-22 04:53:27.684000,train
data_train/data_train/VIS/2846.png,3903353,2026-08-22 04:53:27.726000,train
data_train/data_train/VIS/2849.png,3887299,2026-08-22 04:53:27.772000,train
data_train/data_train/VIS/285.png,4161145,2026-08-22 04:53:27.789000,train
data_train/data_train/VIS/2853.png,3762057,2026-08-22 04:53:27.850000,train
data_train/data_train/VIS/2854.png,3880265,2026-08-22 04:53:27.853000,train
data_train/data_train/VIS/2858.png,3896097,2026-08-22 04:53:27.903000,train
data_train/data_train/VIS/286.png,4079897,2026-08-22 04:53:27.918000,train
data_train/data_train/VIS/2861.png,4087864,2026-08-22 04:53:27.953000,train
data_train/data_train/VIS/2862.png,3935028,2026-08-22 04:53:28.005000,train
data_train/data_train/VIS/2863.png,3943626,2026-08-22 04:53:28.057000,train
data_train/data_train/VIS/2867.png,3880265,2026-08-22 04:53:28.098000,train
data_train/data_train/VIS/2868.png,4144737,2026-08-22 04:53:28.136000,train
data_train/data_train/VIS/2869.png,3669621,2026-08-22 04:53:28.113000,train
data_train/data_train/VIS/287.png,4054478,2026-08-22 04:53:28.191000,train
data_train/data_train/VIS/2870.png,3983188,2026-08-22 04:53:28.220000,train
data_train/data_train/VIS/2872.png,3908715,2026-08-22 04:53:28.260000,train
data_train/data_train/VIS/2873.png,4144737,2026-08-22 04:53:28.296000,train
data_train/data_train/VIS/2874.png,4007424,2026-08-22 04:53:28.367000,train
data_train/data_train/VIS/2875.png,3604840,2026-08-22 04:53:28.334000,train
data_train/data_train/VIS/2876.png,4202180,2026-08-22 04:53:28.412000,train
data_train/data_train/VIS/2878.png,3999312,2026-08-22 04:53:28.425000,train
data_train/data_train/VIS/288.png,3888146,2026-08-22 04:53:28.494000,train
data_train/data_train/VIS/2881.png,3477908,2026-08-22 04:53:28.508000,train
data_train/data_train/VIS/2883.png,4144737,2026-08-22 04:53:28.544000,train
data_train/data_train/VIS/2884.png,4039582,2026-08-22 04:53:28.600000,train
data_train/data_train/VIS/2885.png,3959571,2026-08-22 04:53:28.625000,train
data_train/data_train/VIS/2886.png,4104221,2026-08-22 04:53:28.668000,train
data_train/data_train/VIS/2887.png,3999200,2026-08-22 04:53:28.683000,train
data_train/data_train/VIS/2888.png,3700391,2026-08-22 04:53:28.723000,train
data_train/data_train/VIS/289.png,4128494,2026-08-22 04:53:28.790000,train
data_train/data_train/VIS/2890.png,3503030,2026-08-22 04:53:28.829000,train
data_train/data_train/VIS/2896.png,3951395,2026-08-22 04:53:28.853000,train
data_train/data_train/VIS/2897.png,3864440,2026-08-22 04:53:28.903000,train
data_train/data_train/VIS/2898.png,3943626,2026-08-22 04:53:28.927000,train
data_train/data_train/VIS/2899.png,4039386,2026-08-22 04:53:28.979000,train
data_train/data_train/VIS/290.png,4079925,2026-08-22 04:53:29,train
data_train/data_train/VIS/2900.png,3999431,2026-08-22 04:53:29.070000,train
data_train/data_train/VIS/2901.png,4031351,2026-08-22 04:53:29.103000,train
data_train/data_train/VIS/2902.png,3935473,2026-08-22 04:53:29.092000,train
data_train/data_train/VIS/2903.png,4054478,2026-08-22 04:53:29.132000,train
data_train/data_train/VIS/2906.png,3896097,2026-08-22 04:53:29.177000,train
data_train/data_train/VIS/2909.png,4023371,2026-08-22 04:53:29.220000,train
data_train/data_train/VIS/291.png,3894108,2026-08-22 04:53:29.240000,train
data_train/data_train/VIS/2912.png,3864393,2026-08-22 04:53:29.286000,train
data_train/data_train/VIS/2916.png,3613948,2026-08-22 04:53:29.303000,train
data_train/data_train/VIS/2918.png,3228502,2026-08-22 04:53:29.332000,train
data_train/data_train/VIS/292.png,3746478,2026-08-22 04:53:29.401000,train
data_train/data_train/VIS/2921.png,3533363,2026-08-22 04:53:29.455000,train
data_train/data_train/VIS/2924.png,4103712,2026-08-22 04:53:29.509000,train
data_train/data_train/VIS/2929.png,4039600,2026-08-22 04:53:29.568000,train
data_train/data_train/VIS/2930.png,4038642,2026-08-22 04:53:29.635000,train
data_train/data_train/VIS/2931.png,4079462,2026-08-22 04:53:29.645000,train
data_train/data_train/VIS/2932.png,3951551,2026-08-22 04:53:29.688000,train
data_train/data_train/VIS/2934.png,4054447,2026-08-22 04:53:29.727000,train
data_train/data_train/VIS/2936.png,3884771,2026-08-22 04:53:29.751000,train
data_train/data_train/VIS/2937.png,4079875,2026-08-22 04:53:29.797000,train
data_train/data_train/VIS/2938.png,3991084,2026-08-22 04:53:29.831000,train
data_train/data_train/VIS/2939.png,3974898,2026-08-22 04:53:29.876000,train
data_train/data_train/VIS/294.png,3990666,2026-08-22 04:53:29.918000,train
data_train/data_train/VIS/2940.png,4047694,2026-08-22 04:53:29.951000,train
data_train/data_train/VIS/2941.png,3864158,2026-08-22 04:53:30.001000,train
data_train/data_train/VIS/2942.png,3793882,2026-08-22 04:53:30.013000,train
data_train/data_train/VIS/2943.png,3888069,2026-08-22 04:53:30.058000,train
data_train/data_train/VIS/2944.png,4088055,2026-08-22 04:53:30.106000,train
data_train/data_train/VIS/2945.png,4023141,2026-08-22 04:53:30.126000,train
data_train/data_train/VIS/2947.png,3848816,2026-08-22 04:53:30.161000,train
data_train/data_train/VIS/2948.png,3919810,2026-08-22 04:53:30.219000,train
data_train/data_train/VIS/2949.png,4014857,2026-08-22 04:53:30.239000,train
data_train/data_train/VIS/295.png,3833147,2026-08-22 04:53:30.316000,train
data_train/data_train/VIS/2950.png,3967419,2026-08-22 04:53:30.330000,train
data_train/data_train/VIS/2952.png,4104221,2026-08-22 04:53:30.393000,train
data_train/data_train/VIS/2954.png,3786210,2026-08-22 04:53:30.405000,train
data_train/data_train/VIS/2957.png,4062682,2026-08-22 04:53:30.459000,train
data_train/data_train/VIS/2958.png,3848268,2026-08-22 04:53:30.476000,train
data_train/data_train/VIS/2959.png,3919631,2026-08-22 04:53:30.522000,train
data_train/data_train/VIS/2961.png,3864529,2026-08-22 04:53:30.599000,train
data_train/data_train/VIS/2963.png,4039402,2026-08-22 04:53:30.648000,train
data_train/data_train/VIS/2965.png,4104028,2026-08-22 04:53:30.709000,train
data_train/data_train/VIS/2966.png,3919666,2026-08-22 04:53:30.746000,train
data_train/data_train/VIS/2967.png,3933953,2026-08-22 04:53:30.796000,train
data_train/data_train/VIS/2970.png,3926979,2026-08-22 04:53:30.864000,train
data_train/data_train/VIS/2971.png,3864440,2026-08-22 04:53:30.871000,train
data_train/data_train/VIS/2974.png,3701027,2026-08-22 04:53:30.919000,train
data_train/data_train/VIS/2975.png,4144737,2026-08-22 04:53:30.944000,train
data_train/data_train/VIS/2976.png,4007469,2026-08-22 04:53:30.958000,train
data_train/data_train/VIS/2977.png,3801709,2026-08-22 04:53:31.023000,train
data_train/data_train/VIS/2978.png,3958780,2026-08-22 04:53:31.074000,train
data_train/data_train/VIS/2979.png,4063681,2026-08-22 04:53:31.112000,train
data_train/data_train/VIS/298.png,4103712,2026-08-22 04:53:31.140000,train
data_train/data_train/VIS/2980.png,3731883,2026-08-22 04:53:31.179000,train
data_train/data_train/VIS/2982.png,3791958,2026-08-22 04:53:31.212000,train
data_train/data_train/VIS/2984.png,3943107,2026-08-22 04:53:31.283000,train
data_train/data_train/VIS/2989.png,3708647,2026-08-22 04:53:31.337000,train
data_train/data_train/VIS/299.png,4023371,2026-08-22 04:53:31.375000,train
data_train/data_train/VIS/2991.png,4096163,2026-08-22 04:53:31.411000,train
data_train/data_train/VIS/2992.png,3949531,2026-08-22 04:53:31.411000,train
data_train/data_train/VIS/2994.png,3677974,2026-08-22 04:53:31.450000,train
data_train/data_train/VIS/2995.png,3870931,2026-08-22 04:53:31.507000,train
data_train/data_train/VIS/2996.png,4039041,2026-08-22 04:53:31.545000,train
data_train/data_train/VIS/2998.png,3898577,2026-08-22 04:53:31.575000,train
data_train/data_train/VIS/3.png,3943083,2026-08-22 04:53:31.615000,train
data_train/data_train/VIS/3002.png,3975431,2026-08-22 04:53:31.656000,train
data_train/data_train/VIS/3003.png,3869964,2026-08-22 04:53:31.702000,train
data_train/data_train/VIS/3004.png,3754617,2026-08-22 04:53:31.727000,train
data_train/data_train/VIS/3005.png,4079050,2026-08-22 04:53:31.762000,train
data_train/data_train/VIS/3007.png,3888069,2026-08-22 04:53:31.801000,train
data_train/data_train/VIS/3008.png,3951395,2026-08-22 04:53:31.830000,train
data_train/data_train/VIS/3009.png,3863288,2026-08-22 04:53:31.871000,train
data_train/data_train/VIS/301.png,3607444,2026-08-22 04:53:31.880000,train
data_train/data_train/VIS/3010.png,3786248,2026-08-22 04:53:31.953000,train
data_train/data_train/VIS/3012.png,4087634,2026-08-22 04:53:31.966000,train
data_train/data_train/VIS/3014.png,3807918,2026-08-22 04:53:31.989000,train
data_train/data_train/VIS/3015.png,4095503,2026-08-22 04:53:32.040000,train
data_train/data_train/VIS/3017.png,3808993,2026-08-22 04:53:32.052000,train
data_train/data_train/VIS/3019.png,4015513,2026-08-22 04:53:32.091000,train
data_train/data_train/VIS/302.png,4103712,2026-08-22 04:53:32.120000,train
data_train/data_train/VIS/3020.png,3744078,2026-08-22 04:53:32.217000,train
data_train/data_train/VIS/3021.png,3754882,2026-08-22 04:53:32.194000,train
data_train/data_train/VIS/3023.png,4103712,2026-08-22 04:53:32.262000,train
data_train/data_train/VIS/3024.png,3809371,2026-08-22 04:53:32.289000,train
data_train/data_train/VIS/3026.png,3902852,2026-08-22 04:53:32.319000,train
data_train/data_train/VIS/3029.png,4128600,2026-08-22 04:53:32.355000,train
data_train/data_train/VIS/303.png,4144838,2026-08-22 04:53:32.432000,train
data_train/data_train/VIS/3030.png,3967059,2026-08-22 04:53:32.439000,train
data_train/data_train/VIS/3032.png,3599300,2026-08-22 04:53:32.502000,train
data_train/data_train/VIS/3033.png,3967470,2026-08-22 04:53:32.520000,train
data_train/data_train/VIS/3034.png,3934761,2026-08-22 04:53:32.566000,train
data_train/data_train/VIS/3035.png,4007469,2026-08-22 04:53:32.593000,train
data_train/data_train/VIS/3036.png,3809191,2026-08-22 04:53:32.605000,train
data_train/data_train/VIS/3037.png,3730116,2026-08-22 04:53:32.672000,train
data_train/data_train/VIS/3039.png,3943571,2026-08-22 04:53:32.690000,train
data_train/data_train/VIS/3040.png,4071311,2026-08-22 04:53:32.745000,train
data_train/data_train/VIS/3042.png,4006941,2026-08-22 04:53:32.776000,train
data_train/data_train/VIS/3043.png,3999431,2026-08-22 04:53:32.831000,train
data_train/data_train/VIS/3044.png,4144737,2026-08-22 04:53:32.844000,train
data_train/data_train/VIS/3045.png,3887711,2026-08-22 04:53:32.905000,train
data_train/data_train/VIS/3047.png,3840087,2026-08-22 04:53:32.942000,train
data_train/data_train/VIS/3048.png,3973256,2026-08-22 04:53:32.973000,train
data_train/data_train/VIS/3051.png,4007215,2026-08-22 04:53:32.972000,train
data_train/data_train/VIS/3052.png,4103712,2026-08-22 04:53:33.029000,train
data_train/data_train/VIS/3055.png,4120105,2026-08-22 04:53:33.093000,train
data_train/data_train/VIS/3056.png,4055618,2026-08-22 04:53:33.132000,train
data_train/data_train/VIS/3057.png,3670205,2026-08-22 04:53:33.127000,train
data_train/data_train/VIS/3059.png,3951474,2026-08-22 04:53:33.193000,train
data_train/data_train/VIS/306.png,4031520,2026-08-22 04:53:33.218000,train
data_train/data_train/VIS/3060.png,3896097,2026-08-22 04:53:33.260000,train
data_train/data_train/VIS/3062.png,4103712,2026-08-22 04:53:33.311000,train
data_train/data_train/VIS/3064.png,3911826,2026-08-22 04:53:33.312000,train
data_train/data_train/VIS/3066.png,3943033,2026-08-22 04:53:33.366000,train
data_train/data_train/VIS/3067.png,3762837,2026-08-22 04:53:33.407000,train
data_train/data_train/VIS/3069.png,3896097,2026-08-22 04:53:33.449000,train
data_train/data_train/VIS/307.png,4070891,2026-08-22 04:53:33.496000,train
data_train/data_train/VIS/3072.png,3898577,2026-08-22 04:53:33.504000,train
data_train/data_train/VIS/3074.png,4103712,2026-08-22 04:53:33.567000,train
data_train/data_train/VIS/3075.png,4063568,2026-08-22 04:53:33.597000,train
data_train/data_train/VIS/3080.png,3910891,2026-08-22 04:53:33.625000,train
data_train/data_train/VIS/3081.png,4071849,2026-08-22 04:53:33.685000,train
data_train/data_train/VIS/3082.png,3730501,2026-08-22 04:53:33.728000,train
data_train/data_train/VIS/3083.png,3863796,2026-08-22 04:53:33.734000,train
data_train/data_train/VIS/3084.png,3708380,2026-08-22 04:53:33.775000,train
data_train/data_train/VIS/3085.png,3076037,2026-08-22 04:53:33.786000,train
data_train/data_train/VIS/3088.png,3898577,2026-08-22 04:53:33.834000,train
data_train/data_train/VIS/309.png,3832363,2026-08-22 04:53:33.875000,train
data_train/data_train/VIS/3091.png,4128636,2026-08-22 04:53:33.902000,train
data_train/data_train/VIS/3093.png,3026119,2026-08-22 04:53:33.943000,train
data_train/data_train/VIS/3094.png,3801457,2026-08-22 04:53:33.966000,train
data_train/data_train/VIS/3096.png,3825265,2026-08-22 04:53:34.018000,train
data_train/data_train/VIS/3097.png,4007484,2026-08-22 04:53:34.046000,train
data_train/data_train/VIS/3098.png,3951116,2026-08-22 04:53:34.090000,train
data_train/data_train/VIS/310.png,4103712,2026-08-22 04:53:34.122000,train
data_train/data_train/VIS/3100.png,3910926,2026-08-22 04:53:34.153000,train
data_train/data_train/VIS/3102.png,4039357,2026-08-22 04:53:34.193000,train
data_train/data_train/VIS/3103.png,3982601,2026-08-22 04:53:34.224000,train
data_train/data_train/VIS/3105.png,4054478,2026-08-22 04:53:34.299000,train
data_train/data_train/VIS/3108.png,3998852,2026-08-22 04:53:34.334000,train
data_train/data_train/VIS/3109.png,3895938,2026-08-22 04:53:34.392000,train
data_train/data_train/VIS/311.png,4144737,2026-08-22 04:53:34.415000,train
data_train/data_train/VIS/3113.png,3833117,2026-08-22 04:53:34.473000,train
data_train/data_train/VIS/3115.png,3943067,2026-08-22 04:53:34.504000,train
data_train/data_train/VIS/3116.png,3662650,2026-08-22 04:53:34.497000,train
data_train/data_train/VIS/3118.png,4079791,2026-08-22 04:53:34.552000,train
data_train/data_train/VIS/312.png,4096077,2026-08-22 04:53:34.581000,train
data_train/data_train/VIS/3120.png,4120492,2026-08-22 04:53:34.601000,train
data_train/data_train/VIS/3121.png,3951241,2026-08-22 04:53:34.648000,train
data_train/data_train/VIS/3122.png,4047311,2026-08-22 04:53:34.716000,train
data_train/data_train/VIS/3124.png,4014616,2026-08-22 04:53:34.732000,train
data_train/data_train/VIS/3126.png,4063158,2026-08-22 04:53:34.787000,train
data_train/data_train/VIS/3127.png,3990709,2026-08-22 04:53:34.804000,train
data_train/data_train/VIS/3128.png,4031351,2026-08-22 04:53:34.845000,train
data_train/data_train/VIS/313.png,4103712,2026-08-22 04:53:34.886000,train
data_train/data_train/VIS/3130.png,3877997,2026-08-22 04:53:34.963000,train
data_train/data_train/VIS/3133.png,4015513,2026-08-22 04:53:34.945000,train
data_train/data_train/VIS/3135.png,4153010,2026-08-22 04:53:34.994000,train
data_train/data_train/VIS/3137.png,3957641,2026-08-22 04:53:35.034000,train
data_train/data_train/VIS/3138.png,3778460,2026-08-22 04:53:35.074000,train
data_train/data_train/VIS/314.png,4079925,2026-08-22 04:53:35.100000,train
data_train/data_train/VIS/3140.png,4031289,2026-08-22 04:53:35.141000,train
data_train/data_train/VIS/3141.png,4095503,2026-08-22 04:53:35.166000,train
data_train/data_train/VIS/3142.png,4055697,2026-08-22 04:53:35.239000,train
data_train/data_train/VIS/3144.png,3919382,2026-08-22 04:53:35.259000,train
data_train/data_train/VIS/3148.png,4054958,2026-08-22 04:53:35.291000,train
data_train/data_train/VIS/315.png,3762909,2026-08-22 04:53:35.347000,train
data_train/data_train/VIS/3150.png,3999476,2026-08-22 04:53:35.363000,train
data_train/data_train/VIS/3151.png,3990709,2026-08-22 04:53:35.433000,train
data_train/data_train/VIS/3154.png,3999160,2026-08-22 04:53:35.443000,train
data_train/data_train/VIS/3157.png,3972428,2026-08-22 04:53:35.451000,train
data_train/data_train/VIS/3158.png,4136781,2026-08-22 04:53:35.502000,train
data_train/data_train/VIS/3159.png,3608876,2026-08-22 04:53:35.523000,train
data_train/data_train/VIS/3160.png,3793852,2026-08-22 04:53:35.569000,train
data_train/data_train/VIS/3161.png,3966589,2026-08-22 04:53:35.621000,train
data_train/data_train/VIS/3162.png,4144737,2026-08-22 04:53:35.666000,train
data_train/data_train/VIS/3163.png,3911894,2026-08-22 04:53:35.674000,train
data_train/data_train/VIS/3165.png,4047644,2026-08-22 04:53:35.723000,train
data_train/data_train/VIS/3166.png,3933953,2026-08-22 04:53:35.770000,train
data_train/data_train/VIS/3169.png,4015491,2026-08-22 04:53:35.834000,train
data_train/data_train/VIS/317.png,4103712,2026-08-22 04:53:35.844000,train
data_train/data_train/VIS/3170.png,4095671,2026-08-22 04:53:35.870000,train
data_train/data_train/VIS/3171.png,3904013,2026-08-22 04:53:35.919000,train
data_train/data_train/VIS/3172.png,3824825,2026-08-22 04:53:35.990000,train
data_train/data_train/VIS/3175.png,3888169,2026-08-22 04:53:35.995000,train
data_train/data_train/VIS/3176.png,3975423,2026-08-22 04:53:36.018000,train
data_train/data_train/VIS/3178.png,3975248,2026-08-22 04:53:36.084000,train
data_train/data_train/VIS/3180.png,3879737,2026-08-22 04:53:36.105000,train
data_train/data_train/VIS/3181.png,3880021,2026-08-22 04:53:36.127000,train
data_train/data_train/VIS/3186.png,2973136,2026-08-22 04:53:36.181000,train
data_train/data_train/VIS/3187.png,3999020,2026-08-22 04:53:36.204000,train
data_train/data_train/VIS/3188.png,3975468,2026-08-22 04:53:36.260000,train
data_train/data_train/VIS/3189.png,3761497,2026-08-22 04:53:36.281000,train
data_train/data_train/VIS/3191.png,3991496,2026-08-22 04:53:36.331000,train
data_train/data_train/VIS/3192.png,4039582,2026-08-22 04:53:36.342000,train
data_train/data_train/VIS/3194.png,3991104,2026-08-22 04:53:36.405000,train
data_train/data_train/VIS/3198.png,4023512,2026-08-22 04:53:36.416000,train
data_train/data_train/VIS/320.png,4062682,2026-08-22 04:53:36.525000,train
data_train/data_train/VIS/3200.png,3840087,2026-08-22 04:53:36.501000,train
data_train/data_train/VIS/3201.png,3975248,2026-08-22 04:53:36.552000,train
data_train/data_train/VIS/3203.png,3864440,2026-08-22 04:53:36.570000,train
data_train/data_train/VIS/3204.png,3809448,2026-08-22 04:53:36.614000,train
data_train/data_train/VIS/3209.png,3943571,2026-08-22 04:53:36.664000,train
data_train/data_train/VIS/321.png,3966415,2026-08-22 04:53:36.679000,train
data_train/data_train/VIS/3210.png,4128600,2026-08-22 04:53:36.721000,train
data_train/data_train/VIS/3211.png,3959571,2026-08-22 04:53:36.769000,train
data_train/data_train/VIS/3212.png,3919121,2026-08-22 04:53:36.797000,train
data_train/data_train/VIS/3214.png,3759129,2026-08-22 04:53:36.870000,train
data_train/data_train/VIS/3215.png,3716422,2026-08-22 04:53:36.913000,train
data_train/data_train/VIS/3216.png,3872448,2026-08-22 04:53:36.908000,train
data_train/data_train/VIS/3218.png,4103712,2026-08-22 04:53:36.952000,train
data_train/data_train/VIS/3219.png,3754592,2026-08-22 04:53:36.976000,train
data_train/data_train/VIS/322.png,3864393,2026-08-22 04:53:37.033000,train
data_train/data_train/VIS/3220.png,3747333,2026-08-22 04:53:37.075000,train
data_train/data_train/VIS/3222.png,4023553,2026-08-22 04:53:37.099000,train
data_train/data_train/VIS/3223.png,4039357,2026-08-22 04:53:37.143000,train
data_train/data_train/VIS/3224.png,3880285,2026-08-22 04:53:37.186000,train
data_train/data_train/VIS/3227.png,3959390,2026-08-22 04:53:37.230000,train
data_train/data_train/VIS/323.png,3967459,2026-08-22 04:53:37.331000,train
data_train/data_train/VIS/3230.png,3746478,2026-08-22 04:53:37.302000,train
data_train/data_train/VIS/3231.png,3619485,2026-08-22 04:53:37.308000,train
data_train/data_train/VIS/3233.png,3991451,2026-08-22 04:53:37.354000,train
data_train/data_train/VIS/3234.png,3935682,2026-08-22 04:53:37.419000,train
data_train/data_train/VIS/3237.png,3980941,2026-08-22 04:53:37.570000,train
data_train/data_train/VIS/324.png,4144737,2026-08-22 04:53:37.472000,train
data_train/data_train/VIS/3240.png,3801824,2026-08-22 04:53:37.836000,train
data_train/data_train/VIS/3241.png,3895721,2026-08-22 04:53:37.582000,train
data_train/data_train/VIS/3242.png,3863288,2026-08-22 04:53:37.603000,train
data_train/data_train/VIS/3243.png,4103712,2026-08-22 04:53:37.656000,train
data_train/data_train/VIS/3244.png,4161145,2026-08-22 04:53:37.719000,train
data_train/data_train/VIS/3245.png,3840764,2026-08-22 04:53:37.785000,train
data_train/data_train/VIS/3246.png,3661020,2026-08-22 04:53:37.804000,train
data_train/data_train/VIS/3247.png,3029931,2026-08-22 04:53:37.849000,train
data_train/data_train/VIS/325.png,3943558,2026-08-22 04:53:37.896000,train
data_train/data_train/VIS/3252.png,4112356,2026-08-22 04:53:37.910000,train
data_train/data_train/VIS/3253.png,4071335,2026-08-22 04:53:37.971000,train
data_train/data_train/VIS/3255.png,3927394,2026-08-22 04:53:38.053000,train
data_train/data_train/VIS/3257.png,3903353,2026-08-22 04:53:38.095000,train
data_train/data_train/VIS/3259.png,4177558,2026-08-22 04:53:41.833000,train
data_train/data_train/VIS/326.png,3731811,2026-08-22 04:53:38.351000,train
data_train/data_train/VIS/3260.png,4063113,2026-08-22 04:53:38.213000,train
data_train/data_train/VIS/3262.png,3910264,2026-08-22 04:53:39,train
data_train/data_train/VIS/3263.png,3943033,2026-08-22 04:53:38.285000,train
data_train/data_train/VIS/3264.png,4079095,2026-08-22 04:53:38.320000,train
data_train/data_train/VIS/3265.png,3793882,2026-08-22 04:53:38.693000,train
data_train/data_train/VIS/3266.png,3707975,2026-08-22 04:53:38.448000,train
data_train/data_train/VIS/3267.png,3925840,2026-08-22 04:53:38.458000,train
data_train/data_train/VIS/3269.png,3999160,2026-08-22 04:53:38.469000,train
data_train/data_train/VIS/327.png,3503339,2026-08-22 04:53:38.490000,train
data_train/data_train/VIS/3273.png,4015312,2026-08-22 04:53:38.549000,train
data_train/data_train/VIS/3274.png,3754558,2026-08-22 04:53:38.576000,train
data_train/data_train/VIS/3275.png,4088055,2026-08-22 04:53:38.605000,train
data_train/data_train/VIS/3277.png,4112329,2026-08-22 04:53:38.640000,train
data_train/data_train/VIS/3278.png,4202180,2026-08-22 04:53:38.686000,train
data_train/data_train/VIS/3279.png,4014616,2026-08-22 04:53:38.716000,train
data_train/data_train/VIS/328.png,4161095,2026-08-22 04:53:38.844000,train
data_train/data_train/VIS/3281.png,4062682,2026-08-22 04:53:41.533000,train
data_train/data_train/VIS/3282.png,4103712,2026-08-22 04:53:40.613000,train
data_train/data_train/VIS/3283.png,4006925,2026-08-22 04:53:38.872000,train
data_train/data_train/VIS/3284.png,3872314,2026-08-22 04:53:38.935000,train
data_train/data_train/VIS/3286.png,3939607,2026-08-22 04:53:38.948000,train
data_train/data_train/VIS/3290.png,4103712,2026-08-22 04:53:38.992000,train
data_train/data_train/VIS/3292.png,4144737,2026-08-22 04:53:41.686000,train
data_train/data_train/VIS/3294.png,4103712,2026-08-22 04:53:39.084000,train
data_train/data_train/VIS/3295.png,3723137,2026-08-22 04:53:39.118000,train
data_train/data_train/VIS/3296.png,3747113,2026-08-22 04:53:39.173000,train
data_train/data_train/VIS/3298.png,4128600,2026-08-22 04:53:40.187000,train
data_train/data_train/VIS/330.png,3888146,2026-08-22 04:53:39.175000,train
data_train/data_train/VIS/3303.png,3793936,2026-08-22 04:53:39.329000,train
data_train/data_train/VIS/3304.png,3628886,2026-08-22 04:53:39.281000,train
data_train/data_train/VIS/3306.png,3785979,2026-08-22 04:53:39.314000,train
data_train/data_train/VIS/3307.png,3911646,2026-08-22 04:53:39.340000,train
data_train/data_train/VIS/3308.png,3693115,2026-08-22 04:53:39.392000,train
data_train/data_train/VIS/3309.png,3670282,2026-08-22 04:53:39.441000,train
data_train/data_train/VIS/3310.png,4039386,2026-08-22 04:53:39.453000,train
data_train/data_train/VIS/3313.png,3950704,2026-08-22 04:53:39.488000,train
data_train/data_train/VIS/3314.png,3770531,2026-08-22 04:53:39.534000,train
data_train/data_train/VIS/3315.png,3856524,2026-08-22 04:53:39.585000,train
data_train/data_train/VIS/3316.png,3767041,2026-08-22 04:53:39.612000,train
data_train/data_train/VIS/3317.png,4055697,2026-08-22 04:53:39.656000,train
data_train/data_train/VIS/3318.png,3832993,2026-08-22 04:53:39.685000,train
data_train/data_train/VIS/332.png,3561586,2026-08-22 04:53:39.698000,train
data_train/data_train/VIS/3320.png,4144737,2026-08-22 04:53:39.738000,train
data_train/data_train/VIS/3323.png,3903886,2026-08-22 04:53:39.811000,train
data_train/data_train/VIS/3324.png,3301052,2026-08-22 04:53:40.319000,train
data_train/data_train/VIS/3328.png,3801039,2026-08-22 04:53:39.845000,train
data_train/data_train/VIS/3329.png,3910849,2026-08-22 04:53:39.883000,train
data_train/data_train/VIS/333.png,4096113,2026-08-22 04:53:39.947000,train
data_train/data_train/VIS/3330.png,3856524,2026-08-22 04:53:39.961000,train
data_train/data_train/VIS/3331.png,4023557,2026-08-22 04:53:40.015000,train
data_train/data_train/VIS/3332.png,4079592,2026-08-22 04:53:40.046000,train
data_train/data_train/VIS/3333.png,3774165,2026-08-22 04:53:40.064000,train
data_train/data_train/VIS/3334.png,3903773,2026-08-22 04:53:40.121000,train
data_train/data_train/VIS/3335.png,3731811,2026-08-22 04:53:40.136000,train
data_train/data_train/VIS/3336.png,3903353,2026-08-22 04:53:40.184000,train
data_train/data_train/VIS/3337.png,4079925,2026-08-22 04:53:40.215000,train
data_train/data_train/VIS/334.png,4023388,2026-08-22 04:53:40.252000,train
data_train/data_train/VIS/3343.png,3864440,2026-08-22 04:53:40.270000,train
data_train/data_train/VIS/3345.png,3880257,2026-08-22 04:53:40.313000,train
data_train/data_train/VIS/3346.png,3975431,2026-08-22 04:53:41.427000,train
data_train/data_train/VIS/3347.png,4038642,2026-08-22 04:53:40.404000,train
data_train/data_train/VIS/3348.png,4007484,2026-08-22 04:53:40.451000,train
data_train/data_train/VIS/3349.png,3894803,2026-08-22 04:53:41.281000,train
data_train/data_train/VIS/335.png,3754593,2026-08-22 04:53:40.610000,train
data_train/data_train/VIS/3353.png,4054478,2026-08-22 04:53:40.599000,train
data_train/data_train/VIS/3354.png,3863728,2026-08-22 04:53:41.517000,train
data_train/data_train/VIS/3356.png,3864529,2026-08-22 04:53:40.591000,train
data_train/data_train/VIS/3358.png,3943033,2026-08-22 04:53:40.644000,train
data_train/data_train/VIS/3359.png,3846564,2026-08-22 04:53:40.730000,train
data_train/data_train/VIS/3360.png,3918970,2026-08-22 04:53:40.729000,train
data_train/data_train/VIS/3361.png,3832366,2026-08-22 04:53:40.722000,train
data_train/data_train/VIS/3362.png,4144838,2026-08-22 04:53:40.781000,train
data_train/data_train/VIS/3366.png,3809151,2026-08-22 04:53:40.791000,train
data_train/data_train/VIS/3368.png,3864529,2026-08-22 04:53:40.799000,train
data_train/data_train/VIS/337.png,3991336,2026-08-22 04:53:41.034000,train
data_train/data_train/VIS/3371.png,3896062,2026-08-22 04:53:40.896000,train
data_train/data_train/VIS/3374.png,4031565,2026-08-22 04:53:40.944000,train
data_train/data_train/VIS/3375.png,3864440,2026-08-22 04:53:40.981000,train
data_train/data_train/VIS/3377.png,3956907,2026-08-22 04:53:41.016000,train
data_train/data_train/VIS/3378.png,4055697,2026-08-22 04:53:41.033000,train
data_train/data_train/VIS/3379.png,3911826,2026-08-22 04:53:41.677000,train
data_train/data_train/VIS/338.png,4014616,2026-08-22 04:53:41.090000,train
data_train/data_train/VIS/3380.png,3700871,2026-08-22 04:53:41.125000,train
data_train/data_train/VIS/3382.png,3919631,2026-08-22 04:53:41.163000,train
data_train/data_train/VIS/3383.png,4120322,2026-08-22 04:53:41.222000,train
data_train/data_train/VIS/3384.png,4144737,2026-08-22 04:53:41.289000,train
data_train/data_train/VIS/3385.png,4112229,2026-08-22 04:53:41.280000,train
data_train/data_train/VIS/3386.png,3593824,2026-08-22 04:53:41.318000,train
data_train/data_train/VIS/3389.png,3193216,2026-08-22 04:53:41.439000,train
data_train/data_train/VIS/339.png,3943107,2026-08-22 04:53:41.390000,train
data_train/data_train/VIS/3390.png,4063773,2026-08-22 04:53:41.439000,train
data_train/data_train/VIS/3391.png,3379718,2026-08-22 04:53:41.488000,train
data_train/data_train/VIS/3392.png,3872356,2026-08-22 04:53:41.494000,train
data_train/data_train/VIS/3393.png,3903101,2026-08-22 04:53:41.556000,train
data_train/data_train/VIS/3395.png,3935406,2026-08-22 04:53:41.591000,train
data_train/data_train/VIS/3396.png,4144737,2026-08-22 04:53:41.774000,train
data_train/data_train/VIS/3397.png,3848816,2026-08-22 04:53:41.656000,train
data_train/data_train/VIS/3398.png,3817468,2026-08-22 04:53:41.910000,train
data_train/data_train/VIS/3399.png,3999020,2026-08-22 04:53:41.811000,train
data_train/data_train/VIS/340.png,4079236,2026-08-22 04:53:41.790000,train
data_train/data_train/VIS/3400.png,3851836,2026-08-22 04:53:41.805000,train
data_train/data_train/VIS/3401.png,3935371,2026-08-22 04:53:41.855000,train
data_train/data_train/VIS/3402.png,3770296,2026-08-22 04:53:41.881000,train
data_train/data_train/VIS/3405.png,3999431,2026-08-22 04:53:41.910000,train
data_train/data_train/VIS/3406.png,3990196,2026-08-22 04:53:41.955000,train
data_train/data_train/VIS/3407.png,3864525,2026-08-22 04:53:41.978000,train
data_train/data_train/VIS/3408.png,3660307,2026-08-22 04:53:42.175000,train
data_train/data_train/VIS/3409.png,3896093,2026-08-22 04:53:42.031000,train
data_train/data_train/VIS/341.png,4103712,2026-08-22 04:53:42.108000,train
data_train/data_train/VIS/3410.png,4095851,2026-08-22 04:53:42.161000,train
data_train/data_train/VIS/3412.png,4055366,2026-08-22 04:53:42.217000,train
data_train/data_train/VIS/3414.png,3999160,2026-08-22 04:53:42.244000,train
data_train/data_train/VIS/3415.png,3918070,2026-08-22 04:53:42.356000,train
data_train/data_train/VIS/3416.png,3760038,2026-08-22 04:53:42.328000,train
data_train/data_train/VIS/3417.png,4103712,2026-08-22 04:53:42.375000,train
data_train/data_train/VIS/3419.png,3959531,2026-08-22 04:53:42.402000,train
data_train/data_train/VIS/3420.png,3393886,2026-08-22 04:53:42.456000,train
data_train/data_train/VIS/3422.png,3896097,2026-08-22 04:53:42.476000,train
data_train/data_train/VIS/3425.png,3770296,2026-08-22 04:53:42.508000,train
data_train/data_train/VIS/3431.png,3903973,2026-08-22 04:53:42.545000,train
data_train/data_train/VIS/3434.png,4039600,2026-08-22 04:53:42.582000,train
data_train/data_train/VIS/3436.png,3616805,2026-08-22 04:53:42.698000,train
data_train/data_train/VIS/3438.png,4055573,2026-08-22 04:53:42.674000,train
data_train/data_train/VIS/3442.png,3999420,2026-08-22 04:53:42.704000,train
data_train/data_train/VIS/3443.png,3911646,2026-08-22 04:53:42.734000,train
data_train/data_train/VIS/3447.png,4128544,2026-08-22 04:53:42.949000,train
data_train/data_train/VIS/3448.png,3935682,2026-08-22 04:53:42.846000,train
data_train/data_train/VIS/3449.png,3848788,2026-08-22 04:53:42.846000,train
data_train/data_train/VIS/345.png,3616020,2026-08-22 04:53:42.854000,train
data_train/data_train/VIS/3451.png,4047694,2026-08-22 04:53:42.934000,train
data_train/data_train/VIS/3452.png,3833023,2026-08-22 04:53:42.945000,train
data_train/data_train/VIS/3453.png,3888146,2026-08-22 04:53:42.974000,train
data_train/data_train/VIS/3454.png,3864440,2026-08-22 04:53:43.013000,train
data_train/data_train/VIS/3458.png,4047594,2026-08-22 04:53:43.069000,train
data_train/data_train/VIS/3459.png,4103712,2026-08-22 04:53:43.388000,train
data_train/data_train/VIS/346.png,3927359,2026-08-22 04:53:43.152000,train
data_train/data_train/VIS/3460.png,2932161,2026-08-22 04:53:43.169000,train
data_train/data_train/VIS/3461.png,4023557,2026-08-22 04:53:43.212000,train
data_train/data_train/VIS/3462.png,3939607,2026-08-22 04:53:43.239000,train
data_train/data_train/VIS/3463.png,3832976,2026-08-22 04:53:43.299000,train
data_train/data_train/VIS/3466.png,3864440,2026-08-22 04:53:43.348000,train
data_train/data_train/VIS/3467.png,3911826,2026-08-22 04:53:43.367000,train
data_train/data_train/VIS/3468.png,4031464,2026-08-22 04:53:43.384000,train
data_train/data_train/VIS/3469.png,3983366,2026-08-22 04:53:43.438000,train
data_train/data_train/VIS/3470.png,3753561,2026-08-22 04:53:43.478000,train
data_train/data_train/VIS/3472.png,3903353,2026-08-22 04:53:43.525000,train
data_train/data_train/VIS/3473.png,3895311,2026-08-22 04:53:43.601000,train
data_train/data_train/VIS/3474.png,4095503,2026-08-22 04:53:43.695000,train
data_train/data_train/VIS/3475.png,3876236,2026-08-22 04:53:43.617000,train
data_train/data_train/VIS/3477.png,4055688,2026-08-22 04:53:43.698000,train
data_train/data_train/VIS/3478.png,3998970,2026-08-22 04:53:43.708000,train
data_train/data_train/VIS/3479.png,4038030,2026-08-22 04:53:43.767000,train
data_train/data_train/VIS/3482.png,3817413,2026-08-22 04:53:43.787000,train
data_train/data_train/VIS/3483.png,3413284,2026-08-22 04:53:43.816000,train
data_train/data_train/VIS/3485.png,2895544,2026-08-22 04:53:43.837000,train
data_train/data_train/VIS/3487.png,3723944,2026-08-22 04:53:43.905000,train
data_train/data_train/VIS/349.png,3770693,2026-08-22 04:53:43.942000,train
data_train/data_train/VIS/3490.png,3871776,2026-08-22 04:53:43.982000,train
data_train/data_train/VIS/3491.png,4014857,2026-08-22 04:53:43.993000,train
data_train/data_train/VIS/3492.png,3909624,2026-08-22 04:53:44.063000,train
data_train/data_train/VIS/3494.png,4015312,2026-08-22 04:53:44.061000,train
data_train/data_train/VIS/3495.png,4007265,2026-08-22 04:53:44.123000,train
data_train/data_train/VIS/3497.png,4136781,2026-08-22 04:53:44.175000,train
data_train/data_train/VIS/3498.png,3951241,2026-08-22 04:53:44.283000,train
data_train/data_train/VIS/3499.png,4087919,2026-08-22 04:53:44.267000,train
data_train/data_train/VIS/35.png,3911894,2026-08-22 04:53:44.283000,train
data_train/data_train/VIS/3501.png,4144737,2026-08-22 04:53:44.306000,train
data_train/data_train/VIS/3502.png,3863288,2026-08-22 04:53:44.374000,train
data_train/data_train/VIS/3503.png,4063158,2026-08-22 04:53:44.406000,train
data_train/data_train/VIS/3504.png,4103712,2026-08-22 04:53:44.446000,train
data_train/data_train/VIS/3505.png,4006941,2026-08-22 04:53:44.472000,train
data_train/data_train/VIS/3506.png,4153010,2026-08-22 04:53:44.524000,train
data_train/data_train/VIS/3507.png,3951591,2026-08-22 04:53:44.601000,train
data_train/data_train/VIS/3509.png,4128324,2026-08-22 04:53:44.597000,train
data_train/data_train/VIS/351.png,3863263,2026-08-22 04:53:44.633000,train
data_train/data_train/VIS/3511.png,3943558,2026-08-22 04:53:44.674000,train
data_train/data_train/VIS/3516.png,3599564,2026-08-22 04:53:44.696000,train
data_train/data_train/VIS/3519.png,3869084,2026-08-22 04:53:44.734000,train
data_train/data_train/VIS/3521.png,3863766,2026-08-22 04:53:44.807000,train
data_train/data_train/VIS/3525.png,3614078,2026-08-22 04:53:44.865000,train
data_train/data_train/VIS/3526.png,3670310,2026-08-22 04:53:44.842000,train
data_train/data_train/VIS/3528.png,4103712,2026-08-22 04:53:44.873000,train
data_train/data_train/VIS/3529.png,3983366,2026-08-22 04:53:44.937000,train
data_train/data_train/VIS/3531.png,4039650,2026-08-22 04:53:44.955000,train
data_train/data_train/VIS/3534.png,3895921,2026-08-22 04:53:44.994000,train
data_train/data_train/VIS/3535.png,4007529,2026-08-22 04:53:45.037000,train
data_train/data_train/VIS/3536.png,4120372,2026-08-22 04:53:45.072000,train
data_train/data_train/VIS/3537.png,3951435,2026-08-22 04:53:45.235000,train
data_train/data_train/VIS/3538.png,3975468,2026-08-22 04:53:45.144000,train
data_train/data_train/VIS/3539.png,3609104,2026-08-22 04:53:45.189000,train
data_train/data_train/VIS/3541.png,4079875,2026-08-22 04:53:45.204000,train
data_train/data_train/VIS/3542.png,3721008,2026-08-22 04:53:45.234000,train
data_train/data_train/VIS/3543.png,4023512,2026-08-22 04:53:45.288000,train
data_train/data_train/VIS/3544.png,4039650,2026-08-22 04:53:45.305000,train
data_train/data_train/VIS/3547.png,3692343,2026-08-22 04:53:45.356000,train
data_train/data_train/VIS/3548.png,3903973,2026-08-22 04:53:45.390000,train
data_train/data_train/VIS/3550.png,3824115,2026-08-22 04:53:45.418000,train
data_train/data_train/VIS/3555.png,3616693,2026-08-22 04:53:45.460000,train
data_train/data_train/VIS/3556.png,3573035,2026-08-22 04:53:45.466000,train
data_train/data_train/VIS/3557.png,3864529,2026-08-22 04:53:45.532000,train
data_train/data_train/VIS/3559.png,3951241,2026-08-22 04:53:45.519000,train
data_train/data_train/VIS/3560.png,4039331,2026-08-22 04:53:45.567000,train
data_train/data_train/VIS/3562.png,3833108,2026-08-22 04:53:45.602000,train
data_train/data_train/VIS/3563.png,3911335,2026-08-22 04:53:45.645000,train
data_train/data_train/VIS/3564.png,4136666,2026-08-22 04:53:45.674000,train
data_train/data_train/VIS/3567.png,4112301,2026-08-22 04:53:45.748000,train
data_train/data_train/VIS/3568.png,4144737,2026-08-22 04:53:45.774000,train
data_train/data_train/VIS/3569.png,3951519,2026-08-22 04:53:45.775000,train
data_train/data_train/VIS/357.png,3753581,2026-08-22 04:53:45.822000,train
data_train/data_train/VIS/3570.png,3983516,2026-08-22 04:53:45.873000,train
data_train/data_train/VIS/3572.png,3684201,2026-08-22 04:53:45.902000,train
data_train/data_train/VIS/3574.png,3848816,2026-08-22 04:53:45.939000,train
data_train/data_train/VIS/3575.png,4047465,2026-08-22 04:53:45.948000,train
data_train/data_train/VIS/3577.png,3508689,2026-08-22 04:53:45.990000,train
data_train/data_train/VIS/3578.png,3777963,2026-08-22 04:53:46.042000,train
data_train/data_train/VIS/358.png,4055697,2026-08-22 04:53:46.102000,train
data_train/data_train/VIS/3580.png,3584531,2026-08-22 04:53:46.120000,train
data_train/data_train/VIS/3581.png,3888025,2026-08-22 04:53:46.164000,train
data_train/data_train/VIS/3582.png,3619485,2026-08-22 04:53:46.173000,train
data_train/data_train/VIS/3586.png,4144737,2026-08-22 04:53:46.211000,train
data_train/data_train/VIS/3587.png,3966589,2026-08-22 04:53:46.259000,train
data_train/data_train/VIS/3589.png,3864525,2026-08-22 04:53:46.279000,train
data_train/data_train/VIS/3591.png,3816939,2026-08-22 04:53:46.312000,train
data_train/data_train/VIS/3592.png,4095458,2026-08-22 04:53:46.345000,train
data_train/data_train/VIS/3593.png,3911686,2026-08-22 04:53:46.436000,train
data_train/data_train/VIS/3597.png,3951151,2026-08-22 04:53:46.443000,train
data_train/data_train/VIS/36.png,3755113,2026-08-22 04:53:46.462000,train
data_train/data_train/VIS/360.png,3825188,2026-08-22 04:53:46.523000,train
data_train/data_train/VIS/3600.png,4023371,2026-08-22 04:53:46.537000,train
data_train/data_train/VIS/3601.png,3967351,2026-08-22 04:53:46.582000,train
data_train/data_train/VIS/3602.png,3286391,2026-08-22 04:53:46.600000,train
data_train/data_train/VIS/3603.png,4023553,2026-08-22 04:53:46.641000,train
data_train/data_train/VIS/3608.png,3731448,2026-08-22 04:53:46.703000,train
data_train/data_train/VIS/3609.png,3911646,2026-08-22 04:53:46.707000,train
data_train/data_train/VIS/361.png,4063782,2026-08-22 04:53:46.806000,train
data_train/data_train/VIS/3612.png,4063681,2026-08-22 04:53:46.798000,train
data_train/data_train/VIS/3613.png,3903101,2026-08-22 04:53:46.814000,train
data_train/data_train/VIS/3617.png,3991460,2026-08-22 04:53:46.875000,train
data_train/data_train/VIS/3618.png,3906761,2026-08-22 04:53:46.898000,train
data_train/data_train/VIS/3619.png,3856524,2026-08-22 04:53:46.909000,train
data_train/data_train/VIS/362.png,4047644,2026-08-22 04:53:46.940000,train
data_train/data_train/VIS/3621.png,3941361,2026-08-22 04:53:47.004000,train
data_train/data_train/VIS/3624.png,3887711,2026-08-22 04:53:47.031000,train
data_train/data_train/VIS/3627.png,4136781,2026-08-22 04:53:47.042000,train
data_train/data_train/VIS/3628.png,3902553,2026-08-22 04:53:47.087000,train
data_train/data_train/VIS/3629.png,3801077,2026-08-22 04:53:47.097000,train
data_train/data_train/VIS/363.png,3792646,2026-08-22 04:53:47.180000,train
data_train/data_train/VIS/3630.png,4128494,2026-08-22 04:53:47.219000,train
data_train/data_train/VIS/3632.png,3886789,2026-08-22 04:53:47.262000,train
data_train/data_train/VIS/3633.png,3808547,2026-08-22 04:53:47.255000,train
data_train/data_train/VIS/3635.png,3903886,2026-08-22 04:53:47.286000,train
data_train/data_train/VIS/3637.png,3500572,2026-08-22 04:53:47.343000,train
data_train/data_train/VIS/3638.png,4095503,2026-08-22 04:53:47.388000,train
data_train/data_train/VIS/364.png,4047694,2026-08-22 04:53:47.423000,train
data_train/data_train/VIS/3640.png,3888169,2026-08-22 04:53:47.457000,train
data_train/data_train/VIS/3641.png,3785238,2026-08-22 04:53:47.474000,train
data_train/data_train/VIS/3642.png,3943626,2026-08-22 04:53:47.507000,train
data_train/data_train/VIS/3645.png,3999476,2026-08-22 04:53:47.564000,train
data_train/data_train/VIS/3646.png,3911834,2026-08-22 04:53:47.568000,train
data_train/data_train/VIS/3647.png,3785979,2026-08-22 04:53:47.620000,train
data_train/data_train/VIS/3649.png,3746478,2026-08-22 04:53:47.634000,train
data_train/data_train/VIS/365.png,3585111,2026-08-22 04:53:47.681000,train
data_train/data_train/VIS/3650.png,4055321,2026-08-22 04:53:47.792000,train
data_train/data_train/VIS/3654.png,3808993,2026-08-22 04:53:47.738000,train
data_train/data_train/VIS/3655.png,4103712,2026-08-22 04:53:47.771000,train
data_train/data_train/VIS/3656.png,3999160,2026-08-22 04:53:47.869000,train
data_train/data_train/VIS/3657.png,4128636,2026-08-22 04:53:47.840000,train
data_train/data_train/VIS/3659.png,3991451,2026-08-22 04:53:47.873000,train
data_train/data_train/VIS/3660.png,4007265,2026-08-22 04:53:47.943000,train
data_train/data_train/VIS/3662.png,3911874,2026-08-22 04:53:47.941000,train
data_train/data_train/VIS/3663.png,3999020,2026-08-22 04:53:47.991000,train
data_train/data_train/VIS/3665.png,3825109,2026-08-22 04:53:48.030000,train
data_train/data_train/VIS/3667.png,3578760,2026-08-22 04:53:48.079000,train
data_train/data_train/VIS/3668.png,4103712,2026-08-22 04:53:48.174000,train
data_train/data_train/VIS/3669.png,3880021,2026-08-22 04:53:48.166000,train
data_train/data_train/VIS/367.png,3508689,2026-08-22 04:53:48.154000,train
data_train/data_train/VIS/3670.png,3927374,2026-08-22 04:53:48.243000,train
data_train/data_train/VIS/3671.png,3859858,2026-08-22 04:53:48.292000,train
data_train/data_train/VIS/3672.png,3927359,2026-08-22 04:53:48.284000,train
data_train/data_train/VIS/3673.png,3848761,2026-08-22 04:53:48.316000,train
data_train/data_train/VIS/3674.png,3898577,2026-08-22 04:53:48.338000,train
data_train/data_train/VIS/3677.png,3855528,2026-08-22 04:53:48.371000,train
data_train/data_train/VIS/3678.png,3991460,2026-08-22 04:53:48.430000,train
data_train/data_train/VIS/3679.png,3911686,2026-08-22 04:53:48.454000,train
data_train/data_train/VIS/3680.png,3991496,2026-08-22 04:53:48.528000,train
data_train/data_train/VIS/3681.png,3591092,2026-08-22 04:53:48.506000,train
data_train/data_train/VIS/3682.png,4039600,2026-08-22 04:53:48.573000,train
data_train/data_train/VIS/3684.png,3959160,2026-08-22 04:53:48.616000,train
data_train/data_train/VIS/3685.png,4063732,2026-08-22 04:53:48.633000,train
data_train/data_train/VIS/3687.png,4031565,2026-08-22 04:53:48.669000,train
data_train/data_train/VIS/3688.png,4054478,2026-08-22 04:53:48.709000,train
data_train/data_train/VIS/3689.png,3896062,2026-08-22 04:53:48.774000,train
data_train/data_train/VIS/3690.png,4103712,2026-08-22 04:53:48.759000,train
data_train/data_train/VIS/3693.png,3894752,2026-08-22 04:53:48.787000,train
data_train/data_train/VIS/3694.png,4087931,2026-08-22 04:53:48.835000,train
data_train/data_train/VIS/3696.png,3839838,2026-08-22 04:53:48.873000,train
data_train/data_train/VIS/3697.png,4136478,2026-08-22 04:53:48.924000,train
data_train/data_train/VIS/3698.png,4103712,2026-08-22 04:53:48.975000,train
data_train/data_train/VIS/3699.png,3934761,2026-08-22 04:53:48.999000,train
data_train/data_train/VIS/370.png,3959571,2026-08-22 04:53:49.017000,train
data_train/data_train/VIS/3700.png,4014857,2026-08-22 04:53:49.077000,train
data_train/data_train/VIS/3701.png,3919850,2026-08-22 04:53:49.093000,train
data_train/data_train/VIS/3703.png,3381144,2026-08-22 04:53:49.091000,train
data_train/data_train/VIS/3704.png,4103712,2026-08-22 04:53:49.172000,train
data_train/data_train/VIS/3705.png,4039386,2026-08-22 04:53:49.193000,train
data_train/data_train/VIS/3709.png,3983443,2026-08-22 04:53:49.203000,train
data_train/data_train/VIS/3711.png,4030425,2026-08-22 04:53:49.248000,train
data_train/data_train/VIS/3713.png,4031351,2026-08-22 04:53:49.270000,train
data_train/data_train/VIS/3714.png,4007484,2026-08-22 04:53:49.286000,train
data_train/data_train/VIS/3716.png,3793161,2026-08-22 04:53:49.340000,train
data_train/data_train/VIS/3717.png,3959571,2026-08-22 04:53:49.397000,train
data_train/data_train/VIS/372.png,3864440,2026-08-22 04:53:49.430000,train
data_train/data_train/VIS/3721.png,3983292,2026-08-22 04:53:49.435000,train
data_train/data_train/VIS/3722.png,4006521,2026-08-22 04:53:49.476000,train
data_train/data_train/VIS/3723.png,4144737,2026-08-22 04:53:49.504000,train
data_train/data_train/VIS/3724.png,3864525,2026-08-22 04:53:49.562000,train
data_train/data_train/VIS/3725.png,4144737,2026-08-22 04:53:49.601000,train
data_train/data_train/VIS/3728.png,4039357,2026-08-22 04:53:49.620000,train
data_train/data_train/VIS/3729.png,3926420,2026-08-22 04:53:49.650000,train
data_train/data_train/VIS/373.png,3872356,2026-08-22 04:53:49.685000,train
data_train/data_train/VIS/3730.png,3966891,2026-08-22 04:53:49.734000,train
data_train/data_train/VIS/3733.png,3708647,2026-08-22 04:53:49.788000,train
data_train/data_train/VIS/3735.png,3652035,2026-08-22 04:53:49.787000,train
data_train/data_train/VIS/3739.png,4047594,2026-08-22 04:53:49.818000,train
data_train/data_train/VIS/374.png,3856608,2026-08-22 04:53:49.851000,train
data_train/data_train/VIS/3741.png,3880285,2026-08-22 04:53:49.907000,train
data_train/data_train/VIS/3742.png,3903353,2026-08-22 04:53:49.933000,train
data_train/data_train/VIS/3743.png,4079875,2026-08-22 04:53:49.972000,train
data_train/data_train/VIS/3745.png,3887299,2026-08-22 04:53:50.033000,train
data_train/data_train/VIS/3749.png,4088005,2026-08-22 04:53:50.072000,train
data_train/data_train/VIS/375.png,3972377,2026-08-22 04:53:50.103000,train
data_train/data_train/VIS/3750.png,3927646,2026-08-22 04:53:50.130000,train
data_train/data_train/VIS/3751.png,3975272,2026-08-22 04:53:50.163000,train
data_train/data_train/VIS/3755.png,4079875,2026-08-22 04:53:50.235000,train
data_train/data_train/VIS/3757.png,4112356,2026-08-22 04:53:50.255000,train
data_train/data_train/VIS/3758.png,3856240,2026-08-22 04:53:50.257000,train
data_train/data_train/VIS/376.png,3786248,2026-08-22 04:53:50.320000,train
data_train/data_train/VIS/3760.png,4103712,2026-08-22 04:53:50.378000,train
data_train/data_train/VIS/3761.png,3723628,2026-08-22 04:53:50.389000,train
data_train/data_train/VIS/3764.png,3902508,2026-08-22 04:53:50.393000,train
data_train/data_train/VIS/3765.png,4096077,2026-08-22 04:53:50.487000,train
data_train/data_train/VIS/3766.png,4144737,2026-08-22 04:53:50.510000,train
data_train/data_train/VIS/3767.png,4023421,2026-08-22 04:53:50.568000,train
data_train/data_train/VIS/377.png,4047465,2026-08-22 04:53:50.637000,train
data_train/data_train/VIS/3770.png,3825293,2026-08-22 04:53:50.636000,train
data_train/data_train/VIS/3771.png,3586596,2026-08-22 04:53:50.640000,train
data_train/data_train/VIS/3776.png,3871484,2026-08-22 04:53:50.711000,train
data_train/data_train/VIS/378.png,3991084,2026-08-22 04:53:50.775000,train
data_train/data_train/VIS/3782.png,3724187,2026-08-22 04:53:50.749000,train
data_train/data_train/VIS/3783.png,3925776,2026-08-22 04:53:50.800000,train
data_train/data_train/VIS/3787.png,4023557,2026-08-22 04:53:50.865000,train
data_train/data_train/VIS/3788.png,4007529,2026-08-22 04:53:50.914000,train
data_train/data_train/VIS/3789.png,3943558,2026-08-22 04:53:50.964000,train
data_train/data_train/VIS/3790.png,3825188,2026-08-22 04:53:51.018000,train
data_train/data_train/VIS/3792.png,4039540,2026-08-22 04:53:51.007000,train
data_train/data_train/VIS/3793.png,3855786,2026-08-22 04:53:51.172000,train
data_train/data_train/VIS/3794.png,3644599,2026-08-22 04:53:51.135000,train
data_train/data_train/VIS/3796.png,3943383,2026-08-22 04:53:51.221000,train
data_train/data_train/VIS/3797.png,3864440,2026-08-22 04:53:51.370000,train
data_train/data_train/VIS/3798.png,4063732,2026-08-22 04:53:51.322000,train
data_train/data_train/VIS/38.png,4079947,2026-08-22 04:53:51.364000,train
data_train/data_train/VIS/380.png,3600008,2026-08-22 04:53:51.398000,train
data_train/data_train/VIS/3801.png,4079897,2026-08-22 04:53:51.466000,train
data_train/data_train/VIS/3802.png,3872236,2026-08-22 04:53:51.484000,train
data_train/data_train/VIS/3803.png,3864440,2026-08-22 04:53:51.534000,train
data_train/data_train/VIS/3806.png,3934552,2026-08-22 04:53:51.547000,train
data_train/data_train/VIS/3807.png,3831858,2026-08-22 04:53:51.612000,train
data_train/data_train/VIS/3808.png,3754735,2026-08-22 04:53:51.636000,train
data_train/data_train/VIS/381.png,3636295,2026-08-22 04:53:51.637000,train
data_train/data_train/VIS/3811.png,4103712,2026-08-22 04:53:51.722000,train
data_train/data_train/VIS/3812.png,3762837,2026-08-22 04:53:51.734000,train
data_train/data_train/VIS/3814.png,3935028,2026-08-22 04:53:51.809000,train
data_train/data_train/VIS/3815.png,3934582,2026-08-22 04:53:51.871000,train
data_train/data_train/VIS/3817.png,3801077,2026-08-22 04:53:51.846000,train
data_train/data_train/VIS/3823.png,4202180,2026-08-22 04:53:51.941000,train
data_train/data_train/VIS/3824.png,3831807,2026-08-22 04:53:51.929000,train
data_train/data_train/VIS/3825.png,3700722,2026-08-22 04:53:51.932000,train
data_train/data_train/VIS/3826.png,3903671,2026-08-22 04:53:52.001000,train
data_train/data_train/VIS/3828.png,3524726,2026-08-22 04:53:52.035000,train
data_train/data_train/VIS/3830.png,4128586,2026-08-22 04:53:52.067000,train
data_train/data_train/VIS/3831.png,4023512,2026-08-22 04:53:52.095000,train
data_train/data_train/VIS/3832.png,4006434,2026-08-22 04:53:52.164000,train
data_train/data_train/VIS/3833.png,3816939,2026-08-22 04:53:52.190000,train
data_train/data_train/VIS/3835.png,3777538,2026-08-22 04:53:52.217000,train
data_train/data_train/VIS/3837.png,3966385,2026-08-22 04:53:52.281000,train
data_train/data_train/VIS/3838.png,3786175,2026-08-22 04:53:52.291000,train
data_train/data_train/VIS/3839.png,3856524,2026-08-22 04:53:52.354000,train
data_train/data_train/VIS/3845.png,3895311,2026-08-22 04:53:52.410000,train
data_train/data_train/VIS/3846.png,3903701,2026-08-22 04:53:52.403000,train
data_train/data_train/VIS/3849.png,3927646,2026-08-22 04:53:52.442000,train
data_train/data_train/VIS/3850.png,4079875,2026-08-22 04:53:52.515000,train
data_train/data_train/VIS/3851.png,4046955,2026-08-22 04:53:52.502000,train
data_train/data_train/VIS/3852.png,4103712,2026-08-22 04:53:52.581000,train
data_train/data_train/VIS/3853.png,4007529,2026-08-22 04:53:52.632000,train
data_train/data_train/VIS/3854.png,3676055,2026-08-22 04:53:52.636000,train
data_train/data_train/VIS/3855.png,3903353,2026-08-22 04:53:52.653000,train
data_train/data_train/VIS/3856.png,3593988,2026-08-22 04:53:52.680000,train
data_train/data_train/VIS/3857.png,4104221,2026-08-22 04:53:52.727000,train
data_train/data_train/VIS/3858.png,3872094,2026-08-22 04:53:52.775000,train
data_train/data_train/VIS/386.png,3927766,2026-08-22 04:53:52.780000,train
data_train/data_train/VIS/3860.png,3833147,2026-08-22 04:53:52.792000,train
data_train/data_train/VIS/3861.png,3646020,2026-08-22 04:53:52.867000,train
data_train/data_train/VIS/3862.png,3917732,2026-08-22 04:53:52.901000,train
data_train/data_train/VIS/3864.png,3894803,2026-08-22 04:53:52.935000,train
data_train/data_train/VIS/3865.png,3864440,2026-08-22 04:53:52.975000,train
data_train/data_train/VIS/3867.png,3754593,2026-08-22 04:53:53.045000,train
data_train/data_train/VIS/3868.png,3864440,2026-08-22 04:53:53.070000,train
data_train/data_train/VIS/387.png,4063681,2026-08-22 04:53:53.083000,train
data_train/data_train/VIS/3872.png,4144737,2026-08-22 04:53:53.139000,train
data_train/data_train/VIS/3873.png,4103712,2026-08-22 04:53:53.195000,train
data_train/data_train/VIS/3874.png,3872356,2026-08-22 04:53:53.238000,train
data_train/data_train/VIS/3877.png,3999312,2026-08-22 04:53:53.259000,train
data_train/data_train/VIS/3878.png,3854131,2026-08-22 04:53:53.305000,train
data_train/data_train/VIS/388.png,3418775,2026-08-22 04:53:53.322000,train
data_train/data_train/VIS/3881.png,4095503,2026-08-22 04:53:53.391000,train
data_train/data_train/VIS/3885.png,4169354,2026-08-22 04:53:53.433000,train
data_train/data_train/VIS/3886.png,4177558,2026-08-22 04:53:53.488000,train
data_train/data_train/VIS/3887.png,4047594,2026-08-22 04:53:53.783000,train
data_train/data_train/VIS/3888.png,4007265,2026-08-22 04:53:53.554000,train
data_train/data_train/VIS/3889.png,4046955,2026-08-22 04:53:53.599000,train
data_train/data_train/VIS/389.png,3902553,2026-08-22 04:53:53.646000,train
data_train/data_train/VIS/3892.png,4055366,2026-08-22 04:53:53.675000,train
data_train/data_train/VIS/3894.png,3935678,2026-08-22 04:53:53.694000,train
data_train/data_train/VIS/3895.png,3609196,2026-08-22 04:53:53.785000,train
data_train/data_train/VIS/3896.png,3974496,2026-08-22 04:53:53.791000,train
data_train/data_train/VIS/3897.png,3983443,2026-08-22 04:53:53.841000,train
data_train/data_train/VIS/3899.png,3855483,2026-08-22 04:53:53.887000,train
data_train/data_train/VIS/39.png,4103712,2026-08-22 04:53:53.906000,train
data_train/data_train/VIS/390.png,4144737,2026-08-22 04:53:53.979000,train
data_train/data_train/VIS/3900.png,3654949,2026-08-22 04:53:54.006000,train
data_train/data_train/VIS/3903.png,4120441,2026-08-22 04:53:54.033000,train
data_train/data_train/VIS/3905.png,3974441,2026-08-22 04:53:54.104000,train
data_train/data_train/VIS/3909.png,3919666,2026-08-22 04:53:54.161000,train
data_train/data_train/VIS/391.png,3708742,2026-08-22 04:53:54.142000,train
data_train/data_train/VIS/3910.png,3943558,2026-08-22 04:53:54.144000,train
data_train/data_train/VIS/3912.png,4054478,2026-08-22 04:53:54.207000,train
data_train/data_train/VIS/3913.png,3806681,2026-08-22 04:53:54.214000,train
data_train/data_train/VIS/3916.png,3872372,2026-08-22 04:53:54.283000,train
data_train/data_train/VIS/3917.png,3999420,2026-08-22 04:53:54.290000,train
data_train/data_train/VIS/3918.png,3848816,2026-08-22 04:53:54.335000,train
data_train/data_train/VIS/3919.png,4055556,2026-08-22 04:53:54.390000,train
data_train/data_train/VIS/3920.png,3888169,2026-08-22 04:53:54.408000,train
data_train/data_train/VIS/3921.png,3926941,2026-08-22 04:53:54.474000,train
data_train/data_train/VIS/3922.png,3864440,2026-08-22 04:53:54.500000,train
data_train/data_train/VIS/3925.png,3754617,2026-08-22 04:53:54.522000,train
data_train/data_train/VIS/3926.png,3832366,2026-08-22 04:53:54.555000,train
data_train/data_train/VIS/3927.png,3919810,2026-08-22 04:53:54.571000,train
data_train/data_train/VIS/3928.png,3529342,2026-08-22 04:53:54.599000,train
data_train/data_train/VIS/3929.png,3935406,2026-08-22 04:53:54.653000,train
data_train/data_train/VIS/393.png,4185762,2026-08-22 04:53:54.671000,train
data_train/data_train/VIS/3930.png,3856524,2026-08-22 04:53:54.733000,train
data_train/data_train/VIS/3931.png,3999160,2026-08-22 04:53:54.756000,train
data_train/data_train/VIS/3934.png,3462532,2026-08-22 04:53:54.762000,train
data_train/data_train/VIS/3935.png,3967306,2026-08-22 04:53:54.808000,train
data_train/data_train/VIS/3937.png,3966891,2026-08-22 04:53:54.854000,train
data_train/data_train/VIS/3938.png,3991104,2026-08-22 04:53:54.908000,train
data_train/data_train/VIS/3939.png,3911686,2026-08-22 04:53:54.902000,train
data_train/data_train/VIS/394.png,3840764,2026-08-22 04:53:55.019000,train
data_train/data_train/VIS/3940.png,4015391,2026-08-22 04:53:54.991000,train
data_train/data_train/VIS/3942.png,4120372,2026-08-22 04:53:54.997000,train
data_train/data_train/VIS/3944.png,3919477,2026-08-22 04:53:55.044000,train
data_train/data_train/VIS/3945.png,3864440,2026-08-22 04:53:55.067000,train
data_train/data_train/VIS/3946.png,3621487,2026-08-22 04:53:55.078000,train
data_train/data_train/VIS/3949.png,3935678,2026-08-22 04:53:55.135000,train
data_train/data_train/VIS/395.png,4103712,2026-08-22 04:53:55.177000,train
data_train/data_train/VIS/3950.png,3856494,2026-08-22 04:53:55.183000,train
data_train/data_train/VIS/3951.png,4079095,2026-08-22 04:53:55.223000,train
data_train/data_train/VIS/3952.png,3856673,2026-08-22 04:53:55.261000,train
data_train/data_train/VIS/3954.png,3911834,2026-08-22 04:53:55.285000,train
data_train/data_train/VIS/3955.png,3824599,2026-08-22 04:53:55.318000,train
data_train/data_train/VIS/3958.png,4047510,2026-08-22 04:53:55.362000,train
data_train/data_train/VIS/396.png,4136726,2026-08-22 04:53:55.419000,train
data_train/data_train/VIS/3961.png,4031401,2026-08-22 04:53:55.461000,train
data_train/data_train/VIS/3964.png,3880021,2026-08-22 04:53:55.492000,train
data_train/data_train/VIS/3966.png,3816875,2026-08-22 04:53:55.521000,train
data_train/data_train/VIS/3967.png,4202180,2026-08-22 04:53:55.555000,train
data_train/data_train/VIS/3969.png,3659471,2026-08-22 04:53:55.607000,train
data_train/data_train/VIS/397.png,3895701,2026-08-22 04:53:55.683000,train
data_train/data_train/VIS/3971.png,4104221,2026-08-22 04:53:55.677000,train
data_train/data_train/VIS/3972.png,4023388,2026-08-22 04:53:55.693000,train
data_train/data_train/VIS/3974.png,3833147,2026-08-22 04:53:55.764000,train
data_train/data_train/VIS/3976.png,4128586,2026-08-22 04:53:55.755000,train
data_train/data_train/VIS/3977.png,3871776,2026-08-22 04:53:55.782000,train
data_train/data_train/VIS/3978.png,3983471,2026-08-22 04:53:55.856000,train
data_train/data_train/VIS/3979.png,3864440,2026-08-22 04:53:55.847000,train
data_train/data_train/VIS/398.png,3919705,2026-08-22 04:53:55.897000,train
data_train/data_train/VIS/3980.png,3896097,2026-08-22 04:53:55.923000,train
data_train/data_train/VIS/3981.png,3856524,2026-08-22 04:53:56.023000,train
data_train/data_train/VIS/3982.png,4029861,2026-08-22 04:53:55.988000,train
data_train/data_train/VIS/3983.png,4136478,2026-08-22 04:53:56.010000,train
data_train/data_train/VIS/3984.png,3975423,2026-08-22 04:53:56.035000,train
data_train/data_train/VIS/3985.png,3864440,2026-08-22 04:53:56.127000,train
data_train/data_train/VIS/3986.png,3762218,2026-08-22 04:53:56.113000,train
data_train/data_train/VIS/3987.png,4071651,2026-08-22 04:53:56.177000,train
data_train/data_train/VIS/3988.png,3896058,2026-08-22 04:53:56.175000,train
data_train/data_train/VIS/3989.png,3878020,2026-08-22 04:53:56.228000,train
data_train/data_train/VIS/399.png,3792246,2026-08-22 04:53:56.261000,train
data_train/data_train/VIS/3990.png,3848761,2026-08-22 04:53:56.301000,train
data_train/data_train/VIS/3992.png,3615499,2026-08-22 04:53:56.306000,train
data_train/data_train/VIS/3994.png,3957641,2026-08-22 04:53:56.377000,train
data_train/data_train/VIS/3996.png,3918682,2026-08-22 04:53:56.373000,train
data_train/data_train/VIS/3998.png,4023512,2026-08-22 04:53:56.463000,train
data_train/data_train/VIS/4.png,4031351,2026-08-22 04:53:56.443000,train
data_train/data_train/VIS/4001.png,3676055,2026-08-22 04:53:56.458000,train
data_train/data_train/VIS/4002.png,4120441,2026-08-22 04:53:56.513000,train
data_train/data_train/VIS/4004.png,3670858,2026-08-22 04:53:56.542000,train
data_train/data_train/VIS/4008.png,3911646,2026-08-22 04:53:56.581000,train
data_train/data_train/VIS/4010.png,3770697,2026-08-22 04:53:56.612000,train
data_train/data_train/VIS/4011.png,3943383,2026-08-22 04:53:56.663000,train
data_train/data_train/VIS/4013.png,4096113,2026-08-22 04:53:56.680000,train
data_train/data_train/VIS/4015.png,4096113,2026-08-22 04:53:56.743000,train
data_train/data_train/VIS/4016.png,4055366,2026-08-22 04:53:56.756000,train
data_train/data_train/VIS/4020.png,3999312,2026-08-22 04:53:56.756000,train
data_train/data_train/VIS/4022.png,4031556,2026-08-22 04:53:56.791000,train
data_train/data_train/VIS/4025.png,3855276,2026-08-22 04:53:56.874000,train
data_train/data_train/VIS/4026.png,3847776,2026-08-22 04:53:56.879000,train
data_train/data_train/VIS/4029.png,3998341,2026-08-22 04:53:56.912000,train
data_train/data_train/VIS/403.png,4103712,2026-08-22 04:53:56.962000,train
data_train/data_train/VIS/4031.png,3951474,2026-08-22 04:53:56.998000,train
data_train/data_train/VIS/4033.png,3975222,2026-08-22 04:53:57.040000,train
data_train/data_train/VIS/4034.png,3982782,2026-08-22 04:53:57.058000,train
data_train/data_train/VIS/4035.png,3864410,2026-08-22 04:53:57.116000,train
data_train/data_train/VIS/4036.png,4169354,2026-08-22 04:53:57.136000,train
data_train/data_train/VIS/4037.png,3825293,2026-08-22 04:53:57.179000,train
data_train/data_train/VIS/4038.png,4071776,2026-08-22 04:53:57.228000,train
data_train/data_train/VIS/4039.png,3918940,2026-08-22 04:53:57.251000,train
data_train/data_train/VIS/4041.png,3684540,2026-08-22 04:53:57.275000,train
data_train/data_train/VIS/4044.png,3784678,2026-08-22 04:53:57.335000,train
data_train/data_train/VIS/4045.png,3911686,2026-08-22 04:53:57.365000,train
data_train/data_train/VIS/4047.png,3871904,2026-08-22 04:53:57.391000,train
data_train/data_train/VIS/4048.png,4071651,2026-08-22 04:53:57.414000,train
data_train/data_train/VIS/4049.png,3662082,2026-08-22 04:53:57.444000,train
data_train/data_train/VIS/4050.png,3902248,2026-08-22 04:53:57.498000,train
data_train/data_train/VIS/4052.png,3840804,2026-08-22 04:53:57.510000,train
data_train/data_train/VIS/4054.png,4023553,2026-08-22 04:53:57.545000,train
data_train/data_train/VIS/4057.png,3910926,2026-08-22 04:53:57.607000,train
data_train/data_train/VIS/4059.png,2895152,2026-08-22 04:53:57.602000,train
data_train/data_train/VIS/4064.png,3800518,2026-08-22 04:53:57.684000,train
data_train/data_train/VIS/4067.png,4128544,2026-08-22 04:53:57.715000,train
data_train/data_train/VIS/407.png,3863263,2026-08-22 04:53:57.839000,train
data_train/data_train/VIS/4071.png,3823235,2026-08-22 04:53:57.735000,train
data_train/data_train/VIS/4072.png,3958780,2026-08-22 04:53:57.903000,train
data_train/data_train/VIS/4074.png,4007265,2026-08-22 04:53:57.943000,train
data_train/data_train/VIS/4075.png,4128545,2026-08-22 04:53:57.968000,train
data_train/data_train/VIS/4076.png,3661600,2026-08-22 04:53:58.005000,train
data_train/data_train/VIS/4078.png,4031556,2026-08-22 04:53:58.065000,train
data_train/data_train/VIS/4079.png,3927634,2026-08-22 04:53:58.104000,train
data_train/data_train/VIS/4080.png,3830374,2026-08-22 04:53:58.131000,train
data_train/data_train/VIS/4082.png,3926506,2026-08-22 04:53:58.158000,train
data_train/data_train/VIS/4083.png,3363705,2026-08-22 04:53:58.195000,train
data_train/data_train/VIS/4085.png,4079791,2026-08-22 04:53:58.248000,train
data_train/data_train/VIS/4087.png,3773032,2026-08-22 04:53:58.309000,train
data_train/data_train/VIS/4088.png,4079875,2026-08-22 04:53:58.322000,train
data_train/data_train/VIS/4094.png,4202180,2026-08-22 04:53:58.361000,train
data_train/data_train/VIS/4095.png,3991084,2026-08-22 04:53:58.423000,train
data_train/data_train/VIS/4097.png,4087679,2026-08-22 04:53:58.490000,train
data_train/data_train/VIS/4098.png,3475847,2026-08-22 04:53:58.568000,train
data_train/data_train/VIS/4099.png,3991496,2026-08-22 04:53:58.564000,train
data_train/data_train/VIS/41.png,4087919,2026-08-22 04:53:58.593000,train
data_train/data_train/VIS/4102.png,3855251,2026-08-22 04:53:58.629000,train
data_train/data_train/VIS/4103.png,4039540,2026-08-22 04:53:58.687000,train
data_train/data_train/VIS/4105.png,3903353,2026-08-22 04:53:58.679000,train
data_train/data_train/VIS/4106.png,4007484,2026-08-22 04:53:58.730000,train
data_train/data_train/VIS/4108.png,4031464,2026-08-22 04:53:58.773000,train
data_train/data_train/VIS/4109.png,3999267,2026-08-22 04:53:58.823000,train
data_train/data_train/VIS/4110.png,3247077,2026-08-22 04:53:58.842000,train
data_train/data_train/VIS/4111.png,3975248,2026-08-22 04:53:58.864000,train
data_train/data_train/VIS/4114.png,3910324,2026-08-22 04:53:58.908000,train
data_train/data_train/VIS/4115.png,4161201,2026-08-22 04:53:58.963000,train
data_train/data_train/VIS/4117.png,4120360,2026-08-22 04:53:59.003000,train
data_train/data_train/VIS/4118.png,3372646,2026-08-22 04:53:59.025000,train
data_train/data_train/VIS/4119.png,4096071,2026-08-22 04:53:59.075000,train
data_train/data_train/VIS/4120.png,3809483,2026-08-22 04:53:59.129000,train
data_train/data_train/VIS/4123.png,4112329,2026-08-22 04:53:59.153000,train
data_train/data_train/VIS/4124.png,3942663,2026-08-22 04:53:59.180000,train
data_train/data_train/VIS/4125.png,4039600,2026-08-22 04:53:59.242000,train
data_train/data_train/VIS/4126.png,4087679,2026-08-22 04:53:59.289000,train
data_train/data_train/VIS/4127.png,4054478,2026-08-22 04:53:59.315000,train
data_train/data_train/VIS/4128.png,3762444,2026-08-22 04:53:59.373000,train
data_train/data_train/VIS/4129.png,3880285,2026-08-22 04:53:59.374000,train
data_train/data_train/VIS/4130.png,3825223,2026-08-22 04:53:59.431000,train
data_train/data_train/VIS/4132.png,3983416,2026-08-22 04:53:59.462000,train
data_train/data_train/VIS/4133.png,3693358,2026-08-22 04:53:59.493000,train
data_train/data_train/VIS/4134.png,3966041,2026-08-22 04:53:59.572000,train
data_train/data_train/VIS/4135.png,3677974,2026-08-22 04:53:59.580000,train
data_train/data_train/VIS/4136.png,4096163,2026-08-22 04:53:59.610000,train
data_train/data_train/VIS/4137.png,2783535,2026-08-22 04:53:59.621000,train
data_train/data_train/VIS/4139.png,4063773,2026-08-22 04:53:59.718000,train
data_train/data_train/VIS/414.png,3498580,2026-08-22 04:53:59.729000,train
data_train/data_train/VIS/4140.png,3958737,2026-08-22 04:53:59.779000,train
data_train/data_train/VIS/4143.png,3951474,2026-08-22 04:53:59.813000,train
data_train/data_train/VIS/4145.png,3959407,2026-08-22 04:53:59.843000,train
data_train/data_train/VIS/4147.png,4031565,2026-08-22 04:53:59.890000,train
data_train/data_train/VIS/4148.png,3950885,2026-08-22 04:53:59.988000,train
data_train/data_train/VIS/4149.png,3911686,2026-08-22 04:53:59.961000,train
data_train/data_train/VIS/415.png,4103712,2026-08-22 04:54:00.056000,train
data_train/data_train/VIS/4152.png,3799914,2026-08-22 04:54:00.043000,train
data_train/data_train/VIS/4154.png,4103712,2026-08-22 04:54:00.085000,train
data_train/data_train/VIS/4156.png,3326856,2026-08-22 04:54:00.138000,train
data_train/data_train/VIS/4157.png,3809023,2026-08-22 04:54:00.144000,train
data_train/data_train/VIS/4158.png,3910891,2026-08-22 04:54:00.191000,train
data_train/data_train/VIS/416.png,4202180,2026-08-22 04:54:00.273000,train
data_train/data_train/VIS/4161.png,3784658,2026-08-22 04:54:00.259000,train
data_train/data_train/VIS/4162.png,3459042,2026-08-22 04:54:00.258000,train
data_train/data_train/VIS/4164.png,3951551,2026-08-22 04:54:00.300000,train
data_train/data_train/VIS/4166.png,4022801,2026-08-22 04:54:00.354000,train
data_train/data_train/VIS/4167.png,3951435,2026-08-22 04:54:00.400000,train
data_train/data_train/VIS/4168.png,3950169,2026-08-22 04:54:00.415000,train
data_train/data_train/VIS/4169.png,4038070,2026-08-22 04:54:00.474000,train
data_train/data_train/VIS/417.png,3950885,2026-08-22 04:54:00.485000,train
data_train/data_train/VIS/4170.png,3642666,2026-08-22 04:54:00.494000,train
data_train/data_train/VIS/4171.png,3896058,2026-08-22 04:54:00.543000,train
data_train/data_train/VIS/4173.png,4128600,2026-08-22 04:54:00.612000,train
data_train/data_train/VIS/4174.png,3926979,2026-08-22 04:54:00.625000,train
data_train/data_train/VIS/4176.png,3872314,2026-08-22 04:54:00.689000,train
data_train/data_train/VIS/4177.png,4055688,2026-08-22 04:54:00.704000,train
data_train/data_train/VIS/418.png,3942663,2026-08-22 04:54:00.733000,train
data_train/data_train/VIS/4184.png,3980632,2026-08-22 04:54:00.770000,train
data_train/data_train/VIS/4187.png,3887711,2026-08-22 04:54:00.832000,train
data_train/data_train/VIS/4188.png,3807191,2026-08-22 04:54:00.984000,train
data_train/data_train/VIS/419.png,3951474,2026-08-22 04:54:00.913000,train
data_train/data_train/VIS/4190.png,3895311,2026-08-22 04:54:00.942000,train
data_train/data_train/VIS/4191.png,3974932,2026-08-22 04:54:00.978000,train
data_train/data_train/VIS/4192.png,3950704,2026-08-22 04:54:01.023000,train
data_train/data_train/VIS/4193.png,3975288,2026-08-22 04:54:01.037000,train
data_train/data_train/VIS/4196.png,4047694,2026-08-22 04:54:01.097000,train
data_train/data_train/VIS/4197.png,4022801,2026-08-22 04:54:01.150000,train
data_train/data_train/VIS/4198.png,3863263,2026-08-22 04:54:01.254000,train
data_train/data_train/VIS/4199.png,3793936,2026-08-22 04:54:01.226000,train
data_train/data_train/VIS/42.png,4055618,2026-08-22 04:54:01.411000,train
data_train/data_train/VIS/4200.png,3943626,2026-08-22 04:54:01.316000,train
data_train/data_train/VIS/4201.png,3852888,2026-08-22 04:54:01.341000,train
data_train/data_train/VIS/4203.png,3614855,2026-08-22 04:54:01.389000,train
data_train/data_train/VIS/4205.png,4039532,2026-08-22 04:54:01.467000,train
data_train/data_train/VIS/4208.png,3998376,2026-08-22 04:54:01.539000,train
data_train/data_train/VIS/421.png,3871751,2026-08-22 04:54:01.533000,train
data_train/data_train/VIS/4210.png,3298342,2026-08-22 04:54:01.537000,train
data_train/data_train/VIS/4213.png,3754558,2026-08-22 04:54:01.593000,train
data_train/data_train/VIS/4215.png,4202180,2026-08-22 04:54:01.657000,train
data_train/data_train/VIS/4216.png,4047226,2026-08-22 04:54:01.685000,train
data_train/data_train/VIS/4218.png,3911934,2026-08-22 04:54:01.730000,train
data_train/data_train/VIS/4219.png,3832363,2026-08-22 04:54:01.751000,train
data_train/data_train/VIS/4223.png,4103662,2026-08-22 04:54:01.824000,train
data_train/data_train/VIS/4225.png,3951435,2026-08-22 04:54:01.956000,train
data_train/data_train/VIS/4228.png,3959160,2026-08-22 04:54:01.909000,train
data_train/data_train/VIS/4229.png,3776750,2026-08-22 04:54:01.928000,train
data_train/data_train/VIS/423.png,4144737,2026-08-22 04:54:02.029000,train
data_train/data_train/VIS/4230.png,4062682,2026-08-22 04:54:02.062000,train
data_train/data_train/VIS/4231.png,3801734,2026-08-22 04:54:02.097000,train
data_train/data_train/VIS/4232.png,3880225,2026-08-22 04:54:02.180000,train
data_train/data_train/VIS/4233.png,3951551,2026-08-22 04:54:02.281000,train
data_train/data_train/VIS/4234.png,4023388,2026-08-22 04:54:02.260000,train
data_train/data_train/VIS/4235.png,4144737,2026-08-22 04:54:02.299000,train
data_train/data_train/VIS/4237.png,3755096,2026-08-22 04:54:02.326000,train
data_train/data_train/VIS/4240.png,4047226,2026-08-22 04:54:02.405000,train
data_train/data_train/VIS/4241.png,3801482,2026-08-22 04:54:02.447000,train
data_train/data_train/VIS/4242.png,3959390,2026-08-22 04:54:02.493000,train
data_train/data_train/VIS/4243.png,3864158,2026-08-22 04:54:02.493000,train
data_train/data_train/VIS/4248.png,3943033,2026-08-22 04:54:02.542000,train
data_train/data_train/VIS/4249.png,3990716,2026-08-22 04:54:02.587000,train
data_train/data_train/VIS/425.png,3983008,2026-08-22 04:54:02.620000,train
data_train/data_train/VIS/4250.png,3896097,2026-08-22 04:54:02.702000,train
data_train/data_train/VIS/4251.png,4031289,2026-08-22 04:54:02.720000,train
data_train/data_train/VIS/4253.png,4063773,2026-08-22 04:54:02.794000,train
data_train/data_train/VIS/4254.png,3983188,2026-08-22 04:54:02.814000,train
data_train/data_train/VIS/4262.png,4047311,2026-08-22 04:54:02.865000,train
data_train/data_train/VIS/4263.png,4144737,2026-08-22 04:54:02.909000,train
data_train/data_train/VIS/4264.png,3967470,2026-08-22 04:54:02.962000,train
data_train/data_train/VIS/4266.png,4096127,2026-08-22 04:54:03.019000,train
data_train/data_train/VIS/4267.png,4062682,2026-08-22 04:54:03.057000,train
data_train/data_train/VIS/4268.png,4047181,2026-08-22 04:54:03.125000,train
data_train/data_train/VIS/4269.png,4015213,2026-08-22 04:54:03.130000,train
data_train/data_train/VIS/4271.png,3848292,2026-08-22 04:54:03.179000,train
data_train/data_train/VIS/4274.png,3982298,2026-08-22 04:54:03.241000,train
data_train/data_train/VIS/4276.png,3738483,2026-08-22 04:54:03.257000,train
data_train/data_train/VIS/4278.png,3547454,2026-08-22 04:54:03.303000,train
data_train/data_train/VIS/4279.png,3753601,2026-08-22 04:54:03.345000,train
data_train/data_train/VIS/4280.png,3856673,2026-08-22 04:54:03.380000,train
data_train/data_train/VIS/4281.png,4144737,2026-08-22 04:54:03.455000,train
data_train/data_train/VIS/4282.png,3973921,2026-08-22 04:54:03.630000,train
data_train/data_train/VIS/4283.png,3836652,2026-08-22 04:54:03.601000,train
data_train/data_train/VIS/4285.png,3856524,2026-08-22 04:54:03.703000,train
data_train/data_train/VIS/4287.png,4169354,2026-08-22 04:54:03.686000,train
data_train/data_train/VIS/4289.png,3959407,2026-08-22 04:54:03.742000,train
data_train/data_train/VIS/4290.png,4014857,2026-08-22 04:54:03.764000,train
data_train/data_train/VIS/4291.png,3895341,2026-08-22 04:54:03.824000,train
data_train/data_train/VIS/4292.png,3864440,2026-08-22 04:54:03.857000,train
data_train/data_train/VIS/4293.png,4071789,2026-08-22 04:54:03.905000,train
data_train/data_train/VIS/4295.png,3943107,2026-08-22 04:54:03.927000,train
data_train/data_train/VIS/4296.png,3935406,2026-08-22 04:54:03.993000,train
data_train/data_train/VIS/4297.png,3951395,2026-08-22 04:54:04.105000,train
data_train/data_train/VIS/4298.png,3654949,2026-08-22 04:54:04.140000,train
data_train/data_train/VIS/4299.png,3293003,2026-08-22 04:54:04.233000,train
data_train/data_train/VIS/43.png,4202180,2026-08-22 04:54:04.288000,train
data_train/data_train/VIS/430.png,3895921,2026-08-22 04:54:04.270000,train
data_train/data_train/VIS/4300.png,3872356,2026-08-22 04:54:04.325000,train
data_train/data_train/VIS/4301.png,3738329,2026-08-22 04:54:05.445000,train
data_train/data_train/VIS/4302.png,3607419,2026-08-22 04:54:04.407000,train
data_train/data_train/VIS/4303.png,3731732,2026-08-22 04:54:04.457000,train
data_train/data_train/VIS/4305.png,3855483,2026-08-22 04:54:04.498000,train
data_train/data_train/VIS/4306.png,3888069,2026-08-22 04:54:04.549000,train
data_train/data_train/VIS/4307.png,3999160,2026-08-22 04:54:04.566000,train
data_train/data_train/VIS/4309.png,4015541,2026-08-22 04:54:04.622000,train
data_train/data_train/VIS/431.png,4144737,2026-08-22 04:54:04.687000,train
data_train/data_train/VIS/4311.png,3638545,2026-08-22 04:54:04.710000,train
data_train/data_train/VIS/4317.png,4153065,2026-08-22 04:54:04.726000,train
data_train/data_train/VIS/4318.png,3999380,2026-08-22 04:54:04.833000,train
data_train/data_train/VIS/4320.png,3983516,2026-08-22 04:54:05.441000,train
data_train/data_train/VIS/4323.png,3863207,2026-08-22 04:54:04.880000,train
data_train/data_train/VIS/4329.png,3935058,2026-08-22 04:54:04.906000,train
data_train/data_train/VIS/433.png,3723964,2026-08-22 04:54:04.928000,train
data_train/data_train/VIS/4330.png,4104028,2026-08-22 04:54:05.025000,train
data_train/data_train/VIS/4331.png,4007484,2026-08-22 04:54:05.042000,train
data_train/data_train/VIS/4332.png,4103712,2026-08-22 04:54:05.123000,train
data_train/data_train/VIS/4335.png,4029826,2026-08-22 04:54:05.737000,train
data_train/data_train/VIS/4336.png,3800574,2026-08-22 04:54:05.160000,train
data_train/data_train/VIS/4339.png,3927594,2026-08-22 04:54:05.275000,train
data_train/data_train/VIS/4340.png,4136666,2026-08-22 04:54:05.285000,train
data_train/data_train/VIS/4344.png,4031464,2026-08-22 04:54:05.350000,train
data_train/data_train/VIS/4345.png,3898577,2026-08-22 04:54:05.376000,train
data_train/data_train/VIS/4346.png,3935642,2026-08-22 04:54:05.425000,train
data_train/data_train/VIS/4348.png,3848262,2026-08-22 04:54:05.534000,train
data_train/data_train/VIS/4349.png,3951574,2026-08-22 04:54:05.530000,train
data_train/data_train/VIS/435.png,3998812,2026-08-22 04:54:05.552000,train
data_train/data_train/VIS/4350.png,4071776,2026-08-22 04:54:05.630000,train
data_train/data_train/VIS/4351.png,3959447,2026-08-22 04:54:05.654000,train
data_train/data_train/VIS/4353.png,3966856,2026-08-22 04:54:05.696000,train
data_train/data_train/VIS/4355.png,3754106,2026-08-22 04:54:05.742000,train
data_train/data_train/VIS/4356.png,3880225,2026-08-22 04:54:05.807000,train
data_train/data_train/VIS/4357.png,4128494,2026-08-22 04:54:05.869000,train
data_train/data_train/VIS/4359.png,4144921,2026-08-22 04:54:05.931000,train
data_train/data_train/VIS/436.png,4046274,2026-08-22 04:54:05.965000,train
data_train/data_train/VIS/4360.png,3864440,2026-08-22 04:54:05.995000,train
data_train/data_train/VIS/4364.png,3778454,2026-08-22 04:54:06.014000,train
data_train/data_train/VIS/4365.png,3856568,2026-08-22 04:54:06.087000,train
data_train/data_train/VIS/4368.png,4103712,2026-08-22 04:54:06.141000,train
data_train/data_train/VIS/437.png,3950704,2026-08-22 04:54:06.180000,train
data_train/data_train/VIS/4371.png,3957641,2026-08-22 04:54:06.206000,train
data_train/data_train/VIS/4372.png,4144737,2026-08-22 04:54:06.255000,train
data_train/data_train/VIS/4373.png,4120120,2026-08-22 04:54:06.304000,train
data_train/data_train/VIS/4374.png,3786030,2026-08-22 04:54:06.318000,train
data_train/data_train/VIS/4375.png,3870696,2026-08-22 04:54:06.378000,train
data_train/data_train/VIS/4376.png,4087996,2026-08-22 04:54:06.444000,train
data_train/data_train/VIS/4378.png,4007529,2026-08-22 04:54:06.464000,train
data_train/data_train/VIS/438.png,3653260,2026-08-22 04:54:06.508000,train
data_train/data_train/VIS/4381.png,4038642,2026-08-22 04:54:06.556000,train
data_train/data_train/VIS/4385.png,3943558,2026-08-22 04:54:06.587000,train
data_train/data_train/VIS/4386.png,3800558,2026-08-22 04:54:06.599000,train
data_train/data_train/VIS/4387.png,4144737,2026-08-22 04:54:06.638000,train
data_train/data_train/VIS/4388.png,3848608,2026-08-22 04:54:06.694000,train
data_train/data_train/VIS/4390.png,3911346,2026-08-22 04:54:06.719000,train
data_train/data_train/VIS/4391.png,3991054,2026-08-22 04:54:06.759000,train
data_train/data_train/VIS/4392.png,3794013,2026-08-22 04:54:06.774000,train
data_train/data_train/VIS/4394.png,4063773,2026-08-22 04:54:06.815000,train
data_train/data_train/VIS/4395.png,3939607,2026-08-22 04:54:06.845000,train
data_train/data_train/VIS/4397.png,4023433,2026-08-22 04:54:06.918000,train
data_train/data_train/VIS/4398.png,4047594,2026-08-22 04:54:06.924000,train
data_train/data_train/VIS/4399.png,4096071,2026-08-22 04:54:06.989000,train
data_train/data_train/VIS/44.png,3817400,2026-08-22 04:54:07.055000,train
data_train/data_train/VIS/440.png,3864440,2026-08-22 04:54:07.064000,train
data_train/data_train/VIS/4400.png,4128586,2026-08-22 04:54:07.098000,train
data_train/data_train/VIS/4401.png,3575984,2026-08-22 04:54:07.118000,train
data_train/data_train/VIS/4402.png,3958307,2026-08-22 04:54:07.149000,train
data_train/data_train/VIS/4403.png,4023512,2026-08-22 04:54:07.223000,train
data_train/data_train/VIS/4404.png,3935678,2026-08-22 04:54:07.221000,train
data_train/data_train/VIS/4405.png,4079291,2026-08-22 04:54:07.261000,train
data_train/data_train/VIS/4407.png,3701050,2026-08-22 04:54:07.302000,train
data_train/data_train/VIS/4409.png,4079925,2026-08-22 04:54:07.336000,train
data_train/data_train/VIS/4410.png,4144737,2026-08-22 04:54:07.398000,train
data_train/data_train/VIS/4415.png,3176242,2026-08-22 04:54:07.412000,train
data_train/data_train/VIS/4419.png,3951241,2026-08-22 04:54:07.475000,train
data_train/data_train/VIS/442.png,3585664,2026-08-22 04:54:07.494000,train
data_train/data_train/VIS/4420.png,3958737,2026-08-22 04:54:07.543000,train
data_train/data_train/VIS/4421.png,3901832,2026-08-22 04:54:07.596000,train
data_train/data_train/VIS/4423.png,3707459,2026-08-22 04:54:07.607000,train
data_train/data_train/VIS/4426.png,3896097,2026-08-22 04:54:07.660000,train
data_train/data_train/VIS/4427.png,3793738,2026-08-22 04:54:07.685000,train
data_train/data_train/VIS/4428.png,3840047,2026-08-22 04:54:07.734000,train
data_train/data_train/VIS/4429.png,4087881,2026-08-22 04:54:07.768000,train
data_train/data_train/VIS/443.png,3880325,2026-08-22 04:54:07.823000,train
data_train/data_train/VIS/4431.png,3830374,2026-08-22 04:54:07.868000,train
data_train/data_train/VIS/4433.png,3793852,2026-08-22 04:54:07.874000,train
data_train/data_train/VIS/4434.png,3927594,2026-08-22 04:54:07.923000,train
data_train/data_train/VIS/4436.png,3871776,2026-08-22 04:54:07.950000,train
data_train/data_train/VIS/4437.png,4039590,2026-08-22 04:54:07.992000,train
data_train/data_train/VIS/4439.png,4079095,2026-08-22 04:54:08.013000,train
data_train/data_train/VIS/444.png,4046274,2026-08-22 04:54:08.059000,train
data_train/data_train/VIS/4444.png,3382366,2026-08-22 04:54:08.077000,train
data_train/data_train/VIS/4445.png,4112229,2026-08-22 04:54:08.147000,train
data_train/data_train/VIS/4446.png,4047226,2026-08-22 04:54:08.227000,train
data_train/data_train/VIS/4447.png,4103712,2026-08-22 04:54:08.240000,train
data_train/data_train/VIS/4449.png,4103712,2026-08-22 04:54:08.286000,train
data_train/data_train/VIS/445.png,3991496,2026-08-22 04:54:08.313000,train
data_train/data_train/VIS/4450.png,3885689,2026-08-22 04:54:08.366000,train
data_train/data_train/VIS/4451.png,3998970,2026-08-22 04:54:08.388000,train
data_train/data_train/VIS/4453.png,3888025,2026-08-22 04:54:08.432000,train
data_train/data_train/VIS/4454.png,3872201,2026-08-22 04:54:08.447000,train
data_train/data_train/VIS/4455.png,3490207,2026-08-22 04:54:08.474000,train
data_train/data_train/VIS/4456.png,3685666,2026-08-22 04:54:08.530000,train
data_train/data_train/VIS/4457.png,3739238,2026-08-22 04:54:08.545000,train
data_train/data_train/VIS/4458.png,4062682,2026-08-22 04:54:08.584000,train
data_train/data_train/VIS/4459.png,4055556,2026-08-22 04:54:08.638000,train
data_train/data_train/VIS/446.png,3935371,2026-08-22 04:54:08.630000,train
data_train/data_train/VIS/4460.png,3933978,2026-08-22 04:54:08.710000,train
data_train/data_train/VIS/4463.png,3778454,2026-08-22 04:54:08.700000,train
data_train/data_train/VIS/4464.png,3974488,2026-08-22 04:54:08.749000,train
data_train/data_train/VIS/4466.png,3888069,2026-08-22 04:54:08.809000,train
data_train/data_train/VIS/4468.png,3817468,2026-08-22 04:54:08.838000,train
data_train/data_train/VIS/4469.png,3721849,2026-08-22 04:54:08.859000,train
data_train/data_train/VIS/447.png,3808993,2026-08-22 04:54:08.888000,train
data_train/data_train/VIS/4470.png,3661050,2026-08-22 04:54:08.939000,train
data_train/data_train/VIS/4471.png,3967014,2026-08-22 04:54:08.974000,train
data_train/data_train/VIS/4472.png,4144737,2026-08-22 04:54:08.998000,train
data_train/data_train/VIS/4473.png,4079095,2026-08-22 04:54:09.076000,train
data_train/data_train/VIS/4476.png,3903977,2026-08-22 04:54:09.103000,train
data_train/data_train/VIS/4477.png,3816939,2026-08-22 04:54:09.134000,train
data_train/data_train/VIS/4478.png,3566079,2026-08-22 04:54:09.170000,train
data_train/data_train/VIS/4481.png,3935586,2026-08-22 04:54:09.201000,train
data_train/data_train/VIS/4484.png,3999160,2026-08-22 04:54:09.271000,train
data_train/data_train/VIS/4485.png,3967351,2026-08-22 04:54:09.293000,train
data_train/data_train/VIS/4487.png,3847224,2026-08-22 04:54:09.336000,train
data_train/data_train/VIS/4488.png,4136726,2026-08-22 04:54:09.361000,train
data_train/data_train/VIS/4489.png,4095503,2026-08-22 04:54:09.418000,train
data_train/data_train/VIS/449.png,3632025,2026-08-22 04:54:09.424000,train
data_train/data_train/VIS/4490.png,3582790,2026-08-22 04:54:09.559000,train
data_train/data_train/VIS/4491.png,3880077,2026-08-22 04:54:09.506000,train
data_train/data_train/VIS/4492.png,3832741,2026-08-22 04:54:09.548000,train
data_train/data_train/VIS/4493.png,4071335,2026-08-22 04:54:09.579000,train
data_train/data_train/VIS/4496.png,3864428,2026-08-22 04:54:09.591000,train
data_train/data_train/VIS/4497.png,4087881,2026-08-22 04:54:09.678000,train
data_train/data_train/VIS/4498.png,4087634,2026-08-22 04:54:09.704000,train
data_train/data_train/VIS/45.png,3975248,2026-08-22 04:54:09.719000,train
data_train/data_train/VIS/450.png,3752058,2026-08-22 04:54:09.759000,train
data_train/data_train/VIS/4501.png,3524598,2026-08-22 04:54:09.850000,train
data_train/data_train/VIS/4502.png,3942628,2026-08-22 04:54:09.827000,train
data_train/data_train/VIS/4503.png,4144737,2026-08-22 04:54:09.894000,train
data_train/data_train/VIS/4505.png,3864440,2026-08-22 04:54:09.891000,train
data_train/data_train/VIS/4506.png,3975222,2026-08-22 04:54:09.974000,train
data_train/data_train/VIS/4507.png,3494615,2026-08-22 04:54:09.984000,train
data_train/data_train/VIS/4508.png,3951241,2026-08-22 04:54:10.039000,train
data_train/data_train/VIS/4509.png,3943558,2026-08-22 04:54:10.046000,train
data_train/data_train/VIS/4510.png,3967059,2026-08-22 04:54:10.110000,train
data_train/data_train/VIS/4511.png,3815843,2026-08-22 04:54:10.116000,train
data_train/data_train/VIS/4516.png,3999020,2026-08-22 04:54:10.172000,train
data_train/data_train/VIS/4517.png,4015213,2026-08-22 04:54:10.203000,train
data_train/data_train/VIS/4520.png,4202180,2026-08-22 04:54:10.245000,train
data_train/data_train/VIS/4521.png,3661020,2026-08-22 04:54:10.315000,train
data_train/data_train/VIS/4523.png,3832741,2026-08-22 04:54:10.266000,train
data_train/data_train/VIS/4527.png,3895921,2026-08-22 04:54:10.364000,train
data_train/data_train/VIS/4528.png,4103712,2026-08-22 04:54:10.373000,train
data_train/data_train/VIS/4529.png,3925106,2026-08-22 04:54:10.394000,train
data_train/data_train/VIS/4530.png,3697640,2026-08-22 04:54:10.413000,train
data_train/data_train/VIS/4531.png,4047465,2026-08-22 04:54:10.476000,train
data_train/data_train/VIS/4535.png,3896097,2026-08-22 04:54:10.604000,train
data_train/data_train/VIS/4536.png,4030425,2026-08-22 04:54:10.662000,train
data_train/data_train/VIS/4537.png,4023141,2026-08-22 04:54:10.685000,train
data_train/data_train/VIS/4539.png,4104161,2026-08-22 04:54:10.753000,train
data_train/data_train/VIS/4541.png,3896097,2026-08-22 04:54:10.776000,train
data_train/data_train/VIS/4542.png,3794066,2026-08-22 04:54:10.818000,train
data_train/data_train/VIS/4543.png,4071849,2026-08-22 04:54:10.896000,train
data_train/data_train/VIS/4546.png,3832366,2026-08-22 04:54:10.918000,train
data_train/data_train/VIS/4548.png,4103712,2026-08-22 04:54:10.961000,train
data_train/data_train/VIS/455.png,3832363,2026-08-22 04:54:11.042000,train
data_train/data_train/VIS/4552.png,3699248,2026-08-22 04:54:11.114000,train
data_train/data_train/VIS/4553.png,3785714,2026-08-22 04:54:11.139000,train
data_train/data_train/VIS/4554.png,4079647,2026-08-22 04:54:11.181000,train
data_train/data_train/VIS/4555.png,3872412,2026-08-22 04:54:11.237000,train
data_train/data_train/VIS/4556.png,3778178,2026-08-22 04:54:11.260000,train
data_train/data_train/VIS/4558.png,4087864,2026-08-22 04:54:11.296000,train
data_train/data_train/VIS/4559.png,3935406,2026-08-22 04:54:11.376000,train
data_train/data_train/VIS/4560.png,3816423,2026-08-22 04:54:11.368000,train
data_train/data_train/VIS/4563.png,4152941,2026-08-22 04:54:11.408000,train
data_train/data_train/VIS/4565.png,3801482,2026-08-22 04:54:11.467000,train
data_train/data_train/VIS/4566.png,3864188,2026-08-22 04:54:11.521000,train
data_train/data_train/VIS/4567.png,4144737,2026-08-22 04:54:11.522000,train
data_train/data_train/VIS/4568.png,3895313,2026-08-22 04:54:11.570000,train
data_train/data_train/VIS/4569.png,3801824,2026-08-22 04:54:11.606000,train
data_train/data_train/VIS/4570.png,3213875,2026-08-22 04:54:11.623000,train
data_train/data_train/VIS/4571.png,4071335,2026-08-22 04:54:11.660000,train
data_train/data_train/VIS/4572.png,3957641,2026-08-22 04:54:11.791000,train
data_train/data_train/VIS/4573.png,3870696,2026-08-22 04:54:11.720000,train
data_train/data_train/VIS/4574.png,3975248,2026-08-22 04:54:11.772000,train
data_train/data_train/VIS/4577.png,4054903,2026-08-22 04:54:11.798000,train
data_train/data_train/VIS/4578.png,3809483,2026-08-22 04:54:11.822000,train
data_train/data_train/VIS/4579.png,3856568,2026-08-22 04:54:11.869000,train
data_train/data_train/VIS/4580.png,4096113,2026-08-22 04:54:11.904000,train
data_train/data_train/VIS/4581.png,3685579,2026-08-22 04:54:11.937000,train
data_train/data_train/VIS/4582.png,3918970,2026-08-22 04:54:11.968000,train
data_train/data_train/VIS/4583.png,3887711,2026-08-22 04:54:12.022000,train
data_train/data_train/VIS/4584.png,3817400,2026-08-22 04:54:12.075000,train
data_train/data_train/VIS/4585.png,3935058,2026-08-22 04:54:12.073000,train
data_train/data_train/VIS/4586.png,4047694,2026-08-22 04:54:12.132000,train
data_train/data_train/VIS/4587.png,3911826,2026-08-22 04:54:12.172000,train
data_train/data_train/VIS/4588.png,3927766,2026-08-22 04:54:12.209000,train
data_train/data_train/VIS/459.png,3999431,2026-08-22 04:54:12.219000,train
data_train/data_train/VIS/4590.png,3848262,2026-08-22 04:54:12.256000,train
data_train/data_train/VIS/4591.png,3991500,2026-08-22 04:54:12.292000,train
data_train/data_train/VIS/4592.png,4054958,2026-08-22 04:54:12.315000,train
data_train/data_train/VIS/4593.png,3926506,2026-08-22 04:54:12.388000,train
data_train/data_train/VIS/4594.png,4087996,2026-08-22 04:54:12.398000,train
data_train/data_train/VIS/4595.png,3731908,2026-08-22 04:54:12.431000,train
data_train/data_train/VIS/4598.png,3764961,2026-08-22 04:54:12.461000,train
data_train/data_train/VIS/4599.png,3707480,2026-08-22 04:54:12.481000,train
data_train/data_train/VIS/460.png,3809647,2026-08-22 04:54:12.511000,train
data_train/data_train/VIS/4603.png,3535878,2026-08-22 04:54:12.547000,train
data_train/data_train/VIS/4604.png,4144737,2026-08-22 04:54:12.586000,train
data_train/data_train/VIS/4605.png,4047594,2026-08-22 04:54:12.645000,train
data_train/data_train/VIS/4606.png,4006941,2026-08-22 04:54:12.666000,train
data_train/data_train/VIS/4607.png,3927329,2026-08-22 04:54:12.710000,train
data_train/data_train/VIS/4608.png,3991500,2026-08-22 04:54:12.774000,train
data_train/data_train/VIS/461.png,3900656,2026-08-22 04:54:12.794000,train
data_train/data_train/VIS/4610.png,3943407,2026-08-22 04:54:12.839000,train
data_train/data_train/VIS/4611.png,3943033,2026-08-22 04:54:12.848000,train
data_train/data_train/VIS/4612.png,3902273,2026-08-22 04:54:12.889000,train
data_train/data_train/VIS/4617.png,3942663,2026-08-22 04:54:12.919000,train
data_train/data_train/VIS/4618.png,3499640,2026-08-22 04:54:12.943000,train
data_train/data_train/VIS/4619.png,3966091,2026-08-22 04:54:12.996000,train
data_train/data_train/VIS/4621.png,3693115,2026-08-22 04:54:13.058000,train
data_train/data_train/VIS/4623.png,3721884,2026-08-22 04:54:13.066000,train
data_train/data_train/VIS/4624.png,3647189,2026-08-22 04:54:13.131000,train
data_train/data_train/VIS/4628.png,3974488,2026-08-22 04:54:13.175000,train
data_train/data_train/VIS/463.png,3583690,2026-08-22 04:54:13.209000,train
data_train/data_train/VIS/4630.png,4079947,2026-08-22 04:54:13.257000,train
data_train/data_train/VIS/4633.png,3951395,2026-08-22 04:54:13.288000,train
data_train/data_train/VIS/4634.png,3990236,2026-08-22 04:54:13.336000,train
data_train/data_train/VIS/4635.png,4136713,2026-08-22 04:54:13.370000,train
data_train/data_train/VIS/4636.png,3888146,2026-08-22 04:54:13.422000,train
data_train/data_train/VIS/4637.png,3825139,2026-08-22 04:54:13.487000,train
data_train/data_train/VIS/4639.png,3700361,2026-08-22 04:54:13.490000,train
data_train/data_train/VIS/464.png,4006925,2026-08-22 04:54:13.530000,train
data_train/data_train/VIS/4640.png,3896097,2026-08-22 04:54:13.558000,train
data_train/data_train/VIS/4641.png,4103712,2026-08-22 04:54:13.605000,train
data_train/data_train/VIS/4644.png,3817468,2026-08-22 04:54:13.638000,train
data_train/data_train/VIS/4645.png,3895701,2026-08-22 04:54:13.672000,train
data_train/data_train/VIS/4646.png,3943671,2026-08-22 04:54:13.713000,train
data_train/data_train/VIS/4648.png,4062682,2026-08-22 04:54:13.784000,train
data_train/data_train/VIS/4649.png,4023433,2026-08-22 04:54:13.810000,train
data_train/data_train/VIS/465.png,3983366,2026-08-22 04:54:13.861000,train
data_train/data_train/VIS/4651.png,3872372,2026-08-22 04:54:13.862000,train
data_train/data_train/VIS/4653.png,4128586,2026-08-22 04:54:13.914000,train
data_train/data_train/VIS/4655.png,4054478,2026-08-22 04:54:13.944000,train
data_train/data_train/VIS/4656.png,3894108,2026-08-22 04:54:13.981000,train
data_train/data_train/VIS/466.png,3864564,2026-08-22 04:54:14.015000,train
data_train/data_train/VIS/4660.png,3724114,2026-08-22 04:54:14.047000,train
data_train/data_train/VIS/4661.png,4103978,2026-08-22 04:54:14.176000,train
data_train/data_train/VIS/4668.png,3864440,2026-08-22 04:54:14.106000,train
data_train/data_train/VIS/467.png,3886759,2026-08-22 04:54:14.152000,train
data_train/data_train/VIS/4670.png,3848262,2026-08-22 04:54:14.214000,train
data_train/data_train/VIS/4671.png,4039590,2026-08-22 04:54:14.248000,train
data_train/data_train/VIS/4673.png,3760377,2026-08-22 04:54:14.280000,train
data_train/data_train/VIS/4676.png,4071831,2026-08-22 04:54:14.297000,train
data_train/data_train/VIS/4681.png,4103712,2026-08-22 04:54:14.347000,train
data_train/data_train/VIS/4683.png,3894803,2026-08-22 04:54:14.366000,train
data_train/data_train/VIS/4684.png,4144737,2026-08-22 04:54:14.418000,train
data_train/data_train/VIS/4685.png,3991460,2026-08-22 04:54:14.475000,train
data_train/data_train/VIS/4686.png,3768753,2026-08-22 04:54:14.485000,train
data_train/data_train/VIS/4688.png,4039650,2026-08-22 04:54:14.567000,train
data_train/data_train/VIS/4689.png,4103712,2026-08-22 04:54:14.603000,train
data_train/data_train/VIS/469.png,4022761,2026-08-22 04:54:14.622000,train
data_train/data_train/VIS/4690.png,3903973,2026-08-22 04:54:14.636000,train
data_train/data_train/VIS/4691.png,3747389,2026-08-22 04:54:14.674000,train
data_train/data_train/VIS/4693.png,3942581,2026-08-22 04:54:14.705000,train
data_train/data_train/VIS/4694.png,3911670,2026-08-22 04:54:14.772000,train
data_train/data_train/VIS/4695.png,3808522,2026-08-22 04:54:14.815000,train
data_train/data_train/VIS/4696.png,4202180,2026-08-22 04:54:14.836000,train
data_train/data_train/VIS/4699.png,3903977,2026-08-22 04:54:14.873000,train
data_train/data_train/VIS/470.png,4007236,2026-08-22 04:54:14.919000,train
data_train/data_train/VIS/4700.png,3731732,2026-08-22 04:54:14.948000,train
data_train/data_train/VIS/4702.png,3762037,2026-08-22 04:54:14.973000,train
data_train/data_train/VIS/4703.png,3832391,2026-08-22 04:54:14.987000,train
data_train/data_train/VIS/4707.png,3832993,2026-08-22 04:54:15.066000,train
data_train/data_train/VIS/4708.png,3832993,2026-08-22 04:54:15.099000,train
data_train/data_train/VIS/4709.png,3754558,2026-08-22 04:54:15.140000,train
data_train/data_train/VIS/471.png,3584462,2026-08-22 04:54:15.134000,train
data_train/data_train/VIS/4710.png,3898577,2026-08-22 04:54:15.176000,train
data_train/data_train/VIS/4712.png,3513004,2026-08-22 04:54:15.213000,train
data_train/data_train/VIS/4713.png,3959390,2026-08-22 04:54:15.279000,train
data_train/data_train/VIS/4715.png,3654335,2026-08-22 04:54:15.254000,train
data_train/data_train/VIS/472.png,3903323,2026-08-22 04:54:15.296000,train
data_train/data_train/VIS/4720.png,3991336,2026-08-22 04:54:15.379000,train
data_train/data_train/VIS/4721.png,3847818,2026-08-22 04:54:15.373000,train
data_train/data_train/VIS/4722.png,3878020,2026-08-22 04:54:15.458000,train
data_train/data_train/VIS/4725.png,4079095,2026-08-22 04:54:15.460000,train
data_train/data_train/VIS/4726.png,3919382,2026-08-22 04:54:15.522000,train
data_train/data_train/VIS/4728.png,3856524,2026-08-22 04:54:15.555000,train
data_train/data_train/VIS/4729.png,3855528,2026-08-22 04:54:15.582000,train
data_train/data_train/VIS/473.png,3698965,2026-08-22 04:54:15.607000,train
data_train/data_train/VIS/4730.png,3856568,2026-08-22 04:54:15.690000,train
data_train/data_train/VIS/4731.png,3555379,2026-08-22 04:54:15.662000,train
data_train/data_train/VIS/4732.png,3990709,2026-08-22 04:54:15.737000,train
data_train/data_train/VIS/4733.png,3966891,2026-08-22 04:54:15.738000,train
data_train/data_train/VIS/4734.png,3840877,2026-08-22 04:54:15.808000,train
data_train/data_train/VIS/4737.png,3481805,2026-08-22 04:54:15.879000,train
data_train/data_train/VIS/4739.png,3880225,2026-08-22 04:54:15.871000,train
data_train/data_train/VIS/474.png,3511777,2026-08-22 04:54:15.915000,train
data_train/data_train/VIS/4740.png,4128600,2026-08-22 04:54:15.942000,train
data_train/data_train/VIS/4741.png,3754908,2026-08-22 04:54:15.980000,train
data_train/data_train/VIS/4742.png,3708767,2026-08-22 04:54:16.009000,train
data_train/data_train/VIS/4744.png,4063732,2026-08-22 04:54:16.069000,train
data_train/data_train/VIS/4745.png,3911670,2026-08-22 04:54:16.097000,train
data_train/data_train/VIS/4746.png,3791958,2026-08-22 04:54:16.122000,train
data_train/data_train/VIS/4747.png,3608520,2026-08-22 04:54:16.213000,train
data_train/data_train/VIS/475.png,3919347,2026-08-22 04:54:16.183000,train
data_train/data_train/VIS/4751.png,2804640,2026-08-22 04:54:16.213000,train
data_train/data_train/VIS/4752.png,3808522,2026-08-22 04:54:16.243000,train
data_train/data_train/VIS/4755.png,4128544,2026-08-22 04:54:16.307000,train
data_train/data_train/VIS/4758.png,3880077,2026-08-22 04:54:16.322000,train
data_train/data_train/VIS/4759.png,4055618,2026-08-22 04:54:16.376000,train
data_train/data_train/VIS/476.png,3824418,2026-08-22 04:54:16.415000,train
data_train/data_train/VIS/4760.png,3762753,2026-08-22 04:54:16.451000,train
data_train/data_train/VIS/4761.png,4120070,2026-08-22 04:54:16.496000,train
data_train/data_train/VIS/4763.png,3872356,2026-08-22 04:54:16.529000,train
data_train/data_train/VIS/4765.png,3166854,2026-08-22 04:54:16.552000,train
data_train/data_train/VIS/4769.png,3778148,2026-08-22 04:54:16.600000,train
data_train/data_train/VIS/4770.png,4047644,2026-08-22 04:54:16.633000,train
data_train/data_train/VIS/4773.png,3942663,2026-08-22 04:54:16.685000,train
data_train/data_train/VIS/4776.png,4055321,2026-08-22 04:54:16.722000,train
data_train/data_train/VIS/4777.png,3856608,2026-08-22 04:54:16.774000,train
data_train/data_train/VIS/4778.png,3708350,2026-08-22 04:54:16.819000,train
data_train/data_train/VIS/4779.png,4015033,2026-08-22 04:54:16.867000,train
data_train/data_train/VIS/478.png,3809151,2026-08-22 04:54:16.899000,train
data_train/data_train/VIS/4780.png,3801687,2026-08-22 04:54:16.936000,train
data_train/data_train/VIS/4781.png,4007469,2026-08-22 04:54:16.967000,train
data_train/data_train/VIS/4782.png,4014661,2026-08-22 04:54:16.989000,train
data_train/data_train/VIS/4783.png,3895973,2026-08-22 04:54:17.039000,train
data_train/data_train/VIS/4785.png,3774573,2026-08-22 04:54:17.086000,train
data_train/data_train/VIS/4786.png,3999420,2026-08-22 04:54:17.094000,train
data_train/data_train/VIS/4787.png,3662650,2026-08-22 04:54:17.139000,train
data_train/data_train/VIS/4788.png,3739238,2026-08-22 04:54:17.168000,train
data_train/data_train/VIS/4789.png,3951435,2026-08-22 04:54:17.197000,train
data_train/data_train/VIS/4793.png,3908826,2026-08-22 04:54:17.258000,train
data_train/data_train/VIS/4794.png,4055573,2026-08-22 04:54:17.284000,train
data_train/data_train/VIS/4795.png,4022761,2026-08-22 04:54:17.348000,train
data_train/data_train/VIS/4796.png,4096163,2026-08-22 04:54:17.358000,train
data_train/data_train/VIS/4797.png,3562835,2026-08-22 04:54:17.468000,train
data_train/data_train/VIS/4798.png,3864560,2026-08-22 04:54:17.442000,train
data_train/data_train/VIS/4799.png,4112329,2026-08-22 04:54:17.537000,train
data_train/data_train/VIS/480.png,4096163,2026-08-22 04:54:17.603000,train
data_train/data_train/VIS/4801.png,3793936,2026-08-22 04:54:17.589000,train
data_train/data_train/VIS/4802.png,4103712,2026-08-22 04:54:17.683000,train
data_train/data_train/VIS/4803.png,4062682,2026-08-22 04:54:17.711000,train
data_train/data_train/VIS/4804.png,4031509,2026-08-22 04:54:17.742000,train
data_train/data_train/VIS/4806.png,4103712,2026-08-22 04:54:17.777000,train
data_train/data_train/VIS/4808.png,3959435,2026-08-22 04:54:17.814000,train
data_train/data_train/VIS/4811.png,3991500,2026-08-22 04:54:17.876000,train
data_train/data_train/VIS/4813.png,3983416,2026-08-22 04:54:17.904000,train
data_train/data_train/VIS/4814.png,3880042,2026-08-22 04:54:17.928000,train
data_train/data_train/VIS/4815.png,3647206,2026-08-22 04:54:17.978000,train
data_train/data_train/VIS/4816.png,3747113,2026-08-22 04:54:17.984000,train
data_train/data_train/VIS/4818.png,4079875,2026-08-22 04:54:18.034000,train
data_train/data_train/VIS/4819.png,3578860,2026-08-22 04:54:18.096000,train
data_train/data_train/VIS/482.png,3840933,2026-08-22 04:54:18.181000,train
data_train/data_train/VIS/4821.png,4096163,2026-08-22 04:54:18.221000,train
data_train/data_train/VIS/4823.png,3871904,2026-08-22 04:54:18.252000,train
data_train/data_train/VIS/4825.png,3939607,2026-08-22 04:54:18.352000,train
data_train/data_train/VIS/4827.png,4014318,2026-08-22 04:54:18.341000,train
data_train/data_train/VIS/4828.png,4007215,2026-08-22 04:54:18.386000,train
data_train/data_train/VIS/483.png,3855528,2026-08-22 04:54:18.431000,train
data_train/data_train/VIS/4831.png,3880325,2026-08-22 04:54:18.452000,train
data_train/data_train/VIS/4833.png,3887881,2026-08-22 04:54:18.493000,train
data_train/data_train/VIS/4834.png,3951395,2026-08-22 04:54:18.524000,train
data_train/data_train/VIS/4836.png,3991124,2026-08-22 04:54:18.583000,train
data_train/data_train/VIS/484.png,3951116,2026-08-22 04:54:18.580000,train
data_train/data_train/VIS/4840.png,3586292,2026-08-22 04:54:18.641000,train
data_train/data_train/VIS/4843.png,3784618,2026-08-22 04:54:18.653000,train
data_train/data_train/VIS/4844.png,3950885,2026-08-22 04:54:18.670000,train
data_train/data_train/VIS/4845.png,4071776,2026-08-22 04:54:18.760000,train
data_train/data_train/VIS/4846.png,3336240,2026-08-22 04:54:18.756000,train
data_train/data_train/VIS/4849.png,3801828,2026-08-22 04:54:18.787000,train
data_train/data_train/VIS/485.png,4136726,2026-08-22 04:54:18.847000,train
data_train/data_train/VIS/4850.png,3999420,2026-08-22 04:54:18.916000,train
data_train/data_train/VIS/4851.png,4015033,2026-08-22 04:54:18.922000,train
data_train/data_train/VIS/4852.png,4063818,2026-08-22 04:54:19.005000,train
data_train/data_train/VIS/4855.png,3872356,2026-08-22 04:54:19.047000,train
data_train/data_train/VIS/4856.png,4079095,2026-08-22 04:54:19.031000,train
data_train/data_train/VIS/4857.png,4112150,2026-08-22 04:54:19.082000,train
data_train/data_train/VIS/4858.png,3651098,2026-08-22 04:54:19.154000,train
data_train/data_train/VIS/486.png,4046814,2026-08-22 04:54:19.126000,train
data_train/data_train/VIS/4864.png,4103712,2026-08-22 04:54:19.192000,train
data_train/data_train/VIS/4866.png,3935518,2026-08-22 04:54:19.224000,train
data_train/data_train/VIS/4868.png,3708627,2026-08-22 04:54:19.246000,train
data_train/data_train/VIS/4869.png,3590130,2026-08-22 04:54:19.264000,train
data_train/data_train/VIS/487.png,3974441,2026-08-22 04:54:19.293000,train
data_train/data_train/VIS/4870.png,3843676,2026-08-22 04:54:19.350000,train
data_train/data_train/VIS/4873.png,2987507,2026-08-22 04:54:19.362000,train
data_train/data_train/VIS/4874.png,4006434,2026-08-22 04:54:19.405000,train
data_train/data_train/VIS/4875.png,3559833,2026-08-22 04:54:19.426000,train
data_train/data_train/VIS/4876.png,4039386,2026-08-22 04:54:19.491000,train
data_train/data_train/VIS/4877.png,3935678,2026-08-22 04:54:19.496000,train
data_train/data_train/VIS/4878.png,3949501,2026-08-22 04:54:19.610000,train
data_train/data_train/VIS/4879.png,4055618,2026-08-22 04:54:19.597000,train
data_train/data_train/VIS/488.png,3785655,2026-08-22 04:54:19.670000,train
data_train/data_train/VIS/4880.png,3998970,2026-08-22 04:54:19.632000,train
data_train/data_train/VIS/4881.png,3677833,2026-08-22 04:54:19.681000,train
data_train/data_train/VIS/4882.png,4071831,2026-08-22 04:54:19.740000,train
data_train/data_train/VIS/4884.png,3872413,2026-08-22 04:54:19.772000,train
data_train/data_train/VIS/4885.png,3809023,2026-08-22 04:54:19.849000,train
data_train/data_train/VIS/4886.png,4103712,2026-08-22 04:54:19.843000,train
data_train/data_train/VIS/4887.png,3903977,2026-08-22 04:54:19.868000,train
data_train/data_train/VIS/4889.png,3959130,2026-08-22 04:54:19.918000,train
data_train/data_train/VIS/4890.png,3951519,2026-08-22 04:54:19.936000,train
data_train/data_train/VIS/4891.png,4023111,2026-08-22 04:54:20,train
data_train/data_train/VIS/4892.png,4071776,2026-08-22 04:54:20.030000,train
data_train/data_train/VIS/4893.png,3903886,2026-08-22 04:54:20.076000,train
data_train/data_train/VIS/4894.png,3662650,2026-08-22 04:54:20.095000,train
data_train/data_train/VIS/4895.png,3833023,2026-08-22 04:54:20.145000,train
data_train/data_train/VIS/4896.png,3533363,2026-08-22 04:54:20.167000,train
data_train/data_train/VIS/4898.png,4030901,2026-08-22 04:54:20.221000,train
data_train/data_train/VIS/49.png,3982832,2026-08-22 04:54:20.253000,train
data_train/data_train/VIS/490.png,4120492,2026-08-22 04:54:20.302000,train
data_train/data_train/VIS/4900.png,4023388,2026-08-22 04:54:20.335000,train
data_train/data_train/VIS/4901.png,3974972,2026-08-22 04:54:20.390000,train
data_train/data_train/VIS/4903.png,4055573,2026-08-22 04:54:20.445000,train
data_train/data_train/VIS/4905.png,3855276,2026-08-22 04:54:20.507000,train
data_train/data_train/VIS/4906.png,3762609,2026-08-22 04:54:20.483000,train
data_train/data_train/VIS/4909.png,3792858,2026-08-22 04:54:20.516000,train
data_train/data_train/VIS/491.png,3999380,2026-08-22 04:54:20.573000,train
data_train/data_train/VIS/4910.png,3838806,2026-08-22 04:54:20.624000,train
data_train/data_train/VIS/4913.png,3832716,2026-08-22 04:54:20.667000,train
data_train/data_train/VIS/4914.png,3888069,2026-08-22 04:54:20.713000,train
data_train/data_train/VIS/4915.png,3939607,2026-08-22 04:54:20.781000,train
data_train/data_train/VIS/4917.png,3776730,2026-08-22 04:54:20.780000,train
data_train/data_train/VIS/4919.png,3614078,2026-08-22 04:54:20.815000,train
data_train/data_train/VIS/492.png,3967351,2026-08-22 04:54:20.850000,train
data_train/data_train/VIS/4921.png,3693383,2026-08-22 04:54:20.890000,train
data_train/data_train/VIS/4922.png,3967459,2026-08-22 04:54:20.907000,train
data_train/data_train/VIS/4924.png,4063726,2026-08-22 04:54:20.958000,train
data_train/data_train/VIS/4926.png,3959527,2026-08-22 04:54:21.031000,train
data_train/data_train/VIS/4928.png,3793936,2026-08-22 04:54:21.027000,train
data_train/data_train/VIS/4929.png,4144737,2026-08-22 04:54:21.090000,train
data_train/data_train/VIS/4932.png,3864440,2026-08-22 04:54:21.118000,train
data_train/data_train/VIS/4933.png,4006941,2026-08-22 04:54:21.151000,train
data_train/data_train/VIS/4934.png,3762837,2026-08-22 04:54:21.169000,train
data_train/data_train/VIS/4937.png,3887741,2026-08-22 04:54:21.244000,train
data_train/data_train/VIS/4938.png,4079925,2026-08-22 04:54:21.275000,train
data_train/data_train/VIS/4940.png,3778255,2026-08-22 04:54:21.304000,train
data_train/data_train/VIS/4941.png,3838806,2026-08-22 04:54:21.315000,train
data_train/data_train/VIS/4942.png,3974488,2026-08-22 04:54:21.414000,train
data_train/data_train/VIS/4944.png,3975491,2026-08-22 04:54:21.409000,train
data_train/data_train/VIS/4945.png,4055321,2026-08-22 04:54:21.454000,train
data_train/data_train/VIS/4946.png,3770266,2026-08-22 04:54:21.477000,train
data_train/data_train/VIS/4948.png,4103712,2026-08-22 04:54:21.526000,train
data_train/data_train/VIS/495.png,3863263,2026-08-22 04:54:21.560000,train
data_train/data_train/VIS/4952.png,3654785,2026-08-22 04:54:21.592000,train
data_train/data_train/VIS/4954.png,3935371,2026-08-22 04:54:21.619000,train
data_train/data_train/VIS/4955.png,3677185,2026-08-22 04:54:21.658000,train
data_train/data_train/VIS/4958.png,3762807,2026-08-22 04:54:21.700000,train
data_train/data_train/VIS/496.png,4054478,2026-08-22 04:54:21.743000,train
data_train/data_train/VIS/4960.png,3724187,2026-08-22 04:54:21.757000,train
data_train/data_train/VIS/4961.png,4103712,2026-08-22 04:54:21.806000,train
data_train/data_train/VIS/4962.png,4015491,2026-08-22 04:54:21.852000,train
data_train/data_train/VIS/4965.png,3817400,2026-08-22 04:54:21.917000,train
data_train/data_train/VIS/4968.png,3372646,2026-08-22 04:54:21.898000,train
data_train/data_train/VIS/4969.png,3911670,2026-08-22 04:54:21.955000,train
data_train/data_train/VIS/4970.png,3864410,2026-08-22 04:54:22.002000,train
data_train/data_train/VIS/4971.png,3675236,2026-08-22 04:54:21.996000,train
data_train/data_train/VIS/4975.png,3959160,2026-08-22 04:54:22.043000,train
data_train/data_train/VIS/4976.png,4007215,2026-08-22 04:54:22.079000,train
data_train/data_train/VIS/4977.png,3939607,2026-08-22 04:54:22.116000,train
data_train/data_train/VIS/4979.png,3980632,2026-08-22 04:54:22.169000,train
data_train/data_train/VIS/498.png,3903937,2026-08-22 04:54:22.179000,train
data_train/data_train/VIS/4980.png,3998341,2026-08-22 04:54:22.197000,train
data_train/data_train/VIS/4981.png,3871300,2026-08-22 04:54:22.270000,train
data_train/data_train/VIS/4982.png,3723137,2026-08-22 04:54:22.281000,train
data_train/data_train/VIS/4983.png,3793882,2026-08-22 04:54:22.327000,train
data_train/data_train/VIS/4984.png,4039600,2026-08-22 04:54:22.374000,train
data_train/data_train/VIS/4985.png,3824418,2026-08-22 04:54:22.410000,train
data_train/data_train/VIS/4986.png,3809483,2026-08-22 04:54:22.455000,train
data_train/data_train/VIS/4988.png,4054438,2026-08-22 04:54:22.469000,train
data_train/data_train/VIS/499.png,4071651,2026-08-22 04:54:22.529000,train
data_train/data_train/VIS/4990.png,3949044,2026-08-22 04:54:22.531000,train
data_train/data_train/VIS/4991.png,4071335,2026-08-22 04:54:22.585000,train
data_train/data_train/VIS/4993.png,4144737,2026-08-22 04:54:22.638000,train
data_train/data_train/VIS/4994.png,4112356,2026-08-22 04:54:22.693000,train
data_train/data_train/VIS/4995.png,3856568,2026-08-22 04:54:22.731000,train
data_train/data_train/VIS/4996.png,3959130,2026-08-22 04:54:22.749000,train
data_train/data_train/VIS/4997.png,4169354,2026-08-22 04:54:22.759000,train
data_train/data_train/VIS/4998.png,4079462,2026-08-22 04:54:22.814000,train
data_train/data_train/VIS/4999.png,3943611,2026-08-22 04:54:22.827000,train
data_train/data_train/VIS/5.png,3414206,2026-08-22 04:54:22.969000,train
data_train/data_train/VIS/50.png,3724127,2026-08-22 04:54:22.898000,train
data_train/data_train/VIS/500.png,3664810,2026-08-22 04:54:22.920000,train
data_train/data_train/VIS/501.png,3999420,2026-08-22 04:54:22.972000,train
data_train/data_train/VIS/502.png,3918637,2026-08-22 04:54:23.029000,train
data_train/data_train/VIS/503.png,4103712,2026-08-22 04:54:23.024000,train
data_train/data_train/VIS/504.png,4023557,2026-08-22 04:54:23.088000,train
data_train/data_train/VIS/506.png,3760038,2026-08-22 04:54:23.091000,train
data_train/data_train/VIS/51.png,3894833,2026-08-22 04:54:23.156000,train
data_train/data_train/VIS/510.png,3661020,2026-08-22 04:54:23.164000,train
data_train/data_train/VIS/514.png,3910891,2026-08-22 04:54:23.223000,train
data_train/data_train/VIS/515.png,4111996,2026-08-22 04:54:23.263000,train
data_train/data_train/VIS/516.png,3776730,2026-08-22 04:54:23.304000,train
data_train/data_train/VIS/518.png,4007484,2026-08-22 04:54:23.333000,train
data_train/data_train/VIS/519.png,3699895,2026-08-22 04:54:23.363000,train
data_train/data_train/VIS/520.png,3785689,2026-08-22 04:54:23.412000,train
data_train/data_train/VIS/521.png,3703035,2026-08-22 04:54:23.426000,train
data_train/data_train/VIS/523.png,3801734,2026-08-22 04:54:23.547000,train
data_train/data_train/VIS/527.png,4071601,2026-08-22 04:54:23.630000,train
data_train/data_train/VIS/528.png,3658495,2026-08-22 04:54:23.635000,train
data_train/data_train/VIS/53.png,3144729,2026-08-22 04:54:23.658000,train
data_train/data_train/VIS/531.png,4023161,2026-08-22 04:54:23.747000,train
data_train/data_train/VIS/532.png,3991084,2026-08-22 04:54:23.738000,train
data_train/data_train/VIS/533.png,4014616,2026-08-22 04:54:23.826000,train
data_train/data_train/VIS/535.png,3623545,2026-08-22 04:54:23.811000,train
data_train/data_train/VIS/536.png,4095503,2026-08-22 04:54:23.837000,train
data_train/data_train/VIS/539.png,4096113,2026-08-22 04:54:23.907000,train
data_train/data_train/VIS/54.png,3647206,2026-08-22 04:54:23.901000,train
data_train/data_train/VIS/543.png,3888169,2026-08-22 04:54:23.973000,train
data_train/data_train/VIS/544.png,4144682,2026-08-22 04:54:24.024000,train
data_train/data_train/VIS/545.png,3723172,2026-08-22 04:54:24.069000,train
data_train/data_train/VIS/549.png,4161095,2026-08-22 04:54:24.168000,train
data_train/data_train/VIS/550.png,3817413,2026-08-22 04:54:24.137000,train
data_train/data_train/VIS/554.png,4071635,2026-08-22 04:54:24.204000,train
data_train/data_train/VIS/556.png,3856568,2026-08-22 04:54:24.232000,train
data_train/data_train/VIS/558.png,3864440,2026-08-22 04:54:24.290000,train
data_train/data_train/VIS/559.png,3845716,2026-08-22 04:54:24.349000,train
data_train/data_train/VIS/56.png,3509397,2026-08-22 04:54:24.372000,train
data_train/data_train/VIS/560.png,3708742,2026-08-22 04:54:24.440000,train
data_train/data_train/VIS/561.png,3685599,2026-08-22 04:54:24.446000,train
data_train/data_train/VIS/565.png,3769921,2026-08-22 04:54:24.518000,train
data_train/data_train/VIS/567.png,3975431,2026-08-22 04:54:24.567000,train
data_train/data_train/VIS/568.png,3751977,2026-08-22 04:54:24.588000,train
data_train/data_train/VIS/569.png,4161145,2026-08-22 04:54:24.631000,train
data_train/data_train/VIS/570.png,3939607,2026-08-22 04:54:24.713000,train
data_train/data_train/VIS/571.png,4144737,2026-08-22 04:54:24.754000,train
data_train/data_train/VIS/572.png,4055688,2026-08-22 04:54:24.801000,train
data_train/data_train/VIS/575.png,4079095,2026-08-22 04:54:24.831000,train
data_train/data_train/VIS/578.png,3366333,2026-08-22 04:54:24.884000,train
data_train/data_train/VIS/579.png,3517630,2026-08-22 04:54:24.901000,train
data_train/data_train/VIS/580.png,3974932,2026-08-22 04:54:24.933000,train
data_train/data_train/VIS/582.png,4112150,2026-08-22 04:54:25.005000,train
data_train/data_train/VIS/583.png,4103712,2026-08-22 04:54:25.026000,train
data_train/data_train/VIS/585.png,3880042,2026-08-22 04:54:25.044000,train
data_train/data_train/VIS/586.png,3896097,2026-08-22 04:54:25.094000,train
data_train/data_train/VIS/587.png,3785690,2026-08-22 04:54:25.119000,train
data_train/data_train/VIS/588.png,3903937,2026-08-22 04:54:25.177000,train
data_train/data_train/VIS/589.png,3510434,2026-08-22 04:54:25.195000,train
data_train/data_train/VIS/59.png,3822407,2026-08-22 04:54:25.242000,train
data_train/data_train/VIS/590.png,3934552,2026-08-22 04:54:25.294000,train
data_train/data_train/VIS/592.png,4104161,2026-08-22 04:54:25.303000,train
data_train/data_train/VIS/593.png,3902877,2026-08-22 04:54:25.353000,train
data_train/data_train/VIS/596.png,4047465,2026-08-22 04:54:25.400000,train
data_train/data_train/VIS/598.png,3959531,2026-08-22 04:54:25.395000,train
data_train/data_train/VIS/599.png,3700871,2026-08-22 04:54:25.442000,train
data_train/data_train/VIS/6.png,4103712,2026-08-22 04:54:25.486000,train
data_train/data_train/VIS/600.png,4096021,2026-08-22 04:54:25.537000,train
data_train/data_train/VIS/601.png,3967199,2026-08-22 04:54:25.538000,train
data_train/data_train/VIS/604.png,3872356,2026-08-22 04:54:25.603000,train
data_train/data_train/VIS/606.png,3895721,2026-08-22 04:54:25.634000,train
data_train/data_train/VIS/607.png,3599983,2026-08-22 04:54:25.686000,train
data_train/data_train/VIS/609.png,3864440,2026-08-22 04:54:25.776000,train
data_train/data_train/VIS/610.png,4062682,2026-08-22 04:54:25.760000,train
data_train/data_train/VIS/614.png,3848592,2026-08-22 04:54:25.802000,train
data_train/data_train/VIS/617.png,3677995,2026-08-22 04:54:25.823000,train
data_train/data_train/VIS/618.png,4120441,2026-08-22 04:54:25.850000,train
data_train/data_train/VIS/623.png,3887525,2026-08-22 04:54:25.925000,train
data_train/data_train/VIS/624.png,3533363,2026-08-22 04:54:25.919000,train
data_train/data_train/VIS/625.png,3778368,2026-08-22 04:54:25.947000,train
data_train/data_train/VIS/627.png,4144737,2026-08-22 04:54:26.006000,train
data_train/data_train/VIS/628.png,4062682,2026-08-22 04:54:26.046000,train
data_train/data_train/VIS/629.png,4096113,2026-08-22 04:54:26.040000,train
data_train/data_train/VIS/63.png,4039590,2026-08-22 04:54:26.095000,train
data_train/data_train/VIS/631.png,3864393,2026-08-22 04:54:26.134000,train
data_train/data_train/VIS/632.png,3801828,2026-08-22 04:54:26.160000,train
data_train/data_train/VIS/635.png,3943362,2026-08-22 04:54:26.181000,train
data_train/data_train/VIS/638.png,4071776,2026-08-22 04:54:26.225000,train
data_train/data_train/VIS/640.png,3716452,2026-08-22 04:54:26.259000,train
data_train/data_train/VIS/641.png,4055556,2026-08-22 04:54:26.318000,train
data_train/data_train/VIS/643.png,3856210,2026-08-22 04:54:26.342000,train
data_train/data_train/VIS/644.png,3856680,2026-08-22 04:54:26.371000,train
data_train/data_train/VIS/645.png,4071311,2026-08-22 04:54:26.436000,train
data_train/data_train/VIS/646.png,3685655,2026-08-22 04:54:26.434000,train
data_train/data_train/VIS/647.png,3935586,2026-08-22 04:54:26.543000,train
data_train/data_train/VIS/648.png,3999020,2026-08-22 04:54:26.607000,train
data_train/data_train/VIS/649.png,4047510,2026-08-22 04:54:26.584000,train
data_train/data_train/VIS/65.png,3980632,2026-08-22 04:54:26.618000,train
data_train/data_train/VIS/650.png,3967239,2026-08-22 04:54:26.643000,train
data_train/data_train/VIS/654.png,3639360,2026-08-22 04:54:26.669000,train
data_train/data_train/VIS/655.png,3761729,2026-08-22 04:54:26.712000,train
data_train/data_train/VIS/657.png,3723918,2026-08-22 04:54:26.732000,train
data_train/data_train/VIS/658.png,4006481,2026-08-22 04:54:26.787000,train
data_train/data_train/VIS/659.png,3999160,2026-08-22 04:54:26.958000,train
data_train/data_train/VIS/660.png,3919382,2026-08-22 04:54:26.863000,train
data_train/data_train/VIS/662.png,4071776,2026-08-22 04:54:26.895000,train
data_train/data_train/VIS/663.png,3911826,2026-08-22 04:54:26.914000,train
data_train/data_train/VIS/664.png,3653864,2026-08-22 04:54:26.946000,train
data_train/data_train/VIS/669.png,3872201,2026-08-22 04:54:27.135000,train
data_train/data_train/VIS/67.png,3706924,2026-08-22 04:54:26.991000,train
data_train/data_train/VIS/670.png,3855786,2026-08-22 04:54:27.083000,train
data_train/data_train/VIS/671.png,3654488,2026-08-22 04:54:27.094000,train
data_train/data_train/VIS/672.png,3762807,2026-08-22 04:54:27.103000,train
data_train/data_train/VIS/674.png,4112150,2026-08-22 04:54:27.156000,train
data_train/data_train/VIS/675.png,3848578,2026-08-22 04:54:27.182000,train
data_train/data_train/VIS/678.png,3998970,2026-08-22 04:54:27.208000,train
data_train/data_train/VIS/68.png,4071335,2026-08-22 04:54:27.251000,train
data_train/data_train/VIS/681.png,3886789,2026-08-22 04:54:27.372000,train
data_train/data_train/VIS/684.png,3809561,2026-08-22 04:54:27.353000,train
data_train/data_train/VIS/685.png,3991364,2026-08-22 04:54:27.355000,train
data_train/data_train/VIS/686.png,3294734,2026-08-22 04:54:27.395000,train
data_train/data_train/VIS/687.png,3926476,2026-08-22 04:54:27.408000,train
data_train/data_train/VIS/688.png,3847776,2026-08-22 04:54:27.451000,train
data_train/data_train/VIS/69.png,3888181,2026-08-22 04:54:27.484000,train
data_train/data_train/VIS/691.png,4062682,2026-08-22 04:54:27.539000,train
data_train/data_train/VIS/693.png,3777805,2026-08-22 04:54:27.580000,train
data_train/data_train/VIS/694.png,3701050,2026-08-22 04:54:27.615000,train
data_train/data_train/VIS/695.png,3669621,2026-08-22 04:54:27.625000,train
data_train/data_train/VIS/696.png,4007484,2026-08-22 04:54:27.666000,train
data_train/data_train/VIS/699.png,3935181,2026-08-22 04:54:27.789000,train
data_train/data_train/VIS/7.png,4144737,2026-08-22 04:54:27.776000,train
data_train/data_train/VIS/70.png,3724152,2026-08-22 04:54:27.791000,train
data_train/data_train/VIS/701.png,4136533,2026-08-22 04:54:27.844000,train
data_train/data_train/VIS/702.png,3786248,2026-08-22 04:54:27.924000,train
data_train/data_train/VIS/703.png,3926476,2026-08-22 04:54:27.881000,train
data_train/data_train/VIS/704.png,3685379,2026-08-22 04:54:27.936000,train
data_train/data_train/VIS/705.png,4202180,2026-08-22 04:54:27.986000,train
data_train/data_train/VIS/707.png,3801687,2026-08-22 04:54:28.012000,train
data_train/data_train/VIS/708.png,3888146,2026-08-22 04:54:28.047000,train
data_train/data_train/VIS/71.png,3862627,2026-08-22 04:54:28.106000,train
data_train/data_train/VIS/711.png,3872236,2026-08-22 04:54:28.096000,train
data_train/data_train/VIS/712.png,3950199,2026-08-22 04:54:28.175000,train
data_train/data_train/VIS/713.png,4071601,2026-08-22 04:54:28.185000,train
data_train/data_train/VIS/714.png,3975431,2026-08-22 04:54:28.222000,train
data_train/data_train/VIS/715.png,4039357,2026-08-22 04:54:28.299000,train
data_train/data_train/VIS/72.png,3957577,2026-08-22 04:54:28.283000,train
data_train/data_train/VIS/721.png,4095503,2026-08-22 04:54:28.396000,train
data_train/data_train/VIS/725.png,3903813,2026-08-22 04:54:28.383000,train
data_train/data_train/VIS/726.png,3855528,2026-08-22 04:54:28.450000,train
data_train/data_train/VIS/727.png,3927726,2026-08-22 04:54:28.444000,train
data_train/data_train/VIS/728.png,3554239,2026-08-22 04:54:28.494000,train
data_train/data_train/VIS/729.png,4144737,2026-08-22 04:54:28.511000,train
data_train/data_train/VIS/730.png,3975248,2026-08-22 04:54:28.608000,train
data_train/data_train/VIS/732.png,4047644,2026-08-22 04:54:28.592000,train
data_train/data_train/VIS/733.png,3903323,2026-08-22 04:54:28.637000,train
data_train/data_train/VIS/734.png,4128586,2026-08-22 04:54:28.670000,train
data_train/data_train/VIS/736.png,3806738,2026-08-22 04:54:28.757000,train
data_train/data_train/VIS/738.png,3991364,2026-08-22 04:54:28.731000,train
data_train/data_train/VIS/74.png,3999420,2026-08-22 04:54:28.782000,train
data_train/data_train/VIS/740.png,3746740,2026-08-22 04:54:28.803000,train
data_train/data_train/VIS/741.png,3886759,2026-08-22 04:54:28.861000,train
data_train/data_train/VIS/743.png,3801709,2026-08-22 04:54:28.904000,train
data_train/data_train/VIS/747.png,3927634,2026-08-22 04:54:28.933000,train
data_train/data_train/VIS/749.png,4112229,2026-08-22 04:54:28.959000,train
data_train/data_train/VIS/75.png,3848788,2026-08-22 04:54:29.020000,train
data_train/data_train/VIS/750.png,3864440,2026-08-22 04:54:29.040000,train
data_train/data_train/VIS/751.png,3698508,2026-08-22 04:54:29.056000,train
data_train/data_train/VIS/752.png,3975423,2026-08-22 04:54:29.209000,train
data_train/data_train/VIS/754.png,3903521,2026-08-22 04:54:29.147000,train
data_train/data_train/VIS/755.png,3847179,2026-08-22 04:54:29.198000,train
data_train/data_train/VIS/757.png,4023557,2026-08-22 04:54:29.209000,train
data_train/data_train/VIS/758.png,3639613,2026-08-22 04:54:29.268000,train
data_train/data_train/VIS/76.png,4096163,2026-08-22 04:54:29.333000,train
data_train/data_train/VIS/760.png,3919347,2026-08-22 04:54:29.340000,train
data_train/data_train/VIS/762.png,4047616,2026-08-22 04:54:29.390000,train
data_train/data_train/VIS/763.png,4202180,2026-08-22 04:54:29.418000,train
data_train/data_train/VIS/765.png,3999512,2026-08-22 04:54:29.460000,train
data_train/data_train/VIS/766.png,3999267,2026-08-22 04:54:29.497000,train
data_train/data_train/VIS/767.png,4015163,2026-08-22 04:54:29.534000,train
data_train/data_train/VIS/769.png,4103712,2026-08-22 04:54:29.634000,train
data_train/data_train/VIS/77.png,3999380,2026-08-22 04:54:29.602000,train
data_train/data_train/VIS/771.png,3898577,2026-08-22 04:54:29.642000,train
data_train/data_train/VIS/772.png,4079897,2026-08-22 04:54:29.681000,train
data_train/data_train/VIS/774.png,3927726,2026-08-22 04:54:29.712000,train
data_train/data_train/VIS/775.png,4039600,2026-08-22 04:54:29.767000,train
data_train/data_train/VIS/777.png,3917280,2026-08-22 04:54:29.794000,train
data_train/data_train/VIS/778.png,3935473,2026-08-22 04:54:29.824000,train
data_train/data_train/VIS/779.png,4038030,2026-08-22 04:54:29.866000,train
data_train/data_train/VIS/78.png,3975431,2026-08-22 04:54:29.911000,train
data_train/data_train/VIS/781.png,3887711,2026-08-22 04:54:29.949000,train
data_train/data_train/VIS/784.png,4023141,2026-08-22 04:54:29.968000,train
data_train/data_train/VIS/785.png,4103712,2026-08-22 04:54:30.031000,train
data_train/data_train/VIS/786.png,3903937,2026-08-22 04:54:30.062000,train
data_train/data_train/VIS/787.png,3660307,2026-08-22 04:54:30.097000,train
data_train/data_train/VIS/79.png,3785979,2026-08-22 04:54:30.140000,train
data_train/data_train/VIS/791.png,3903973,2026-08-22 04:54:30.172000,train
data_train/data_train/VIS/793.png,4047544,2026-08-22 04:54:30.224000,train
data_train/data_train/VIS/794.png,3863728,2026-08-22 04:54:30.239000,train
data_train/data_train/VIS/796.png,3911370,2026-08-22 04:54:30.281000,train
data_train/data_train/VIS/797.png,3880265,2026-08-22 04:54:30.309000,train
data_train/data_train/VIS/798.png,3919705,2026-08-22 04:54:30.381000,train
data_train/data_train/VIS/8.png,3980632,2026-08-22 04:54:30.428000,train
data_train/data_train/VIS/801.png,3931846,2026-08-22 04:54:30.435000,train
data_train/data_train/VIS/802.png,4054478,2026-08-22 04:54:30.511000,train
data_train/data_train/VIS/804.png,4103712,2026-08-22 04:54:30.559000,train
data_train/data_train/VIS/807.png,3826001,2026-08-22 04:54:30.578000,train
data_train/data_train/VIS/809.png,3693303,2026-08-22 04:54:30.646000,train
data_train/data_train/VIS/81.png,4063773,2026-08-22 04:54:30.708000,train
data_train/data_train/VIS/811.png,4103712,2026-08-22 04:54:30.763000,train
data_train/data_train/VIS/812.png,3974898,2026-08-22 04:54:30.807000,train
data_train/data_train/VIS/813.png,4039357,2026-08-22 04:54:30.827000,train
data_train/data_train/VIS/815.png,3966091,2026-08-22 04:54:30.901000,train
data_train/data_train/VIS/820.png,3910891,2026-08-22 04:54:30.940000,train
data_train/data_train/VIS/821.png,4144737,2026-08-22 04:54:30.966000,train
data_train/data_train/VIS/823.png,3958307,2026-08-22 04:54:31.086000,train
data_train/data_train/VIS/824.png,3753581,2026-08-22 04:54:31.164000,train
data_train/data_train/VIS/825.png,3824599,2026-08-22 04:54:31.198000,train
data_train/data_train/VIS/826.png,3720044,2026-08-22 04:54:31.219000,train
data_train/data_train/VIS/827.png,4144737,2026-08-22 04:54:31.276000,train
data_train/data_train/VIS/828.png,3793852,2026-08-22 04:54:31.346000,train
data_train/data_train/VIS/83.png,4022202,2026-08-22 04:54:31.339000,train
data_train/data_train/VIS/831.png,3720044,2026-08-22 04:54:31.394000,train
data_train/data_train/VIS/832.png,3951116,2026-08-22 04:54:31.407000,train
data_train/data_train/VIS/833.png,4152941,2026-08-22 04:54:31.500000,train
data_train/data_train/VIS/834.png,3990196,2026-08-22 04:54:31.518000,train
data_train/data_train/VIS/835.png,3699283,2026-08-22 04:54:31.602000,train
data_train/data_train/VIS/836.png,3607799,2026-08-22 04:54:31.614000,train
data_train/data_train/VIS/837.png,3974496,2026-08-22 04:54:31.608000,train
data_train/data_train/VIS/838.png,4079947,2026-08-22 04:54:31.675000,train
data_train/data_train/VIS/84.png,3887525,2026-08-22 04:54:31.690000,train
data_train/data_train/VIS/841.png,3794036,2026-08-22 04:54:31.729000,train
data_train/data_train/VIS/842.png,3935028,2026-08-22 04:54:31.796000,train
data_train/data_train/VIS/844.png,3927359,2026-08-22 04:54:31.789000,train
data_train/data_train/VIS/845.png,3872124,2026-08-22 04:54:31.876000,train
data_train/data_train/VIS/848.png,3951241,2026-08-22 04:54:31.871000,train
data_train/data_train/VIS/85.png,3911834,2026-08-22 04:54:31.901000,train
data_train/data_train/VIS/850.png,4062851,2026-08-22 04:54:31.939000,train
data_train/data_train/VIS/851.png,3934806,2026-08-22 04:54:31.983000,train
data_train/data_train/VIS/856.png,3817503,2026-08-22 04:54:32.036000,train
data_train/data_train/VIS/86.png,3967351,2026-08-22 04:54:32.059000,train
data_train/data_train/VIS/860.png,3864440,2026-08-22 04:54:32.091000,train
data_train/data_train/VIS/861.png,3475872,2026-08-22 04:54:32.170000,train
data_train/data_train/VIS/862.png,4128545,2026-08-22 04:54:32.148000,train
data_train/data_train/VIS/870.png,3943571,2026-08-22 04:54:32.191000,train
data_train/data_train/VIS/872.png,3999160,2026-08-22 04:54:32.232000,train
data_train/data_train/VIS/876.png,3769878,2026-08-22 04:54:32.277000,train
data_train/data_train/VIS/877.png,3999420,2026-08-22 04:54:32.337000,train
data_train/data_train/VIS/879.png,4144737,2026-08-22 04:54:32.344000,train
data_train/data_train/VIS/880.png,3999431,2026-08-22 04:54:32.385000,train
data_train/data_train/VIS/882.png,4023433,2026-08-22 04:54:32.415000,train
data_train/data_train/VIS/883.png,4103712,2026-08-22 04:54:32.469000,train
data_train/data_train/VIS/884.png,3975476,2026-08-22 04:54:32.501000,train
data_train/data_train/VIS/885.png,4047465,2026-08-22 04:54:32.576000,train
data_train/data_train/VIS/886.png,3903977,2026-08-22 04:54:32.557000,train
data_train/data_train/VIS/887.png,3856524,2026-08-22 04:54:32.604000,train
data_train/data_train/VIS/888.png,3540507,2026-08-22 04:54:32.638000,train
data_train/data_train/VIS/89.png,3767941,2026-08-22 04:54:32.665000,train
data_train/data_train/VIS/891.png,3943407,2026-08-22 04:54:32.734000,train
data_train/data_train/VIS/892.png,3792646,2026-08-22 04:54:32.768000,train
data_train/data_train/VIS/894.png,3872094,2026-08-22 04:54:32.770000,train
data_train/data_train/VIS/897.png,3833117,2026-08-22 04:54:32.846000,train
data_train/data_train/VIS/898.png,3855528,2026-08-22 04:54:32.857000,train
data_train/data_train/VIS/9.png,3680238,2026-08-22 04:54:32.887000,train
data_train/data_train/VIS/90.png,4095503,2026-08-22 04:54:32.909000,train
data_train/data_train/VIS/900.png,3418647,2026-08-22 04:54:32.962000,train
data_train/data_train/VIS/904.png,3785245,2026-08-22 04:54:33.013000,train
data_train/data_train/VIS/905.png,3999020,2026-08-22 04:54:33.058000,train
data_train/data_train/VIS/907.png,3935181,2026-08-22 04:54:33.068000,train
data_train/data_train/VIS/908.png,3684749,2026-08-22 04:54:33.119000,train
data_train/data_train/VIS/909.png,3879692,2026-08-22 04:54:33.176000,train
data_train/data_train/VIS/910.png,3864440,2026-08-22 04:54:33.233000,train
data_train/data_train/VIS/912.png,3888069,2026-08-22 04:54:33.280000,train
data_train/data_train/VIS/913.png,4079925,2026-08-22 04:54:33.334000,train
data_train/data_train/VIS/915.png,4063461,2026-08-22 04:54:33.364000,train
data_train/data_train/VIS/916.png,3966415,2026-08-22 04:54:33.384000,train
data_train/data_train/VIS/92.png,3895686,2026-08-22 04:54:33.467000,train
data_train/data_train/VIS/920.png,4005909,2026-08-22 04:54:33.454000,train
data_train/data_train/VIS/923.png,3880217,2026-08-22 04:54:33.496000,train
data_train/data_train/VIS/924.png,4030689,2026-08-22 04:54:33.531000,train
data_train/data_train/VIS/925.png,4104221,2026-08-22 04:54:33.573000,train
data_train/data_train/VIS/927.png,3943603,2026-08-22 04:54:33.576000,train
data_train/data_train/VIS/928.png,4103712,2026-08-22 04:54:33.634000,train
data_train/data_train/VIS/93.png,4046526,2026-08-22 04:54:33.683000,train
data_train/data_train/VIS/930.png,3597888,2026-08-22 04:54:33.676000,train
data_train/data_train/VIS/932.png,4144737,2026-08-22 04:54:33.722000,train
data_train/data_train/VIS/933.png,4071335,2026-08-22 04:54:33.782000,train
data_train/data_train/VIS/934.png,3864529,2026-08-22 04:54:33.780000,train
data_train/data_train/VIS/935.png,3475465,2026-08-22 04:54:33.836000,train
data_train/data_train/VIS/936.png,4103712,2026-08-22 04:54:33.879000,train
data_train/data_train/VIS/937.png,3959130,2026-08-22 04:54:33.900000,train
data_train/data_train/VIS/939.png,4103712,2026-08-22 04:54:33.942000,train
data_train/data_train/VIS/941.png,3983366,2026-08-22 04:54:33.982000,train
data_train/data_train/VIS/944.png,4031520,2026-08-22 04:54:33.994000,train
data_train/data_train/VIS/945.png,4087299,2026-08-22 04:54:34.036000,train
data_train/data_train/VIS/946.png,3797270,2026-08-22 04:54:34.049000,train
data_train/data_train/VIS/947.png,3809561,2026-08-22 04:54:34.116000,train
data_train/data_train/VIS/949.png,3943067,2026-08-22 04:54:34.119000,train
data_train/data_train/VIS/950.png,4047181,2026-08-22 04:54:34.167000,train
data_train/data_train/VIS/953.png,3848788,2026-08-22 04:54:34.240000,train
data_train/data_train/VIS/954.png,3864440,2026-08-22 04:54:34.258000,train
data_train/data_train/VIS/955.png,3816470,2026-08-22 04:54:34.283000,train
data_train/data_train/VIS/957.png,3926979,2026-08-22 04:54:34.311000,train
data_train/data_train/VIS/959.png,3864440,2026-08-22 04:54:34.358000,train
data_train/data_train/VIS/96.png,4054478,2026-08-22 04:54:34.433000,train
data_train/data_train/VIS/961.png,4079875,2026-08-22 04:54:34.450000,train
data_train/data_train/VIS/962.png,3999160,2026-08-22 04:54:34.499000,train
data_train/data_train/VIS/963.png,4071849,2026-08-22 04:54:34.559000,train
data_train/data_train/VIS/964.png,4193966,2026-08-22 04:54:34.596000,train
data_train/data_train/VIS/966.png,3708395,2026-08-22 04:54:34.630000,train
data_train/data_train/VIS/969.png,3762807,2026-08-22 04:54:34.678000,train
data_train/data_train/VIS/97.png,3903353,2026-08-22 04:54:34.669000,train
data_train/data_train/VIS/970.png,4015541,2026-08-22 04:54:34.748000,train
data_train/data_train/VIS/971.png,3585682,2026-08-22 04:54:34.764000,train
data_train/data_train/VIS/972.png,3880077,2026-08-22 04:54:34.763000,train
data_train/data_train/VIS/973.png,3736098,2026-08-22 04:54:34.858000,train
data_train/data_train/VIS/974.png,3518348,2026-08-22 04:54:34.844000,train
data_train/data_train/VIS/975.png,4054478,2026-08-22 04:54:34.889000,train
data_train/data_train/VIS/979.png,3847818,2026-08-22 04:54:34.929000,train
data_train/data_train/VIS/98.png,3769921,2026-08-22 04:54:34.986000,train
data_train/data_train/VIS/981.png,3164816,2026-08-22 04:54:34.967000,train
data_train/data_train/VIS/982.png,3888181,2026-08-22 04:54:35.021000,train
data_train/data_train/VIS/984.png,4136781,2026-08-22 04:54:35.081000,train
data_train/data_train/VIS/985.png,4031464,2026-08-22 04:54:35.103000,train
data_train/data_train/VIS/988.png,4015491,2026-08-22 04:54:35.140000,train
data_train/data_train/VIS/989.png,4087881,2026-08-22 04:54:35.179000,train
data_train/data_train/VIS/99.png,3768782,2026-08-22 04:54:35.256000,train
data_train/data_train/VIS/990.png,4079897,2026-08-22 04:54:35.258000,train
data_train/data_train/VIS/993.png,3942628,2026-08-22 04:54:35.285000,train
data_train/data_train/VIS/998.png,4023111,2026-08-22 04:54:35.306000,train
data_train/data_train/VIS/999.png,3848816,2026-08-22 04:54:35.346000,train
pseudo_rgb_demo.py,1088,2026-08-22 04:51:48.835000,metadata
sample_submission.csv,133,2026-08-22 04:52:37.456000,metadata
